2025-03-05 22:03:11,642 | INFO : train_ds length: 40, valid_ds length: 40
2025-03-05 22:03:11,654 | INFO : {'output_dims': 320, 'feat_dim': 6, 'max_len': 100, 'device': 'cpu'}
2025-03-05 22:03:11,655 | INFO : CSL(
  (shapelets_euclidean): ShapeletsDistBlocks(
    (blocks): ModuleList(
      (0-7): 8 x MinEuclideanDistBlock()
    )
  )
  (shapelets_cosine): ShapeletsDistBlocks(
    (blocks): ModuleList(
      (0-7): 8 x MaxCosineSimilarityBlock(
        (relu): ReLU()
      )
    )
  )
  (shapelets_cross_correlation): ShapeletsDistBlocks(
    (blocks): ModuleList(
      (0): MaxCrossCorrelationBlock(
        (shapelets): Conv1d(6, 14, kernel_size=(10,), stride=(1,))
      )
      (1): MaxCrossCorrelationBlock(
        (shapelets): Conv1d(6, 14, kernel_size=(20,), stride=(1,))
      )
      (2): MaxCrossCorrelationBlock(
        (shapelets): Conv1d(6, 14, kernel_size=(30,), stride=(1,))
      )
      (3): MaxCrossCorrelationBlock(
        (shapelets): Conv1d(6, 14, kernel_size=(40,), stride=(1,))
      )
      (4): MaxCrossCorrelationBlock(
        (shapelets): Conv1d(6, 14, kernel_size=(50,), stride=(1,))
      )
      (5): MaxCrossCorrelationBlock(
        (shapelets): Conv1d(6, 14, kernel_size=(60,), stride=(1,))
      )
      (6): MaxCrossCorrelationBlock(
        (shapelets): Conv1d(6, 14, kernel_size=(70,), stride=(1,))
      )
      (7): MaxCrossCorrelationBlock(
        (shapelets): Conv1d(6, 14, kernel_size=(80,), stride=(1,))
      )
    )
  )
  (linear): Linear(in_features=320, out_features=2, bias=True)
  (projection): Sequential(
    (0): BatchNorm1d(320, eps=1e-05, momentum=0.1, affine=True, track_running_stats=True)
  )
  (bn1): BatchNorm1d(104, eps=1e-05, momentum=0.1, affine=True, track_running_stats=True)
  (bn2): BatchNorm1d(104, eps=1e-05, momentum=0.1, affine=True, track_running_stats=True)
  (bn3): BatchNorm1d(112, eps=1e-05, momentum=0.1, affine=True, track_running_stats=True)
  (projection2): Sequential(
    (0): Linear(in_features=320, out_features=256, bias=True)
    (1): ReLU()
    (2): Linear(in_features=256, out_features=128, bias=True)
  )
)
2025-03-05 22:03:14,129 | INFO : Evaluating on validation set ...
2025-03-05 22:03:14,971 | INFO : Validation runtime: 0.0 hours, 0.0 minutes, 0.8383183479309082 seconds

2025-03-05 22:03:14,972 | INFO : Avg val. time: 0.0 hours, 0.0 minutes, 0.8383183479309082 seconds
2025-03-05 22:03:14,974 | INFO : Avg batch val. time: 0.020957958698272706 seconds
2025-03-05 22:03:14,975 | INFO : Avg sample val. time: 0.020957958698272706 seconds
2025-03-05 22:03:14,976 | INFO : Epoch 0 Validation Summary: epoch: 0.000000 | loss: 0.000000 | accuracy: 0.950000 | 
2025-03-05 22:03:17,479 | INFO : Evaluating on validation set ...
2025-03-05 22:03:18,309 | INFO : Validation runtime: 0.0 hours, 0.0 minutes, 0.8275361061096191 seconds

2025-03-05 22:03:18,311 | INFO : Avg val. time: 0.0 hours, 0.0 minutes, 0.8329272270202637 seconds
2025-03-05 22:03:18,311 | INFO : Avg batch val. time: 0.020823180675506592 seconds
2025-03-05 22:03:18,313 | INFO : Avg sample val. time: 0.020823180675506592 seconds
2025-03-05 22:03:18,314 | INFO : Epoch 1 Validation Summary: epoch: 1.000000 | loss: 0.000000 | accuracy: 0.950000 | 
2025-03-05 22:03:20,775 | INFO : Evaluating on validation set ...
2025-03-05 22:03:21,601 | INFO : Validation runtime: 0.0 hours, 0.0 minutes, 0.8227574825286865 seconds

2025-03-05 22:03:21,602 | INFO : Avg val. time: 0.0 hours, 0.0 minutes, 0.8295373121897379 seconds
2025-03-05 22:03:21,603 | INFO : Avg batch val. time: 0.020738432804743447 seconds
2025-03-05 22:03:21,604 | INFO : Avg sample val. time: 0.020738432804743447 seconds
2025-03-05 22:03:21,606 | INFO : Epoch 2 Validation Summary: epoch: 2.000000 | loss: 0.000000 | accuracy: 0.950000 | 
2025-03-05 22:03:24,071 | INFO : Evaluating on validation set ...
2025-03-05 22:03:24,901 | INFO : Validation runtime: 0.0 hours, 0.0 minutes, 0.8275692462921143 seconds

2025-03-05 22:03:24,903 | INFO : Avg val. time: 0.0 hours, 0.0 minutes, 0.829045295715332 seconds
2025-03-05 22:03:24,904 | INFO : Avg batch val. time: 0.0207261323928833 seconds
2025-03-05 22:03:24,905 | INFO : Avg sample val. time: 0.0207261323928833 seconds
2025-03-05 22:03:24,907 | INFO : Epoch 3 Validation Summary: epoch: 3.000000 | loss: 0.000000 | accuracy: 0.975000 | 
2025-03-05 22:03:27,368 | INFO : Evaluating on validation set ...
2025-03-05 22:03:28,206 | INFO : Validation runtime: 0.0 hours, 0.0 minutes, 0.834784746170044 seconds

2025-03-05 22:03:28,207 | INFO : Avg val. time: 0.0 hours, 0.0 minutes, 0.8301931858062744 seconds
2025-03-05 22:03:28,208 | INFO : Avg batch val. time: 0.02075482964515686 seconds
2025-03-05 22:03:28,210 | INFO : Avg sample val. time: 0.02075482964515686 seconds
2025-03-05 22:03:28,211 | INFO : Epoch 4 Validation Summary: epoch: 4.000000 | loss: 0.000000 | accuracy: 0.975000 | 
2025-03-05 22:03:30,687 | INFO : Evaluating on validation set ...
2025-03-05 22:03:31,518 | INFO : Validation runtime: 0.0 hours, 0.0 minutes, 0.8281049728393555 seconds

2025-03-05 22:03:31,520 | INFO : Avg val. time: 0.0 hours, 0.0 minutes, 0.829845150311788 seconds
2025-03-05 22:03:31,521 | INFO : Avg batch val. time: 0.020746128757794698 seconds
2025-03-05 22:03:31,522 | INFO : Avg sample val. time: 0.020746128757794698 seconds
2025-03-05 22:03:31,523 | INFO : Epoch 5 Validation Summary: epoch: 5.000000 | loss: 0.000000 | accuracy: 0.975000 | 
2025-03-05 22:03:34,410 | INFO : Evaluating on validation set ...
2025-03-05 22:03:35,255 | INFO : Validation runtime: 0.0 hours, 0.0 minutes, 0.8430309295654297 seconds

2025-03-05 22:03:35,257 | INFO : Avg val. time: 0.0 hours, 0.0 minutes, 0.8317288330623082 seconds
2025-03-05 22:03:35,259 | INFO : Avg batch val. time: 0.020793220826557705 seconds
2025-03-05 22:03:35,260 | INFO : Avg sample val. time: 0.020793220826557705 seconds
2025-03-05 22:03:35,261 | INFO : Epoch 6 Validation Summary: epoch: 6.000000 | loss: 0.000000 | accuracy: 0.975000 | 
2025-03-05 22:03:37,765 | INFO : Evaluating on validation set ...
2025-03-05 22:03:38,613 | INFO : Validation runtime: 0.0 hours, 0.0 minutes, 0.8450322151184082 seconds

2025-03-05 22:03:38,614 | INFO : Avg val. time: 0.0 hours, 0.0 minutes, 0.8333917558193207 seconds
2025-03-05 22:03:38,616 | INFO : Avg batch val. time: 0.02083479389548302 seconds
2025-03-05 22:03:38,617 | INFO : Avg sample val. time: 0.02083479389548302 seconds
2025-03-05 22:03:38,618 | INFO : Epoch 7 Validation Summary: epoch: 7.000000 | loss: 0.000000 | accuracy: 0.975000 | 
2025-03-05 22:03:41,112 | INFO : Evaluating on validation set ...
2025-03-05 22:03:41,950 | INFO : Validation runtime: 0.0 hours, 0.0 minutes, 0.8353521823883057 seconds

2025-03-05 22:03:41,951 | INFO : Avg val. time: 0.0 hours, 0.0 minutes, 0.8336095809936523 seconds
2025-03-05 22:03:41,952 | INFO : Avg batch val. time: 0.02084023952484131 seconds
2025-03-05 22:03:41,954 | INFO : Avg sample val. time: 0.02084023952484131 seconds
2025-03-05 22:03:41,955 | INFO : Epoch 8 Validation Summary: epoch: 8.000000 | loss: 0.000000 | accuracy: 0.975000 | 
2025-03-05 22:03:44,420 | INFO : Evaluating on validation set ...
2025-03-05 22:03:45,255 | INFO : Validation runtime: 0.0 hours, 0.0 minutes, 0.8328466415405273 seconds

2025-03-05 22:03:45,257 | INFO : Avg val. time: 0.0 hours, 0.0 minutes, 0.8335332870483398 seconds
2025-03-05 22:03:45,258 | INFO : Avg batch val. time: 0.020838332176208497 seconds
2025-03-05 22:03:45,259 | INFO : Avg sample val. time: 0.020838332176208497 seconds
2025-03-05 22:03:45,260 | INFO : Epoch 9 Validation Summary: epoch: 9.000000 | loss: 0.000000 | accuracy: 0.975000 | 
2025-03-05 22:28:25,489 | INFO : train_ds length: 40, valid_ds length: 40
2025-03-05 22:28:25,503 | INFO : {'output_dims': 320, 'evaluator': 'ridge', 'feat_dim': 6, 'max_len': 100, 'device': 'cpu'}
2025-03-05 22:28:25,505 | INFO : CSL(
  (shapelets_euclidean): ShapeletsDistBlocks(
    (blocks): ModuleList(
      (0-7): 8 x MinEuclideanDistBlock()
    )
  )
  (shapelets_cosine): ShapeletsDistBlocks(
    (blocks): ModuleList(
      (0-7): 8 x MaxCosineSimilarityBlock(
        (relu): ReLU()
      )
    )
  )
  (shapelets_cross_correlation): ShapeletsDistBlocks(
    (blocks): ModuleList(
      (0): MaxCrossCorrelationBlock(
        (shapelets): Conv1d(6, 14, kernel_size=(10,), stride=(1,))
      )
      (1): MaxCrossCorrelationBlock(
        (shapelets): Conv1d(6, 14, kernel_size=(20,), stride=(1,))
      )
      (2): MaxCrossCorrelationBlock(
        (shapelets): Conv1d(6, 14, kernel_size=(30,), stride=(1,))
      )
      (3): MaxCrossCorrelationBlock(
        (shapelets): Conv1d(6, 14, kernel_size=(40,), stride=(1,))
      )
      (4): MaxCrossCorrelationBlock(
        (shapelets): Conv1d(6, 14, kernel_size=(50,), stride=(1,))
      )
      (5): MaxCrossCorrelationBlock(
        (shapelets): Conv1d(6, 14, kernel_size=(60,), stride=(1,))
      )
      (6): MaxCrossCorrelationBlock(
        (shapelets): Conv1d(6, 14, kernel_size=(70,), stride=(1,))
      )
      (7): MaxCrossCorrelationBlock(
        (shapelets): Conv1d(6, 14, kernel_size=(80,), stride=(1,))
      )
    )
  )
  (linear): Linear(in_features=320, out_features=2, bias=True)
  (projection): Sequential(
    (0): BatchNorm1d(320, eps=1e-05, momentum=0.1, affine=True, track_running_stats=True)
  )
  (bn1): BatchNorm1d(104, eps=1e-05, momentum=0.1, affine=True, track_running_stats=True)
  (bn2): BatchNorm1d(104, eps=1e-05, momentum=0.1, affine=True, track_running_stats=True)
  (bn3): BatchNorm1d(112, eps=1e-05, momentum=0.1, affine=True, track_running_stats=True)
  (projection2): Sequential(
    (0): Linear(in_features=320, out_features=256, bias=True)
    (1): ReLU()
    (2): Linear(in_features=256, out_features=128, bias=True)
  )
)
2025-03-05 22:28:28,027 | INFO : Evaluating on validation set ...
2025-03-05 22:28:29,276 | INFO : Validation runtime: 0.0 hours, 0.0 minutes, 1.2462639808654785 seconds

2025-03-05 22:28:29,278 | INFO : Avg val. time: 0.0 hours, 0.0 minutes, 1.2462639808654785 seconds
2025-03-05 22:28:29,279 | INFO : Avg batch val. time: 0.031156599521636963 seconds
2025-03-05 22:28:29,280 | INFO : Avg sample val. time: 0.031156599521636963 seconds
2025-03-05 22:28:29,281 | INFO : Epoch 0 Validation Summary: epoch: 0.000000 | loss: 0.050409 | 
2025-03-05 22:28:31,917 | INFO : Evaluating on validation set ...
2025-03-05 22:28:33,060 | INFO : Validation runtime: 0.0 hours, 0.0 minutes, 1.1392674446105957 seconds

2025-03-05 22:28:33,063 | INFO : Avg val. time: 0.0 hours, 0.0 minutes, 1.192765712738037 seconds
2025-03-05 22:28:33,068 | INFO : Avg batch val. time: 0.02981914281845093 seconds
2025-03-05 22:28:33,069 | INFO : Avg sample val. time: 0.02981914281845093 seconds
2025-03-05 22:28:33,071 | INFO : Epoch 1 Validation Summary: epoch: 1.000000 | loss: 0.049889 | 
2025-03-05 22:28:35,693 | INFO : Evaluating on validation set ...
2025-03-05 22:28:36,889 | INFO : Validation runtime: 0.0 hours, 0.0 minutes, 1.1933951377868652 seconds

2025-03-05 22:28:36,892 | INFO : Avg val. time: 0.0 hours, 0.0 minutes, 1.1929755210876465 seconds
2025-03-05 22:28:36,893 | INFO : Avg batch val. time: 0.029824388027191163 seconds
2025-03-05 22:28:36,895 | INFO : Avg sample val. time: 0.029824388027191163 seconds
2025-03-05 22:28:36,896 | INFO : Epoch 2 Validation Summary: epoch: 2.000000 | loss: 0.050791 | 
2025-03-05 22:28:39,437 | INFO : Evaluating on validation set ...
2025-03-05 22:28:40,561 | INFO : Validation runtime: 0.0 hours, 0.0 minutes, 1.1197874546051025 seconds

2025-03-05 22:28:40,564 | INFO : Avg val. time: 0.0 hours, 0.0 minutes, 1.1746785044670105 seconds
2025-03-05 22:28:40,566 | INFO : Avg batch val. time: 0.029366962611675262 seconds
2025-03-05 22:28:40,567 | INFO : Avg sample val. time: 0.029366962611675262 seconds
2025-03-05 22:28:40,569 | INFO : Epoch 3 Validation Summary: epoch: 3.000000 | loss: 0.051656 | 
2025-03-05 22:28:43,107 | INFO : Evaluating on validation set ...
2025-03-05 22:28:44,132 | INFO : Validation runtime: 0.0 hours, 0.0 minutes, 1.0180668830871582 seconds

2025-03-05 22:28:44,133 | INFO : Avg val. time: 0.0 hours, 0.0 minutes, 1.1433561801910401 seconds
2025-03-05 22:28:44,134 | INFO : Avg batch val. time: 0.028583904504776003 seconds
2025-03-05 22:28:44,135 | INFO : Avg sample val. time: 0.028583904504776003 seconds
2025-03-05 22:28:44,136 | INFO : Epoch 4 Validation Summary: epoch: 4.000000 | loss: 0.052503 | 
2025-03-05 22:28:46,631 | INFO : Evaluating on validation set ...
2025-03-05 22:28:47,763 | INFO : Validation runtime: 0.0 hours, 0.0 minutes, 1.1292955875396729 seconds

2025-03-05 22:28:47,764 | INFO : Avg val. time: 0.0 hours, 0.0 minutes, 1.1410127480824788 seconds
2025-03-05 22:28:47,765 | INFO : Avg batch val. time: 0.02852531870206197 seconds
2025-03-05 22:28:47,766 | INFO : Avg sample val. time: 0.02852531870206197 seconds
2025-03-05 22:28:47,767 | INFO : Epoch 5 Validation Summary: epoch: 5.000000 | loss: 0.053853 | 
2025-03-05 22:28:50,239 | INFO : Evaluating on validation set ...
2025-03-05 22:28:51,358 | INFO : Validation runtime: 0.0 hours, 0.0 minutes, 1.116473913192749 seconds

2025-03-05 22:28:51,371 | INFO : Avg val. time: 0.0 hours, 0.0 minutes, 1.1375072002410889 seconds
2025-03-05 22:28:51,374 | INFO : Avg batch val. time: 0.02843768000602722 seconds
2025-03-05 22:28:51,376 | INFO : Avg sample val. time: 0.02843768000602722 seconds
2025-03-05 22:28:51,377 | INFO : Epoch 6 Validation Summary: epoch: 6.000000 | loss: 0.055814 | 
2025-03-05 22:28:53,885 | INFO : Evaluating on validation set ...
2025-03-05 22:28:54,885 | INFO : Validation runtime: 0.0 hours, 0.0 minutes, 0.9972832202911377 seconds

2025-03-05 22:28:54,897 | INFO : Avg val. time: 0.0 hours, 0.0 minutes, 1.119979202747345 seconds
2025-03-05 22:28:54,900 | INFO : Avg batch val. time: 0.027999480068683625 seconds
2025-03-05 22:28:54,903 | INFO : Avg sample val. time: 0.027999480068683625 seconds
2025-03-05 22:28:54,907 | INFO : Epoch 7 Validation Summary: epoch: 7.000000 | loss: 0.057713 | 
2025-03-05 22:28:57,453 | INFO : Evaluating on validation set ...
2025-03-05 22:28:58,598 | INFO : Validation runtime: 0.0 hours, 0.0 minutes, 1.1428625583648682 seconds

2025-03-05 22:28:58,620 | INFO : Avg val. time: 0.0 hours, 0.0 minutes, 1.1225217978159587 seconds
2025-03-05 22:28:58,622 | INFO : Avg batch val. time: 0.02806304494539897 seconds
2025-03-05 22:28:58,625 | INFO : Avg sample val. time: 0.02806304494539897 seconds
2025-03-05 22:28:58,627 | INFO : Epoch 8 Validation Summary: epoch: 8.000000 | loss: 0.058888 | 
2025-03-05 22:29:01,170 | INFO : Evaluating on validation set ...
2025-03-05 22:29:02,217 | INFO : Validation runtime: 0.0 hours, 0.0 minutes, 1.0444793701171875 seconds

2025-03-05 22:29:02,218 | INFO : Avg val. time: 0.0 hours, 0.0 minutes, 1.1147175550460815 seconds
2025-03-05 22:29:02,219 | INFO : Avg batch val. time: 0.027867938876152038 seconds
2025-03-05 22:29:02,220 | INFO : Avg sample val. time: 0.027867938876152038 seconds
2025-03-05 22:29:02,221 | INFO : Epoch 9 Validation Summary: epoch: 9.000000 | loss: 0.059416 | 
2025-03-05 22:31:33,309 | INFO : train_ds length: 40, valid_ds length: 40
2025-03-05 22:31:33,323 | INFO : {'output_dims': 320, 'evaluator': 'svm', 'feat_dim': 6, 'max_len': 100, 'device': 'cpu'}
2025-03-05 22:31:33,359 | INFO : CSL(
  (shapelets_euclidean): ShapeletsDistBlocks(
    (blocks): ModuleList(
      (0-7): 8 x MinEuclideanDistBlock()
    )
  )
  (shapelets_cosine): ShapeletsDistBlocks(
    (blocks): ModuleList(
      (0-7): 8 x MaxCosineSimilarityBlock(
        (relu): ReLU()
      )
    )
  )
  (shapelets_cross_correlation): ShapeletsDistBlocks(
    (blocks): ModuleList(
      (0): MaxCrossCorrelationBlock(
        (shapelets): Conv1d(6, 14, kernel_size=(10,), stride=(1,))
      )
      (1): MaxCrossCorrelationBlock(
        (shapelets): Conv1d(6, 14, kernel_size=(20,), stride=(1,))
      )
      (2): MaxCrossCorrelationBlock(
        (shapelets): Conv1d(6, 14, kernel_size=(30,), stride=(1,))
      )
      (3): MaxCrossCorrelationBlock(
        (shapelets): Conv1d(6, 14, kernel_size=(40,), stride=(1,))
      )
      (4): MaxCrossCorrelationBlock(
        (shapelets): Conv1d(6, 14, kernel_size=(50,), stride=(1,))
      )
      (5): MaxCrossCorrelationBlock(
        (shapelets): Conv1d(6, 14, kernel_size=(60,), stride=(1,))
      )
      (6): MaxCrossCorrelationBlock(
        (shapelets): Conv1d(6, 14, kernel_size=(70,), stride=(1,))
      )
      (7): MaxCrossCorrelationBlock(
        (shapelets): Conv1d(6, 14, kernel_size=(80,), stride=(1,))
      )
    )
  )
  (linear): Linear(in_features=320, out_features=2, bias=True)
  (projection): Sequential(
    (0): BatchNorm1d(320, eps=1e-05, momentum=0.1, affine=True, track_running_stats=True)
  )
  (bn1): BatchNorm1d(104, eps=1e-05, momentum=0.1, affine=True, track_running_stats=True)
  (bn2): BatchNorm1d(104, eps=1e-05, momentum=0.1, affine=True, track_running_stats=True)
  (bn3): BatchNorm1d(112, eps=1e-05, momentum=0.1, affine=True, track_running_stats=True)
  (projection2): Sequential(
    (0): Linear(in_features=320, out_features=256, bias=True)
    (1): ReLU()
    (2): Linear(in_features=256, out_features=128, bias=True)
  )
)
2025-03-05 22:31:33,414 | INFO : train_ds length: 40, valid_ds length: 40
2025-03-05 22:31:33,414 | INFO : train_ds length: 40, valid_ds length: 40
2025-03-05 22:31:43,034 | INFO : train_ds length: 40, valid_ds length: 40
2025-03-05 22:31:43,034 | INFO : train_ds length: 40, valid_ds length: 40
2025-03-05 22:31:43,048 | INFO : {'output_dims': 320, 'evaluator': 'ridge', 'feat_dim': 6, 'max_len': 100, 'device': 'cpu'}
2025-03-05 22:31:43,048 | INFO : {'output_dims': 320, 'evaluator': 'ridge', 'feat_dim': 6, 'max_len': 100, 'device': 'cpu'}
2025-03-05 22:31:43,050 | INFO : CSL(
  (shapelets_euclidean): ShapeletsDistBlocks(
    (blocks): ModuleList(
      (0-7): 8 x MinEuclideanDistBlock()
    )
  )
  (shapelets_cosine): ShapeletsDistBlocks(
    (blocks): ModuleList(
      (0-7): 8 x MaxCosineSimilarityBlock(
        (relu): ReLU()
      )
    )
  )
  (shapelets_cross_correlation): ShapeletsDistBlocks(
    (blocks): ModuleList(
      (0): MaxCrossCorrelationBlock(
        (shapelets): Conv1d(6, 14, kernel_size=(10,), stride=(1,))
      )
      (1): MaxCrossCorrelationBlock(
        (shapelets): Conv1d(6, 14, kernel_size=(20,), stride=(1,))
      )
      (2): MaxCrossCorrelationBlock(
        (shapelets): Conv1d(6, 14, kernel_size=(30,), stride=(1,))
      )
      (3): MaxCrossCorrelationBlock(
        (shapelets): Conv1d(6, 14, kernel_size=(40,), stride=(1,))
      )
      (4): MaxCrossCorrelationBlock(
        (shapelets): Conv1d(6, 14, kernel_size=(50,), stride=(1,))
      )
      (5): MaxCrossCorrelationBlock(
        (shapelets): Conv1d(6, 14, kernel_size=(60,), stride=(1,))
      )
      (6): MaxCrossCorrelationBlock(
        (shapelets): Conv1d(6, 14, kernel_size=(70,), stride=(1,))
      )
      (7): MaxCrossCorrelationBlock(
        (shapelets): Conv1d(6, 14, kernel_size=(80,), stride=(1,))
      )
    )
  )
  (linear): Linear(in_features=320, out_features=2, bias=True)
  (projection): Sequential(
    (0): BatchNorm1d(320, eps=1e-05, momentum=0.1, affine=True, track_running_stats=True)
  )
  (bn1): BatchNorm1d(104, eps=1e-05, momentum=0.1, affine=True, track_running_stats=True)
  (bn2): BatchNorm1d(104, eps=1e-05, momentum=0.1, affine=True, track_running_stats=True)
  (bn3): BatchNorm1d(112, eps=1e-05, momentum=0.1, affine=True, track_running_stats=True)
  (projection2): Sequential(
    (0): Linear(in_features=320, out_features=256, bias=True)
    (1): ReLU()
    (2): Linear(in_features=256, out_features=128, bias=True)
  )
)
2025-03-05 22:31:43,050 | INFO : CSL(
  (shapelets_euclidean): ShapeletsDistBlocks(
    (blocks): ModuleList(
      (0-7): 8 x MinEuclideanDistBlock()
    )
  )
  (shapelets_cosine): ShapeletsDistBlocks(
    (blocks): ModuleList(
      (0-7): 8 x MaxCosineSimilarityBlock(
        (relu): ReLU()
      )
    )
  )
  (shapelets_cross_correlation): ShapeletsDistBlocks(
    (blocks): ModuleList(
      (0): MaxCrossCorrelationBlock(
        (shapelets): Conv1d(6, 14, kernel_size=(10,), stride=(1,))
      )
      (1): MaxCrossCorrelationBlock(
        (shapelets): Conv1d(6, 14, kernel_size=(20,), stride=(1,))
      )
      (2): MaxCrossCorrelationBlock(
        (shapelets): Conv1d(6, 14, kernel_size=(30,), stride=(1,))
      )
      (3): MaxCrossCorrelationBlock(
        (shapelets): Conv1d(6, 14, kernel_size=(40,), stride=(1,))
      )
      (4): MaxCrossCorrelationBlock(
        (shapelets): Conv1d(6, 14, kernel_size=(50,), stride=(1,))
      )
      (5): MaxCrossCorrelationBlock(
        (shapelets): Conv1d(6, 14, kernel_size=(60,), stride=(1,))
      )
      (6): MaxCrossCorrelationBlock(
        (shapelets): Conv1d(6, 14, kernel_size=(70,), stride=(1,))
      )
      (7): MaxCrossCorrelationBlock(
        (shapelets): Conv1d(6, 14, kernel_size=(80,), stride=(1,))
      )
    )
  )
  (linear): Linear(in_features=320, out_features=2, bias=True)
  (projection): Sequential(
    (0): BatchNorm1d(320, eps=1e-05, momentum=0.1, affine=True, track_running_stats=True)
  )
  (bn1): BatchNorm1d(104, eps=1e-05, momentum=0.1, affine=True, track_running_stats=True)
  (bn2): BatchNorm1d(104, eps=1e-05, momentum=0.1, affine=True, track_running_stats=True)
  (bn3): BatchNorm1d(112, eps=1e-05, momentum=0.1, affine=True, track_running_stats=True)
  (projection2): Sequential(
    (0): Linear(in_features=320, out_features=256, bias=True)
    (1): ReLU()
    (2): Linear(in_features=256, out_features=128, bias=True)
  )
)
2025-03-05 22:31:43,102 | INFO : train_ds length: 40, valid_ds length: 40
2025-03-05 22:31:43,102 | INFO : train_ds length: 40, valid_ds length: 40
2025-03-05 22:31:43,102 | INFO : train_ds length: 40, valid_ds length: 40
2025-03-05 22:31:43,117 | INFO : {'output_dims': 320, 'evaluator': 'ridge', 'feat_dim': 6, 'max_len': 100, 'device': 'cpu'}
2025-03-05 22:31:43,117 | INFO : {'output_dims': 320, 'evaluator': 'ridge', 'feat_dim': 6, 'max_len': 100, 'device': 'cpu'}
2025-03-05 22:31:43,117 | INFO : {'output_dims': 320, 'evaluator': 'ridge', 'feat_dim': 6, 'max_len': 100, 'device': 'cpu'}
2025-03-05 22:31:43,119 | INFO : CSL(
  (shapelets_euclidean): ShapeletsDistBlocks(
    (blocks): ModuleList(
      (0-7): 8 x MinEuclideanDistBlock()
    )
  )
  (shapelets_cosine): ShapeletsDistBlocks(
    (blocks): ModuleList(
      (0-7): 8 x MaxCosineSimilarityBlock(
        (relu): ReLU()
      )
    )
  )
  (shapelets_cross_correlation): ShapeletsDistBlocks(
    (blocks): ModuleList(
      (0): MaxCrossCorrelationBlock(
        (shapelets): Conv1d(6, 14, kernel_size=(10,), stride=(1,))
      )
      (1): MaxCrossCorrelationBlock(
        (shapelets): Conv1d(6, 14, kernel_size=(20,), stride=(1,))
      )
      (2): MaxCrossCorrelationBlock(
        (shapelets): Conv1d(6, 14, kernel_size=(30,), stride=(1,))
      )
      (3): MaxCrossCorrelationBlock(
        (shapelets): Conv1d(6, 14, kernel_size=(40,), stride=(1,))
      )
      (4): MaxCrossCorrelationBlock(
        (shapelets): Conv1d(6, 14, kernel_size=(50,), stride=(1,))
      )
      (5): MaxCrossCorrelationBlock(
        (shapelets): Conv1d(6, 14, kernel_size=(60,), stride=(1,))
      )
      (6): MaxCrossCorrelationBlock(
        (shapelets): Conv1d(6, 14, kernel_size=(70,), stride=(1,))
      )
      (7): MaxCrossCorrelationBlock(
        (shapelets): Conv1d(6, 14, kernel_size=(80,), stride=(1,))
      )
    )
  )
  (linear): Linear(in_features=320, out_features=2, bias=True)
  (projection): Sequential(
    (0): BatchNorm1d(320, eps=1e-05, momentum=0.1, affine=True, track_running_stats=True)
  )
  (bn1): BatchNorm1d(104, eps=1e-05, momentum=0.1, affine=True, track_running_stats=True)
  (bn2): BatchNorm1d(104, eps=1e-05, momentum=0.1, affine=True, track_running_stats=True)
  (bn3): BatchNorm1d(112, eps=1e-05, momentum=0.1, affine=True, track_running_stats=True)
  (projection2): Sequential(
    (0): Linear(in_features=320, out_features=256, bias=True)
    (1): ReLU()
    (2): Linear(in_features=256, out_features=128, bias=True)
  )
)
2025-03-05 22:31:43,119 | INFO : CSL(
  (shapelets_euclidean): ShapeletsDistBlocks(
    (blocks): ModuleList(
      (0-7): 8 x MinEuclideanDistBlock()
    )
  )
  (shapelets_cosine): ShapeletsDistBlocks(
    (blocks): ModuleList(
      (0-7): 8 x MaxCosineSimilarityBlock(
        (relu): ReLU()
      )
    )
  )
  (shapelets_cross_correlation): ShapeletsDistBlocks(
    (blocks): ModuleList(
      (0): MaxCrossCorrelationBlock(
        (shapelets): Conv1d(6, 14, kernel_size=(10,), stride=(1,))
      )
      (1): MaxCrossCorrelationBlock(
        (shapelets): Conv1d(6, 14, kernel_size=(20,), stride=(1,))
      )
      (2): MaxCrossCorrelationBlock(
        (shapelets): Conv1d(6, 14, kernel_size=(30,), stride=(1,))
      )
      (3): MaxCrossCorrelationBlock(
        (shapelets): Conv1d(6, 14, kernel_size=(40,), stride=(1,))
      )
      (4): MaxCrossCorrelationBlock(
        (shapelets): Conv1d(6, 14, kernel_size=(50,), stride=(1,))
      )
      (5): MaxCrossCorrelationBlock(
        (shapelets): Conv1d(6, 14, kernel_size=(60,), stride=(1,))
      )
      (6): MaxCrossCorrelationBlock(
        (shapelets): Conv1d(6, 14, kernel_size=(70,), stride=(1,))
      )
      (7): MaxCrossCorrelationBlock(
        (shapelets): Conv1d(6, 14, kernel_size=(80,), stride=(1,))
      )
    )
  )
  (linear): Linear(in_features=320, out_features=2, bias=True)
  (projection): Sequential(
    (0): BatchNorm1d(320, eps=1e-05, momentum=0.1, affine=True, track_running_stats=True)
  )
  (bn1): BatchNorm1d(104, eps=1e-05, momentum=0.1, affine=True, track_running_stats=True)
  (bn2): BatchNorm1d(104, eps=1e-05, momentum=0.1, affine=True, track_running_stats=True)
  (bn3): BatchNorm1d(112, eps=1e-05, momentum=0.1, affine=True, track_running_stats=True)
  (projection2): Sequential(
    (0): Linear(in_features=320, out_features=256, bias=True)
    (1): ReLU()
    (2): Linear(in_features=256, out_features=128, bias=True)
  )
)
2025-03-05 22:31:43,119 | INFO : CSL(
  (shapelets_euclidean): ShapeletsDistBlocks(
    (blocks): ModuleList(
      (0-7): 8 x MinEuclideanDistBlock()
    )
  )
  (shapelets_cosine): ShapeletsDistBlocks(
    (blocks): ModuleList(
      (0-7): 8 x MaxCosineSimilarityBlock(
        (relu): ReLU()
      )
    )
  )
  (shapelets_cross_correlation): ShapeletsDistBlocks(
    (blocks): ModuleList(
      (0): MaxCrossCorrelationBlock(
        (shapelets): Conv1d(6, 14, kernel_size=(10,), stride=(1,))
      )
      (1): MaxCrossCorrelationBlock(
        (shapelets): Conv1d(6, 14, kernel_size=(20,), stride=(1,))
      )
      (2): MaxCrossCorrelationBlock(
        (shapelets): Conv1d(6, 14, kernel_size=(30,), stride=(1,))
      )
      (3): MaxCrossCorrelationBlock(
        (shapelets): Conv1d(6, 14, kernel_size=(40,), stride=(1,))
      )
      (4): MaxCrossCorrelationBlock(
        (shapelets): Conv1d(6, 14, kernel_size=(50,), stride=(1,))
      )
      (5): MaxCrossCorrelationBlock(
        (shapelets): Conv1d(6, 14, kernel_size=(60,), stride=(1,))
      )
      (6): MaxCrossCorrelationBlock(
        (shapelets): Conv1d(6, 14, kernel_size=(70,), stride=(1,))
      )
      (7): MaxCrossCorrelationBlock(
        (shapelets): Conv1d(6, 14, kernel_size=(80,), stride=(1,))
      )
    )
  )
  (linear): Linear(in_features=320, out_features=2, bias=True)
  (projection): Sequential(
    (0): BatchNorm1d(320, eps=1e-05, momentum=0.1, affine=True, track_running_stats=True)
  )
  (bn1): BatchNorm1d(104, eps=1e-05, momentum=0.1, affine=True, track_running_stats=True)
  (bn2): BatchNorm1d(104, eps=1e-05, momentum=0.1, affine=True, track_running_stats=True)
  (bn3): BatchNorm1d(112, eps=1e-05, momentum=0.1, affine=True, track_running_stats=True)
  (projection2): Sequential(
    (0): Linear(in_features=320, out_features=256, bias=True)
    (1): ReLU()
    (2): Linear(in_features=256, out_features=128, bias=True)
  )
)
2025-03-05 22:31:45,656 | INFO : Evaluating on validation set ...
2025-03-05 22:31:45,656 | INFO : Evaluating on validation set ...
2025-03-05 22:31:45,656 | INFO : Evaluating on validation set ...
2025-03-05 22:31:46,522 | INFO : Validation runtime: 0.0 hours, 0.0 minutes, 0.863788366317749 seconds

2025-03-05 22:31:46,522 | INFO : Validation runtime: 0.0 hours, 0.0 minutes, 0.863788366317749 seconds

2025-03-05 22:31:46,522 | INFO : Validation runtime: 0.0 hours, 0.0 minutes, 0.863788366317749 seconds

2025-03-05 22:31:46,530 | INFO : Avg val. time: 0.0 hours, 0.0 minutes, 0.863788366317749 seconds
2025-03-05 22:31:46,530 | INFO : Avg val. time: 0.0 hours, 0.0 minutes, 0.863788366317749 seconds
2025-03-05 22:31:46,530 | INFO : Avg val. time: 0.0 hours, 0.0 minutes, 0.863788366317749 seconds
2025-03-05 22:31:46,532 | INFO : Avg batch val. time: 0.021594709157943724 seconds
2025-03-05 22:31:46,532 | INFO : Avg batch val. time: 0.021594709157943724 seconds
2025-03-05 22:31:46,532 | INFO : Avg batch val. time: 0.021594709157943724 seconds
2025-03-05 22:31:46,533 | INFO : Avg sample val. time: 0.021594709157943724 seconds
2025-03-05 22:31:46,533 | INFO : Avg sample val. time: 0.021594709157943724 seconds
2025-03-05 22:31:46,533 | INFO : Avg sample val. time: 0.021594709157943724 seconds
2025-03-05 22:31:46,535 | INFO : Epoch 0 Validation Summary: epoch: 0.000000 | loss: 0.050409 | 
2025-03-05 22:31:46,535 | INFO : Epoch 0 Validation Summary: epoch: 0.000000 | loss: 0.050409 | 
2025-03-05 22:31:46,535 | INFO : Epoch 0 Validation Summary: epoch: 0.000000 | loss: 0.050409 | 
2025-03-05 22:31:49,146 | INFO : Evaluating on validation set ...
2025-03-05 22:31:49,146 | INFO : Evaluating on validation set ...
2025-03-05 22:31:49,146 | INFO : Evaluating on validation set ...
2025-03-05 22:31:50,461 | INFO : Validation runtime: 0.0 hours, 0.0 minutes, 1.3120174407958984 seconds

2025-03-05 22:31:50,461 | INFO : Validation runtime: 0.0 hours, 0.0 minutes, 1.3120174407958984 seconds

2025-03-05 22:31:50,461 | INFO : Validation runtime: 0.0 hours, 0.0 minutes, 1.3120174407958984 seconds

2025-03-05 22:31:50,471 | INFO : Avg val. time: 0.0 hours, 0.0 minutes, 1.0879029035568237 seconds
2025-03-05 22:31:50,471 | INFO : Avg val. time: 0.0 hours, 0.0 minutes, 1.0879029035568237 seconds
2025-03-05 22:31:50,471 | INFO : Avg val. time: 0.0 hours, 0.0 minutes, 1.0879029035568237 seconds
2025-03-05 22:31:50,473 | INFO : Avg batch val. time: 0.027197572588920593 seconds
2025-03-05 22:31:50,473 | INFO : Avg batch val. time: 0.027197572588920593 seconds
2025-03-05 22:31:50,473 | INFO : Avg batch val. time: 0.027197572588920593 seconds
2025-03-05 22:31:50,475 | INFO : Avg sample val. time: 0.027197572588920593 seconds
2025-03-05 22:31:50,475 | INFO : Avg sample val. time: 0.027197572588920593 seconds
2025-03-05 22:31:50,475 | INFO : Avg sample val. time: 0.027197572588920593 seconds
2025-03-05 22:31:50,476 | INFO : Epoch 1 Validation Summary: epoch: 1.000000 | loss: 0.049889 | 
2025-03-05 22:31:50,476 | INFO : Epoch 1 Validation Summary: epoch: 1.000000 | loss: 0.049889 | 
2025-03-05 22:31:50,476 | INFO : Epoch 1 Validation Summary: epoch: 1.000000 | loss: 0.049889 | 
2025-03-05 22:31:53,029 | INFO : Evaluating on validation set ...
2025-03-05 22:31:53,029 | INFO : Evaluating on validation set ...
2025-03-05 22:31:53,029 | INFO : Evaluating on validation set ...
2025-03-05 22:31:54,356 | INFO : Validation runtime: 0.0 hours, 0.0 minutes, 1.3251383304595947 seconds

2025-03-05 22:31:54,356 | INFO : Validation runtime: 0.0 hours, 0.0 minutes, 1.3251383304595947 seconds

2025-03-05 22:31:54,356 | INFO : Validation runtime: 0.0 hours, 0.0 minutes, 1.3251383304595947 seconds

2025-03-05 22:31:54,361 | INFO : Avg val. time: 0.0 hours, 0.0 minutes, 1.1669813791910808 seconds
2025-03-05 22:31:54,361 | INFO : Avg val. time: 0.0 hours, 0.0 minutes, 1.1669813791910808 seconds
2025-03-05 22:31:54,361 | INFO : Avg val. time: 0.0 hours, 0.0 minutes, 1.1669813791910808 seconds
2025-03-05 22:31:54,363 | INFO : Avg batch val. time: 0.02917453447977702 seconds
2025-03-05 22:31:54,363 | INFO : Avg batch val. time: 0.02917453447977702 seconds
2025-03-05 22:31:54,363 | INFO : Avg batch val. time: 0.02917453447977702 seconds
2025-03-05 22:31:54,365 | INFO : Avg sample val. time: 0.02917453447977702 seconds
2025-03-05 22:31:54,365 | INFO : Avg sample val. time: 0.02917453447977702 seconds
2025-03-05 22:31:54,365 | INFO : Avg sample val. time: 0.02917453447977702 seconds
2025-03-05 22:31:54,367 | INFO : Epoch 2 Validation Summary: epoch: 2.000000 | loss: 0.050791 | 
2025-03-05 22:31:54,367 | INFO : Epoch 2 Validation Summary: epoch: 2.000000 | loss: 0.050791 | 
2025-03-05 22:31:54,367 | INFO : Epoch 2 Validation Summary: epoch: 2.000000 | loss: 0.050791 | 
2025-03-05 22:31:56,925 | INFO : Evaluating on validation set ...
2025-03-05 22:31:56,925 | INFO : Evaluating on validation set ...
2025-03-05 22:31:56,925 | INFO : Evaluating on validation set ...
2025-03-05 22:31:58,003 | INFO : Validation runtime: 0.0 hours, 0.0 minutes, 1.076045274734497 seconds

2025-03-05 22:31:58,003 | INFO : Validation runtime: 0.0 hours, 0.0 minutes, 1.076045274734497 seconds

2025-03-05 22:31:58,003 | INFO : Validation runtime: 0.0 hours, 0.0 minutes, 1.076045274734497 seconds

2025-03-05 22:31:58,005 | INFO : Avg val. time: 0.0 hours, 0.0 minutes, 1.1442473530769348 seconds
2025-03-05 22:31:58,005 | INFO : Avg val. time: 0.0 hours, 0.0 minutes, 1.1442473530769348 seconds
2025-03-05 22:31:58,005 | INFO : Avg val. time: 0.0 hours, 0.0 minutes, 1.1442473530769348 seconds
2025-03-05 22:31:58,007 | INFO : Avg batch val. time: 0.02860618382692337 seconds
2025-03-05 22:31:58,007 | INFO : Avg batch val. time: 0.02860618382692337 seconds
2025-03-05 22:31:58,007 | INFO : Avg batch val. time: 0.02860618382692337 seconds
2025-03-05 22:31:58,009 | INFO : Avg sample val. time: 0.02860618382692337 seconds
2025-03-05 22:31:58,009 | INFO : Avg sample val. time: 0.02860618382692337 seconds
2025-03-05 22:31:58,009 | INFO : Avg sample val. time: 0.02860618382692337 seconds
2025-03-05 22:31:58,011 | INFO : Epoch 3 Validation Summary: epoch: 3.000000 | loss: 0.051656 | 
2025-03-05 22:31:58,011 | INFO : Epoch 3 Validation Summary: epoch: 3.000000 | loss: 0.051656 | 
2025-03-05 22:31:58,011 | INFO : Epoch 3 Validation Summary: epoch: 3.000000 | loss: 0.051656 | 
2025-03-05 22:32:00,517 | INFO : Evaluating on validation set ...
2025-03-05 22:32:00,517 | INFO : Evaluating on validation set ...
2025-03-05 22:32:00,517 | INFO : Evaluating on validation set ...
2025-03-05 22:32:01,832 | INFO : Validation runtime: 0.0 hours, 0.0 minutes, 1.3129055500030518 seconds

2025-03-05 22:32:01,832 | INFO : Validation runtime: 0.0 hours, 0.0 minutes, 1.3129055500030518 seconds

2025-03-05 22:32:01,832 | INFO : Validation runtime: 0.0 hours, 0.0 minutes, 1.3129055500030518 seconds

2025-03-05 22:32:01,837 | INFO : Avg val. time: 0.0 hours, 0.0 minutes, 1.1779789924621582 seconds
2025-03-05 22:32:01,837 | INFO : Avg val. time: 0.0 hours, 0.0 minutes, 1.1779789924621582 seconds
2025-03-05 22:32:01,837 | INFO : Avg val. time: 0.0 hours, 0.0 minutes, 1.1779789924621582 seconds
2025-03-05 22:32:01,839 | INFO : Avg batch val. time: 0.029449474811553956 seconds
2025-03-05 22:32:01,839 | INFO : Avg batch val. time: 0.029449474811553956 seconds
2025-03-05 22:32:01,839 | INFO : Avg batch val. time: 0.029449474811553956 seconds
2025-03-05 22:32:01,840 | INFO : Avg sample val. time: 0.029449474811553956 seconds
2025-03-05 22:32:01,840 | INFO : Avg sample val. time: 0.029449474811553956 seconds
2025-03-05 22:32:01,840 | INFO : Avg sample val. time: 0.029449474811553956 seconds
2025-03-05 22:32:01,842 | INFO : Epoch 4 Validation Summary: epoch: 4.000000 | loss: 0.052503 | 
2025-03-05 22:32:01,842 | INFO : Epoch 4 Validation Summary: epoch: 4.000000 | loss: 0.052503 | 
2025-03-05 22:32:01,842 | INFO : Epoch 4 Validation Summary: epoch: 4.000000 | loss: 0.052503 | 
2025-03-05 22:32:36,875 | INFO : train_ds length: 40, valid_ds length: 40
2025-03-05 22:32:36,875 | INFO : train_ds length: 40, valid_ds length: 40
2025-03-05 22:32:36,875 | INFO : train_ds length: 40, valid_ds length: 40
2025-03-05 22:32:36,890 | INFO : {'output_dims': 320, 'evaluator': 'svm', 'feat_dim': 6, 'max_len': 100, 'device': 'cpu'}
2025-03-05 22:32:36,890 | INFO : {'output_dims': 320, 'evaluator': 'svm', 'feat_dim': 6, 'max_len': 100, 'device': 'cpu'}
2025-03-05 22:32:36,890 | INFO : {'output_dims': 320, 'evaluator': 'svm', 'feat_dim': 6, 'max_len': 100, 'device': 'cpu'}
2025-03-05 22:32:36,892 | INFO : CSL(
  (shapelets_euclidean): ShapeletsDistBlocks(
    (blocks): ModuleList(
      (0-7): 8 x MinEuclideanDistBlock()
    )
  )
  (shapelets_cosine): ShapeletsDistBlocks(
    (blocks): ModuleList(
      (0-7): 8 x MaxCosineSimilarityBlock(
        (relu): ReLU()
      )
    )
  )
  (shapelets_cross_correlation): ShapeletsDistBlocks(
    (blocks): ModuleList(
      (0): MaxCrossCorrelationBlock(
        (shapelets): Conv1d(6, 14, kernel_size=(10,), stride=(1,))
      )
      (1): MaxCrossCorrelationBlock(
        (shapelets): Conv1d(6, 14, kernel_size=(20,), stride=(1,))
      )
      (2): MaxCrossCorrelationBlock(
        (shapelets): Conv1d(6, 14, kernel_size=(30,), stride=(1,))
      )
      (3): MaxCrossCorrelationBlock(
        (shapelets): Conv1d(6, 14, kernel_size=(40,), stride=(1,))
      )
      (4): MaxCrossCorrelationBlock(
        (shapelets): Conv1d(6, 14, kernel_size=(50,), stride=(1,))
      )
      (5): MaxCrossCorrelationBlock(
        (shapelets): Conv1d(6, 14, kernel_size=(60,), stride=(1,))
      )
      (6): MaxCrossCorrelationBlock(
        (shapelets): Conv1d(6, 14, kernel_size=(70,), stride=(1,))
      )
      (7): MaxCrossCorrelationBlock(
        (shapelets): Conv1d(6, 14, kernel_size=(80,), stride=(1,))
      )
    )
  )
  (linear): Linear(in_features=320, out_features=2, bias=True)
  (projection): Sequential(
    (0): BatchNorm1d(320, eps=1e-05, momentum=0.1, affine=True, track_running_stats=True)
  )
  (bn1): BatchNorm1d(104, eps=1e-05, momentum=0.1, affine=True, track_running_stats=True)
  (bn2): BatchNorm1d(104, eps=1e-05, momentum=0.1, affine=True, track_running_stats=True)
  (bn3): BatchNorm1d(112, eps=1e-05, momentum=0.1, affine=True, track_running_stats=True)
  (projection2): Sequential(
    (0): Linear(in_features=320, out_features=256, bias=True)
    (1): ReLU()
    (2): Linear(in_features=256, out_features=128, bias=True)
  )
)
2025-03-05 22:32:36,892 | INFO : CSL(
  (shapelets_euclidean): ShapeletsDistBlocks(
    (blocks): ModuleList(
      (0-7): 8 x MinEuclideanDistBlock()
    )
  )
  (shapelets_cosine): ShapeletsDistBlocks(
    (blocks): ModuleList(
      (0-7): 8 x MaxCosineSimilarityBlock(
        (relu): ReLU()
      )
    )
  )
  (shapelets_cross_correlation): ShapeletsDistBlocks(
    (blocks): ModuleList(
      (0): MaxCrossCorrelationBlock(
        (shapelets): Conv1d(6, 14, kernel_size=(10,), stride=(1,))
      )
      (1): MaxCrossCorrelationBlock(
        (shapelets): Conv1d(6, 14, kernel_size=(20,), stride=(1,))
      )
      (2): MaxCrossCorrelationBlock(
        (shapelets): Conv1d(6, 14, kernel_size=(30,), stride=(1,))
      )
      (3): MaxCrossCorrelationBlock(
        (shapelets): Conv1d(6, 14, kernel_size=(40,), stride=(1,))
      )
      (4): MaxCrossCorrelationBlock(
        (shapelets): Conv1d(6, 14, kernel_size=(50,), stride=(1,))
      )
      (5): MaxCrossCorrelationBlock(
        (shapelets): Conv1d(6, 14, kernel_size=(60,), stride=(1,))
      )
      (6): MaxCrossCorrelationBlock(
        (shapelets): Conv1d(6, 14, kernel_size=(70,), stride=(1,))
      )
      (7): MaxCrossCorrelationBlock(
        (shapelets): Conv1d(6, 14, kernel_size=(80,), stride=(1,))
      )
    )
  )
  (linear): Linear(in_features=320, out_features=2, bias=True)
  (projection): Sequential(
    (0): BatchNorm1d(320, eps=1e-05, momentum=0.1, affine=True, track_running_stats=True)
  )
  (bn1): BatchNorm1d(104, eps=1e-05, momentum=0.1, affine=True, track_running_stats=True)
  (bn2): BatchNorm1d(104, eps=1e-05, momentum=0.1, affine=True, track_running_stats=True)
  (bn3): BatchNorm1d(112, eps=1e-05, momentum=0.1, affine=True, track_running_stats=True)
  (projection2): Sequential(
    (0): Linear(in_features=320, out_features=256, bias=True)
    (1): ReLU()
    (2): Linear(in_features=256, out_features=128, bias=True)
  )
)
2025-03-05 22:32:36,892 | INFO : CSL(
  (shapelets_euclidean): ShapeletsDistBlocks(
    (blocks): ModuleList(
      (0-7): 8 x MinEuclideanDistBlock()
    )
  )
  (shapelets_cosine): ShapeletsDistBlocks(
    (blocks): ModuleList(
      (0-7): 8 x MaxCosineSimilarityBlock(
        (relu): ReLU()
      )
    )
  )
  (shapelets_cross_correlation): ShapeletsDistBlocks(
    (blocks): ModuleList(
      (0): MaxCrossCorrelationBlock(
        (shapelets): Conv1d(6, 14, kernel_size=(10,), stride=(1,))
      )
      (1): MaxCrossCorrelationBlock(
        (shapelets): Conv1d(6, 14, kernel_size=(20,), stride=(1,))
      )
      (2): MaxCrossCorrelationBlock(
        (shapelets): Conv1d(6, 14, kernel_size=(30,), stride=(1,))
      )
      (3): MaxCrossCorrelationBlock(
        (shapelets): Conv1d(6, 14, kernel_size=(40,), stride=(1,))
      )
      (4): MaxCrossCorrelationBlock(
        (shapelets): Conv1d(6, 14, kernel_size=(50,), stride=(1,))
      )
      (5): MaxCrossCorrelationBlock(
        (shapelets): Conv1d(6, 14, kernel_size=(60,), stride=(1,))
      )
      (6): MaxCrossCorrelationBlock(
        (shapelets): Conv1d(6, 14, kernel_size=(70,), stride=(1,))
      )
      (7): MaxCrossCorrelationBlock(
        (shapelets): Conv1d(6, 14, kernel_size=(80,), stride=(1,))
      )
    )
  )
  (linear): Linear(in_features=320, out_features=2, bias=True)
  (projection): Sequential(
    (0): BatchNorm1d(320, eps=1e-05, momentum=0.1, affine=True, track_running_stats=True)
  )
  (bn1): BatchNorm1d(104, eps=1e-05, momentum=0.1, affine=True, track_running_stats=True)
  (bn2): BatchNorm1d(104, eps=1e-05, momentum=0.1, affine=True, track_running_stats=True)
  (bn3): BatchNorm1d(112, eps=1e-05, momentum=0.1, affine=True, track_running_stats=True)
  (projection2): Sequential(
    (0): Linear(in_features=320, out_features=256, bias=True)
    (1): ReLU()
    (2): Linear(in_features=256, out_features=128, bias=True)
  )
)
2025-03-05 22:32:36,946 | INFO : train_ds length: 40, valid_ds length: 40
2025-03-05 22:32:36,946 | INFO : train_ds length: 40, valid_ds length: 40
2025-03-05 22:32:36,946 | INFO : train_ds length: 40, valid_ds length: 40
2025-03-05 22:32:36,946 | INFO : train_ds length: 40, valid_ds length: 40
2025-03-05 22:34:09,166 | INFO : train_ds length: 40, valid_ds length: 40
2025-03-05 22:35:26,739 | INFO : train_ds length: 40, valid_ds length: 40
2025-03-05 22:36:32,725 | INFO : train_ds length: 40, valid_ds length: 40
2025-03-05 22:38:04,509 | INFO : train_ds length: 40, valid_ds length: 40
2025-03-05 22:42:56,277 | INFO : train_ds length: 40, valid_ds length: 40
2025-03-05 22:42:56,289 | INFO : {'output_dims': 320, 'evaluator': 'svm', 'feat_dim': 6, 'max_len': 100, 'device': 'cpu'}
2025-03-05 22:42:56,291 | INFO : CSL(
  (shapelets_euclidean): ShapeletsDistBlocks(
    (blocks): ModuleList(
      (0-7): 8 x MinEuclideanDistBlock()
    )
  )
  (shapelets_cosine): ShapeletsDistBlocks(
    (blocks): ModuleList(
      (0-7): 8 x MaxCosineSimilarityBlock(
        (relu): ReLU()
      )
    )
  )
  (shapelets_cross_correlation): ShapeletsDistBlocks(
    (blocks): ModuleList(
      (0): MaxCrossCorrelationBlock(
        (shapelets): Conv1d(6, 14, kernel_size=(10,), stride=(1,))
      )
      (1): MaxCrossCorrelationBlock(
        (shapelets): Conv1d(6, 14, kernel_size=(20,), stride=(1,))
      )
      (2): MaxCrossCorrelationBlock(
        (shapelets): Conv1d(6, 14, kernel_size=(30,), stride=(1,))
      )
      (3): MaxCrossCorrelationBlock(
        (shapelets): Conv1d(6, 14, kernel_size=(40,), stride=(1,))
      )
      (4): MaxCrossCorrelationBlock(
        (shapelets): Conv1d(6, 14, kernel_size=(50,), stride=(1,))
      )
      (5): MaxCrossCorrelationBlock(
        (shapelets): Conv1d(6, 14, kernel_size=(60,), stride=(1,))
      )
      (6): MaxCrossCorrelationBlock(
        (shapelets): Conv1d(6, 14, kernel_size=(70,), stride=(1,))
      )
      (7): MaxCrossCorrelationBlock(
        (shapelets): Conv1d(6, 14, kernel_size=(80,), stride=(1,))
      )
    )
  )
  (linear): Linear(in_features=320, out_features=2, bias=True)
  (projection): Sequential(
    (0): BatchNorm1d(320, eps=1e-05, momentum=0.1, affine=True, track_running_stats=True)
  )
  (bn1): BatchNorm1d(104, eps=1e-05, momentum=0.1, affine=True, track_running_stats=True)
  (bn2): BatchNorm1d(104, eps=1e-05, momentum=0.1, affine=True, track_running_stats=True)
  (bn3): BatchNorm1d(112, eps=1e-05, momentum=0.1, affine=True, track_running_stats=True)
  (projection2): Sequential(
    (0): Linear(in_features=320, out_features=256, bias=True)
    (1): ReLU()
    (2): Linear(in_features=256, out_features=128, bias=True)
  )
)
2025-03-05 22:43:00,656 | INFO : Evaluating on validation set ...
2025-03-05 22:43:01,699 | INFO : Validation runtime: 0.0 hours, 0.0 minutes, 1.0405540466308594 seconds

2025-03-05 22:43:01,703 | INFO : Avg val. time: 0.0 hours, 0.0 minutes, 1.0405540466308594 seconds
2025-03-05 22:43:01,707 | INFO : Avg batch val. time: 0.026013851165771484 seconds
2025-03-05 22:43:01,710 | INFO : Avg sample val. time: 0.026013851165771484 seconds
2025-03-05 22:43:01,713 | INFO : Epoch 0 Validation Summary: epoch: 0.000000 | loss: 0.051363 | 
2025-03-05 22:43:04,231 | INFO : Evaluating on validation set ...
2025-03-05 22:43:05,227 | INFO : Validation runtime: 0.0 hours, 0.0 minutes, 0.9932079315185547 seconds

2025-03-05 22:43:05,235 | INFO : Avg val. time: 0.0 hours, 0.0 minutes, 1.016880989074707 seconds
2025-03-05 22:43:05,238 | INFO : Avg batch val. time: 0.025422024726867675 seconds
2025-03-05 22:43:05,239 | INFO : Avg sample val. time: 0.025422024726867675 seconds
2025-03-05 22:43:05,240 | INFO : Epoch 1 Validation Summary: epoch: 1.000000 | loss: 0.051174 | 
2025-03-05 22:43:07,758 | INFO : Evaluating on validation set ...
2025-03-05 22:43:08,856 | INFO : Validation runtime: 0.0 hours, 0.0 minutes, 1.0933878421783447 seconds

2025-03-05 22:43:08,857 | INFO : Avg val. time: 0.0 hours, 0.0 minutes, 1.0423832734425862 seconds
2025-03-05 22:43:08,859 | INFO : Avg batch val. time: 0.026059581836064653 seconds
2025-03-05 22:43:08,860 | INFO : Avg sample val. time: 0.026059581836064653 seconds
2025-03-05 22:43:08,861 | INFO : Epoch 2 Validation Summary: epoch: 2.000000 | loss: 0.052436 | 
2025-03-05 22:43:11,308 | INFO : Evaluating on validation set ...
2025-03-05 22:43:12,298 | INFO : Validation runtime: 0.0 hours, 0.0 minutes, 0.9874296188354492 seconds

2025-03-05 22:43:12,300 | INFO : Avg val. time: 0.0 hours, 0.0 minutes, 1.028644859790802 seconds
2025-03-05 22:43:12,303 | INFO : Avg batch val. time: 0.02571612149477005 seconds
2025-03-05 22:43:12,305 | INFO : Avg sample val. time: 0.02571612149477005 seconds
2025-03-05 22:43:12,307 | INFO : Epoch 3 Validation Summary: epoch: 3.000000 | loss: 0.053594 | 
2025-03-05 22:43:14,785 | INFO : Evaluating on validation set ...
2025-03-05 22:43:15,973 | INFO : Validation runtime: 0.0 hours, 0.0 minutes, 1.1851146221160889 seconds

2025-03-05 22:43:15,974 | INFO : Avg val. time: 0.0 hours, 0.0 minutes, 1.0599388122558593 seconds
2025-03-05 22:43:15,976 | INFO : Avg batch val. time: 0.02649847030639648 seconds
2025-03-05 22:43:15,977 | INFO : Avg sample val. time: 0.02649847030639648 seconds
2025-03-05 22:43:15,978 | INFO : Epoch 4 Validation Summary: epoch: 4.000000 | loss: 0.054637 | 
2025-03-05 22:43:18,454 | INFO : Evaluating on validation set ...
2025-03-05 22:43:19,604 | INFO : Validation runtime: 0.0 hours, 0.0 minutes, 1.1477863788604736 seconds

2025-03-05 22:43:19,605 | INFO : Avg val. time: 0.0 hours, 0.0 minutes, 1.0745800733566284 seconds
2025-03-05 22:43:19,606 | INFO : Avg batch val. time: 0.02686450183391571 seconds
2025-03-05 22:43:19,608 | INFO : Avg sample val. time: 0.02686450183391571 seconds
2025-03-05 22:43:19,608 | INFO : Epoch 5 Validation Summary: epoch: 5.000000 | loss: 0.055995 | 
2025-03-05 22:43:22,087 | INFO : Evaluating on validation set ...
2025-03-05 22:43:23,188 | INFO : Validation runtime: 0.0 hours, 0.0 minutes, 1.0991508960723877 seconds

2025-03-05 22:43:23,191 | INFO : Avg val. time: 0.0 hours, 0.0 minutes, 1.0780901908874512 seconds
2025-03-05 22:43:23,192 | INFO : Avg batch val. time: 0.02695225477218628 seconds
2025-03-05 22:43:23,194 | INFO : Avg sample val. time: 0.02695225477218628 seconds
2025-03-05 22:43:23,195 | INFO : Epoch 6 Validation Summary: epoch: 6.000000 | loss: 0.057669 | 
2025-03-05 22:43:25,643 | INFO : Evaluating on validation set ...
2025-03-05 22:43:26,940 | INFO : Validation runtime: 0.0 hours, 0.0 minutes, 1.293891191482544 seconds

2025-03-05 22:43:26,953 | INFO : Avg val. time: 0.0 hours, 0.0 minutes, 1.1050653159618378 seconds
2025-03-05 22:43:26,958 | INFO : Avg batch val. time: 0.027626632899045944 seconds
2025-03-05 22:43:26,962 | INFO : Avg sample val. time: 0.027626632899045944 seconds
2025-03-05 22:43:26,965 | INFO : Epoch 7 Validation Summary: epoch: 7.000000 | loss: 0.059147 | 
2025-03-05 22:43:29,443 | INFO : Evaluating on validation set ...
2025-03-05 22:43:30,634 | INFO : Validation runtime: 0.0 hours, 0.0 minutes, 1.1891484260559082 seconds

2025-03-05 22:43:30,636 | INFO : Avg val. time: 0.0 hours, 0.0 minutes, 1.1144078837500677 seconds
2025-03-05 22:43:30,637 | INFO : Avg batch val. time: 0.027860197093751694 seconds
2025-03-05 22:43:30,638 | INFO : Avg sample val. time: 0.027860197093751694 seconds
2025-03-05 22:43:30,639 | INFO : Epoch 8 Validation Summary: epoch: 8.000000 | loss: 0.060047 | 
2025-03-05 22:43:33,098 | INFO : Evaluating on validation set ...
2025-03-05 22:43:34,077 | INFO : Validation runtime: 0.0 hours, 0.0 minutes, 0.9759926795959473 seconds

2025-03-05 22:43:34,078 | INFO : Avg val. time: 0.0 hours, 0.0 minutes, 1.1005663633346559 seconds
2025-03-05 22:43:34,080 | INFO : Avg batch val. time: 0.027514159083366397 seconds
2025-03-05 22:43:34,081 | INFO : Avg sample val. time: 0.027514159083366397 seconds
2025-03-05 22:43:34,081 | INFO : Epoch 9 Validation Summary: epoch: 9.000000 | loss: 0.060464 | 
2025-03-05 22:46:55,319 | INFO : train_ds length: 40, valid_ds length: 40
2025-03-05 22:46:55,332 | INFO : {'output_dims': 320, 'evaluator': 'svm', 'feat_dim': 6, 'max_len': 100, 'device': 'cpu'}
2025-03-05 22:46:55,333 | INFO : CSL(
  (shapelets_euclidean): ShapeletsDistBlocks(
    (blocks): ModuleList(
      (0-7): 8 x MinEuclideanDistBlock()
    )
  )
  (shapelets_cosine): ShapeletsDistBlocks(
    (blocks): ModuleList(
      (0-7): 8 x MaxCosineSimilarityBlock(
        (relu): ReLU()
      )
    )
  )
  (shapelets_cross_correlation): ShapeletsDistBlocks(
    (blocks): ModuleList(
      (0): MaxCrossCorrelationBlock(
        (shapelets): Conv1d(6, 14, kernel_size=(10,), stride=(1,))
      )
      (1): MaxCrossCorrelationBlock(
        (shapelets): Conv1d(6, 14, kernel_size=(20,), stride=(1,))
      )
      (2): MaxCrossCorrelationBlock(
        (shapelets): Conv1d(6, 14, kernel_size=(30,), stride=(1,))
      )
      (3): MaxCrossCorrelationBlock(
        (shapelets): Conv1d(6, 14, kernel_size=(40,), stride=(1,))
      )
      (4): MaxCrossCorrelationBlock(
        (shapelets): Conv1d(6, 14, kernel_size=(50,), stride=(1,))
      )
      (5): MaxCrossCorrelationBlock(
        (shapelets): Conv1d(6, 14, kernel_size=(60,), stride=(1,))
      )
      (6): MaxCrossCorrelationBlock(
        (shapelets): Conv1d(6, 14, kernel_size=(70,), stride=(1,))
      )
      (7): MaxCrossCorrelationBlock(
        (shapelets): Conv1d(6, 14, kernel_size=(80,), stride=(1,))
      )
    )
  )
  (linear): Linear(in_features=320, out_features=2, bias=True)
  (projection): Sequential(
    (0): BatchNorm1d(320, eps=1e-05, momentum=0.1, affine=True, track_running_stats=True)
  )
  (bn1): BatchNorm1d(104, eps=1e-05, momentum=0.1, affine=True, track_running_stats=True)
  (bn2): BatchNorm1d(104, eps=1e-05, momentum=0.1, affine=True, track_running_stats=True)
  (bn3): BatchNorm1d(112, eps=1e-05, momentum=0.1, affine=True, track_running_stats=True)
  (projection2): Sequential(
    (0): Linear(in_features=320, out_features=256, bias=True)
    (1): ReLU()
    (2): Linear(in_features=256, out_features=128, bias=True)
  )
)
2025-03-05 22:46:58,252 | INFO : Evaluating on validation set ...
2025-03-05 22:46:59,324 | INFO : Validation runtime: 0.0 hours, 0.0 minutes, 1.0691475868225098 seconds

2025-03-05 22:46:59,326 | INFO : Avg val. time: 0.0 hours, 0.0 minutes, 1.0691475868225098 seconds
2025-03-05 22:46:59,328 | INFO : Avg batch val. time: 0.026728689670562744 seconds
2025-03-05 22:46:59,329 | INFO : Avg sample val. time: 0.026728689670562744 seconds
2025-03-05 22:46:59,330 | INFO : Epoch 0 Validation Summary: epoch: 0.000000 | loss: 0.051363 | 
2025-03-05 22:47:01,898 | INFO : Evaluating on validation set ...
2025-03-05 22:47:02,980 | INFO : Validation runtime: 0.0 hours, 0.0 minutes, 1.077885627746582 seconds

2025-03-05 22:47:02,982 | INFO : Avg val. time: 0.0 hours, 0.0 minutes, 1.073516607284546 seconds
2025-03-05 22:47:02,983 | INFO : Avg batch val. time: 0.026837915182113647 seconds
2025-03-05 22:47:02,986 | INFO : Avg sample val. time: 0.026837915182113647 seconds
2025-03-05 22:47:02,988 | INFO : Epoch 1 Validation Summary: epoch: 1.000000 | loss: 0.051174 | 
2025-03-05 22:47:05,613 | INFO : Evaluating on validation set ...
2025-03-05 22:47:06,681 | INFO : Validation runtime: 0.0 hours, 0.0 minutes, 1.0630788803100586 seconds

2025-03-05 22:47:06,687 | INFO : Avg val. time: 0.0 hours, 0.0 minutes, 1.0700373649597168 seconds
2025-03-05 22:47:06,689 | INFO : Avg batch val. time: 0.02675093412399292 seconds
2025-03-05 22:47:06,690 | INFO : Avg sample val. time: 0.02675093412399292 seconds
2025-03-05 22:47:06,691 | INFO : Epoch 2 Validation Summary: epoch: 2.000000 | loss: 0.052436 | 
2025-03-05 22:47:09,262 | INFO : Evaluating on validation set ...
2025-03-05 22:47:10,250 | INFO : Validation runtime: 0.0 hours, 0.0 minutes, 0.9845900535583496 seconds

2025-03-05 22:47:10,254 | INFO : Avg val. time: 0.0 hours, 0.0 minutes, 1.048675537109375 seconds
2025-03-05 22:47:10,255 | INFO : Avg batch val. time: 0.026216888427734376 seconds
2025-03-05 22:47:10,256 | INFO : Avg sample val. time: 0.026216888427734376 seconds
2025-03-05 22:47:10,257 | INFO : Epoch 3 Validation Summary: epoch: 3.000000 | loss: 0.053594 | 
2025-03-05 22:47:12,801 | INFO : Evaluating on validation set ...
2025-03-05 22:47:14,031 | INFO : Validation runtime: 0.0 hours, 0.0 minutes, 1.2268927097320557 seconds

2025-03-05 22:47:14,033 | INFO : Avg val. time: 0.0 hours, 0.0 minutes, 1.0843189716339112 seconds
2025-03-05 22:47:14,034 | INFO : Avg batch val. time: 0.02710797429084778 seconds
2025-03-05 22:47:14,036 | INFO : Avg sample val. time: 0.02710797429084778 seconds
2025-03-05 22:47:14,037 | INFO : Epoch 4 Validation Summary: epoch: 4.000000 | loss: 0.054637 | 
2025-03-05 22:47:16,617 | INFO : Evaluating on validation set ...
2025-03-05 22:47:17,742 | INFO : Validation runtime: 0.0 hours, 0.0 minutes, 1.120645523071289 seconds

2025-03-05 22:47:17,746 | INFO : Avg val. time: 0.0 hours, 0.0 minutes, 1.0903733968734741 seconds
2025-03-05 22:47:17,749 | INFO : Avg batch val. time: 0.027259334921836853 seconds
2025-03-05 22:47:17,753 | INFO : Avg sample val. time: 0.027259334921836853 seconds
2025-03-05 22:47:17,756 | INFO : Epoch 5 Validation Summary: epoch: 5.000000 | loss: 0.055995 | 
2025-03-05 22:47:20,318 | INFO : Evaluating on validation set ...
2025-03-05 22:47:21,426 | INFO : Validation runtime: 0.0 hours, 0.0 minutes, 1.1047563552856445 seconds

2025-03-05 22:47:21,429 | INFO : Avg val. time: 0.0 hours, 0.0 minutes, 1.09242810521807 seconds
2025-03-05 22:47:21,434 | INFO : Avg batch val. time: 0.02731070263045175 seconds
2025-03-05 22:47:21,435 | INFO : Avg sample val. time: 0.02731070263045175 seconds
2025-03-05 22:47:21,437 | INFO : Epoch 6 Validation Summary: epoch: 6.000000 | loss: 0.057669 | 
2025-03-05 22:47:23,954 | INFO : Evaluating on validation set ...
2025-03-05 22:47:25,022 | INFO : Validation runtime: 0.0 hours, 0.0 minutes, 1.0647516250610352 seconds

2025-03-05 22:47:25,024 | INFO : Avg val. time: 0.0 hours, 0.0 minutes, 1.0889685451984406 seconds
2025-03-05 22:47:25,026 | INFO : Avg batch val. time: 0.027224213629961014 seconds
2025-03-05 22:47:25,028 | INFO : Avg sample val. time: 0.027224213629961014 seconds
2025-03-05 22:47:25,030 | INFO : Epoch 7 Validation Summary: epoch: 7.000000 | loss: 0.059147 | 
2025-03-05 22:47:27,622 | INFO : Evaluating on validation set ...
2025-03-05 22:47:28,729 | INFO : Validation runtime: 0.0 hours, 0.0 minutes, 1.104018211364746 seconds

2025-03-05 22:47:28,735 | INFO : Avg val. time: 0.0 hours, 0.0 minutes, 1.09064073032803 seconds
2025-03-05 22:47:28,736 | INFO : Avg batch val. time: 0.027266018258200752 seconds
2025-03-05 22:47:28,738 | INFO : Avg sample val. time: 0.027266018258200752 seconds
2025-03-05 22:47:28,739 | INFO : Epoch 8 Validation Summary: epoch: 8.000000 | loss: 0.060047 | 
2025-03-05 22:47:31,302 | INFO : Evaluating on validation set ...
2025-03-05 22:47:32,414 | INFO : Validation runtime: 0.0 hours, 0.0 minutes, 1.1095266342163086 seconds

2025-03-05 22:47:32,416 | INFO : Avg val. time: 0.0 hours, 0.0 minutes, 1.0925293207168578 seconds
2025-03-05 22:47:32,417 | INFO : Avg batch val. time: 0.027313233017921445 seconds
2025-03-05 22:47:32,419 | INFO : Avg sample val. time: 0.027313233017921445 seconds
2025-03-05 22:47:32,420 | INFO : Epoch 9 Validation Summary: epoch: 9.000000 | loss: 0.060464 | 
2025-03-05 23:16:07,426 | INFO : train_ds length: 40, valid_ds length: 40
2025-03-05 23:20:21,442 | INFO : train_ds length: 40, valid_ds length: 40
2025-03-05 23:20:23,698 | INFO : Evaluating on validation set ...
2025-03-05 23:54:41,151 | INFO : train_ds length: 40, valid_ds length: 40
2025-03-05 23:54:41,164 | INFO : {'output_dims': 320, 'feat_dim': 6, 'max_len': 100, 'device': 'cpu'}
2025-03-05 23:54:41,165 | INFO : CSL(
  (shapelets_euclidean): ShapeletsDistBlocks(
    (blocks): ModuleList(
      (0-7): 8 x MinEuclideanDistBlock()
    )
  )
  (shapelets_cosine): ShapeletsDistBlocks(
    (blocks): ModuleList(
      (0-7): 8 x MaxCosineSimilarityBlock(
        (relu): ReLU()
      )
    )
  )
  (shapelets_cross_correlation): ShapeletsDistBlocks(
    (blocks): ModuleList(
      (0): MaxCrossCorrelationBlock(
        (shapelets): Conv1d(6, 14, kernel_size=(10,), stride=(1,))
      )
      (1): MaxCrossCorrelationBlock(
        (shapelets): Conv1d(6, 14, kernel_size=(20,), stride=(1,))
      )
      (2): MaxCrossCorrelationBlock(
        (shapelets): Conv1d(6, 14, kernel_size=(30,), stride=(1,))
      )
      (3): MaxCrossCorrelationBlock(
        (shapelets): Conv1d(6, 14, kernel_size=(40,), stride=(1,))
      )
      (4): MaxCrossCorrelationBlock(
        (shapelets): Conv1d(6, 14, kernel_size=(50,), stride=(1,))
      )
      (5): MaxCrossCorrelationBlock(
        (shapelets): Conv1d(6, 14, kernel_size=(60,), stride=(1,))
      )
      (6): MaxCrossCorrelationBlock(
        (shapelets): Conv1d(6, 14, kernel_size=(70,), stride=(1,))
      )
      (7): MaxCrossCorrelationBlock(
        (shapelets): Conv1d(6, 14, kernel_size=(80,), stride=(1,))
      )
    )
  )
  (linear): Linear(in_features=320, out_features=2, bias=True)
  (projection): Sequential(
    (0): BatchNorm1d(320, eps=1e-05, momentum=0.1, affine=True, track_running_stats=True)
  )
  (bn1): BatchNorm1d(104, eps=1e-05, momentum=0.1, affine=True, track_running_stats=True)
  (bn2): BatchNorm1d(104, eps=1e-05, momentum=0.1, affine=True, track_running_stats=True)
  (bn3): BatchNorm1d(112, eps=1e-05, momentum=0.1, affine=True, track_running_stats=True)
  (projection2): Sequential(
    (0): Linear(in_features=320, out_features=256, bias=True)
    (1): ReLU()
    (2): Linear(in_features=256, out_features=128, bias=True)
  )
)
2025-03-05 23:54:48,984 | INFO : train_ds length: 40, valid_ds length: 40
2025-03-05 23:54:48,984 | INFO : train_ds length: 40, valid_ds length: 40
2025-03-05 23:54:48,997 | INFO : {'output_dims': 320, 'feat_dim': 6, 'max_len': 100, 'device': 'cpu'}
2025-03-05 23:54:48,997 | INFO : {'output_dims': 320, 'feat_dim': 6, 'max_len': 100, 'device': 'cpu'}
2025-03-05 23:54:48,999 | INFO : CSL(
  (shapelets_euclidean): ShapeletsDistBlocks(
    (blocks): ModuleList(
      (0-7): 8 x MinEuclideanDistBlock()
    )
  )
  (shapelets_cosine): ShapeletsDistBlocks(
    (blocks): ModuleList(
      (0-7): 8 x MaxCosineSimilarityBlock(
        (relu): ReLU()
      )
    )
  )
  (shapelets_cross_correlation): ShapeletsDistBlocks(
    (blocks): ModuleList(
      (0): MaxCrossCorrelationBlock(
        (shapelets): Conv1d(6, 14, kernel_size=(10,), stride=(1,))
      )
      (1): MaxCrossCorrelationBlock(
        (shapelets): Conv1d(6, 14, kernel_size=(20,), stride=(1,))
      )
      (2): MaxCrossCorrelationBlock(
        (shapelets): Conv1d(6, 14, kernel_size=(30,), stride=(1,))
      )
      (3): MaxCrossCorrelationBlock(
        (shapelets): Conv1d(6, 14, kernel_size=(40,), stride=(1,))
      )
      (4): MaxCrossCorrelationBlock(
        (shapelets): Conv1d(6, 14, kernel_size=(50,), stride=(1,))
      )
      (5): MaxCrossCorrelationBlock(
        (shapelets): Conv1d(6, 14, kernel_size=(60,), stride=(1,))
      )
      (6): MaxCrossCorrelationBlock(
        (shapelets): Conv1d(6, 14, kernel_size=(70,), stride=(1,))
      )
      (7): MaxCrossCorrelationBlock(
        (shapelets): Conv1d(6, 14, kernel_size=(80,), stride=(1,))
      )
    )
  )
  (linear): Linear(in_features=320, out_features=2, bias=True)
  (projection): Sequential(
    (0): BatchNorm1d(320, eps=1e-05, momentum=0.1, affine=True, track_running_stats=True)
  )
  (bn1): BatchNorm1d(104, eps=1e-05, momentum=0.1, affine=True, track_running_stats=True)
  (bn2): BatchNorm1d(104, eps=1e-05, momentum=0.1, affine=True, track_running_stats=True)
  (bn3): BatchNorm1d(112, eps=1e-05, momentum=0.1, affine=True, track_running_stats=True)
  (projection2): Sequential(
    (0): Linear(in_features=320, out_features=256, bias=True)
    (1): ReLU()
    (2): Linear(in_features=256, out_features=128, bias=True)
  )
)
2025-03-05 23:54:48,999 | INFO : CSL(
  (shapelets_euclidean): ShapeletsDistBlocks(
    (blocks): ModuleList(
      (0-7): 8 x MinEuclideanDistBlock()
    )
  )
  (shapelets_cosine): ShapeletsDistBlocks(
    (blocks): ModuleList(
      (0-7): 8 x MaxCosineSimilarityBlock(
        (relu): ReLU()
      )
    )
  )
  (shapelets_cross_correlation): ShapeletsDistBlocks(
    (blocks): ModuleList(
      (0): MaxCrossCorrelationBlock(
        (shapelets): Conv1d(6, 14, kernel_size=(10,), stride=(1,))
      )
      (1): MaxCrossCorrelationBlock(
        (shapelets): Conv1d(6, 14, kernel_size=(20,), stride=(1,))
      )
      (2): MaxCrossCorrelationBlock(
        (shapelets): Conv1d(6, 14, kernel_size=(30,), stride=(1,))
      )
      (3): MaxCrossCorrelationBlock(
        (shapelets): Conv1d(6, 14, kernel_size=(40,), stride=(1,))
      )
      (4): MaxCrossCorrelationBlock(
        (shapelets): Conv1d(6, 14, kernel_size=(50,), stride=(1,))
      )
      (5): MaxCrossCorrelationBlock(
        (shapelets): Conv1d(6, 14, kernel_size=(60,), stride=(1,))
      )
      (6): MaxCrossCorrelationBlock(
        (shapelets): Conv1d(6, 14, kernel_size=(70,), stride=(1,))
      )
      (7): MaxCrossCorrelationBlock(
        (shapelets): Conv1d(6, 14, kernel_size=(80,), stride=(1,))
      )
    )
  )
  (linear): Linear(in_features=320, out_features=2, bias=True)
  (projection): Sequential(
    (0): BatchNorm1d(320, eps=1e-05, momentum=0.1, affine=True, track_running_stats=True)
  )
  (bn1): BatchNorm1d(104, eps=1e-05, momentum=0.1, affine=True, track_running_stats=True)
  (bn2): BatchNorm1d(104, eps=1e-05, momentum=0.1, affine=True, track_running_stats=True)
  (bn3): BatchNorm1d(112, eps=1e-05, momentum=0.1, affine=True, track_running_stats=True)
  (projection2): Sequential(
    (0): Linear(in_features=320, out_features=256, bias=True)
    (1): ReLU()
    (2): Linear(in_features=256, out_features=128, bias=True)
  )
)
2025-03-05 23:59:55,296 | INFO : train_ds length: 40, valid_ds length: 40
2025-03-05 23:59:55,296 | INFO : train_ds length: 40, valid_ds length: 40
2025-03-05 23:59:55,296 | INFO : train_ds length: 40, valid_ds length: 40
2025-03-05 23:59:55,309 | INFO : {'output_dims': 320, 'feat_dim': 6, 'max_len': 100, 'device': 'cpu'}
2025-03-05 23:59:55,309 | INFO : {'output_dims': 320, 'feat_dim': 6, 'max_len': 100, 'device': 'cpu'}
2025-03-05 23:59:55,309 | INFO : {'output_dims': 320, 'feat_dim': 6, 'max_len': 100, 'device': 'cpu'}
2025-03-05 23:59:55,310 | INFO : CSL(
  (shapelets_euclidean): ShapeletsDistBlocks(
    (blocks): ModuleList(
      (0-7): 8 x MinEuclideanDistBlock()
    )
  )
  (shapelets_cosine): ShapeletsDistBlocks(
    (blocks): ModuleList(
      (0-7): 8 x MaxCosineSimilarityBlock(
        (relu): ReLU()
      )
    )
  )
  (shapelets_cross_correlation): ShapeletsDistBlocks(
    (blocks): ModuleList(
      (0): MaxCrossCorrelationBlock(
        (shapelets): Conv1d(6, 14, kernel_size=(10,), stride=(1,))
      )
      (1): MaxCrossCorrelationBlock(
        (shapelets): Conv1d(6, 14, kernel_size=(20,), stride=(1,))
      )
      (2): MaxCrossCorrelationBlock(
        (shapelets): Conv1d(6, 14, kernel_size=(30,), stride=(1,))
      )
      (3): MaxCrossCorrelationBlock(
        (shapelets): Conv1d(6, 14, kernel_size=(40,), stride=(1,))
      )
      (4): MaxCrossCorrelationBlock(
        (shapelets): Conv1d(6, 14, kernel_size=(50,), stride=(1,))
      )
      (5): MaxCrossCorrelationBlock(
        (shapelets): Conv1d(6, 14, kernel_size=(60,), stride=(1,))
      )
      (6): MaxCrossCorrelationBlock(
        (shapelets): Conv1d(6, 14, kernel_size=(70,), stride=(1,))
      )
      (7): MaxCrossCorrelationBlock(
        (shapelets): Conv1d(6, 14, kernel_size=(80,), stride=(1,))
      )
    )
  )
  (linear): Linear(in_features=320, out_features=2, bias=True)
  (projection): Sequential(
    (0): BatchNorm1d(320, eps=1e-05, momentum=0.1, affine=True, track_running_stats=True)
  )
  (bn1): BatchNorm1d(104, eps=1e-05, momentum=0.1, affine=True, track_running_stats=True)
  (bn2): BatchNorm1d(104, eps=1e-05, momentum=0.1, affine=True, track_running_stats=True)
  (bn3): BatchNorm1d(112, eps=1e-05, momentum=0.1, affine=True, track_running_stats=True)
  (projection2): Sequential(
    (0): Linear(in_features=320, out_features=256, bias=True)
    (1): ReLU()
    (2): Linear(in_features=256, out_features=128, bias=True)
  )
)
2025-03-05 23:59:55,310 | INFO : CSL(
  (shapelets_euclidean): ShapeletsDistBlocks(
    (blocks): ModuleList(
      (0-7): 8 x MinEuclideanDistBlock()
    )
  )
  (shapelets_cosine): ShapeletsDistBlocks(
    (blocks): ModuleList(
      (0-7): 8 x MaxCosineSimilarityBlock(
        (relu): ReLU()
      )
    )
  )
  (shapelets_cross_correlation): ShapeletsDistBlocks(
    (blocks): ModuleList(
      (0): MaxCrossCorrelationBlock(
        (shapelets): Conv1d(6, 14, kernel_size=(10,), stride=(1,))
      )
      (1): MaxCrossCorrelationBlock(
        (shapelets): Conv1d(6, 14, kernel_size=(20,), stride=(1,))
      )
      (2): MaxCrossCorrelationBlock(
        (shapelets): Conv1d(6, 14, kernel_size=(30,), stride=(1,))
      )
      (3): MaxCrossCorrelationBlock(
        (shapelets): Conv1d(6, 14, kernel_size=(40,), stride=(1,))
      )
      (4): MaxCrossCorrelationBlock(
        (shapelets): Conv1d(6, 14, kernel_size=(50,), stride=(1,))
      )
      (5): MaxCrossCorrelationBlock(
        (shapelets): Conv1d(6, 14, kernel_size=(60,), stride=(1,))
      )
      (6): MaxCrossCorrelationBlock(
        (shapelets): Conv1d(6, 14, kernel_size=(70,), stride=(1,))
      )
      (7): MaxCrossCorrelationBlock(
        (shapelets): Conv1d(6, 14, kernel_size=(80,), stride=(1,))
      )
    )
  )
  (linear): Linear(in_features=320, out_features=2, bias=True)
  (projection): Sequential(
    (0): BatchNorm1d(320, eps=1e-05, momentum=0.1, affine=True, track_running_stats=True)
  )
  (bn1): BatchNorm1d(104, eps=1e-05, momentum=0.1, affine=True, track_running_stats=True)
  (bn2): BatchNorm1d(104, eps=1e-05, momentum=0.1, affine=True, track_running_stats=True)
  (bn3): BatchNorm1d(112, eps=1e-05, momentum=0.1, affine=True, track_running_stats=True)
  (projection2): Sequential(
    (0): Linear(in_features=320, out_features=256, bias=True)
    (1): ReLU()
    (2): Linear(in_features=256, out_features=128, bias=True)
  )
)
2025-03-05 23:59:55,310 | INFO : CSL(
  (shapelets_euclidean): ShapeletsDistBlocks(
    (blocks): ModuleList(
      (0-7): 8 x MinEuclideanDistBlock()
    )
  )
  (shapelets_cosine): ShapeletsDistBlocks(
    (blocks): ModuleList(
      (0-7): 8 x MaxCosineSimilarityBlock(
        (relu): ReLU()
      )
    )
  )
  (shapelets_cross_correlation): ShapeletsDistBlocks(
    (blocks): ModuleList(
      (0): MaxCrossCorrelationBlock(
        (shapelets): Conv1d(6, 14, kernel_size=(10,), stride=(1,))
      )
      (1): MaxCrossCorrelationBlock(
        (shapelets): Conv1d(6, 14, kernel_size=(20,), stride=(1,))
      )
      (2): MaxCrossCorrelationBlock(
        (shapelets): Conv1d(6, 14, kernel_size=(30,), stride=(1,))
      )
      (3): MaxCrossCorrelationBlock(
        (shapelets): Conv1d(6, 14, kernel_size=(40,), stride=(1,))
      )
      (4): MaxCrossCorrelationBlock(
        (shapelets): Conv1d(6, 14, kernel_size=(50,), stride=(1,))
      )
      (5): MaxCrossCorrelationBlock(
        (shapelets): Conv1d(6, 14, kernel_size=(60,), stride=(1,))
      )
      (6): MaxCrossCorrelationBlock(
        (shapelets): Conv1d(6, 14, kernel_size=(70,), stride=(1,))
      )
      (7): MaxCrossCorrelationBlock(
        (shapelets): Conv1d(6, 14, kernel_size=(80,), stride=(1,))
      )
    )
  )
  (linear): Linear(in_features=320, out_features=2, bias=True)
  (projection): Sequential(
    (0): BatchNorm1d(320, eps=1e-05, momentum=0.1, affine=True, track_running_stats=True)
  )
  (bn1): BatchNorm1d(104, eps=1e-05, momentum=0.1, affine=True, track_running_stats=True)
  (bn2): BatchNorm1d(104, eps=1e-05, momentum=0.1, affine=True, track_running_stats=True)
  (bn3): BatchNorm1d(112, eps=1e-05, momentum=0.1, affine=True, track_running_stats=True)
  (projection2): Sequential(
    (0): Linear(in_features=320, out_features=256, bias=True)
    (1): ReLU()
    (2): Linear(in_features=256, out_features=128, bias=True)
  )
)
2025-03-06 00:00:02,860 | INFO : train_ds length: 40, valid_ds length: 40
2025-03-06 00:00:02,860 | INFO : train_ds length: 40, valid_ds length: 40
2025-03-06 00:00:02,860 | INFO : train_ds length: 40, valid_ds length: 40
2025-03-06 00:00:02,860 | INFO : train_ds length: 40, valid_ds length: 40
2025-03-06 00:00:02,873 | INFO : {'output_dims': 320, 'feat_dim': 6, 'max_len': 100, 'device': 'cpu'}
2025-03-06 00:00:02,873 | INFO : {'output_dims': 320, 'feat_dim': 6, 'max_len': 100, 'device': 'cpu'}
2025-03-06 00:00:02,873 | INFO : {'output_dims': 320, 'feat_dim': 6, 'max_len': 100, 'device': 'cpu'}
2025-03-06 00:00:02,873 | INFO : {'output_dims': 320, 'feat_dim': 6, 'max_len': 100, 'device': 'cpu'}
2025-03-06 00:00:02,875 | INFO : CSL(
  (shapelets_euclidean): ShapeletsDistBlocks(
    (blocks): ModuleList(
      (0-7): 8 x MinEuclideanDistBlock()
    )
  )
  (shapelets_cosine): ShapeletsDistBlocks(
    (blocks): ModuleList(
      (0-7): 8 x MaxCosineSimilarityBlock(
        (relu): ReLU()
      )
    )
  )
  (shapelets_cross_correlation): ShapeletsDistBlocks(
    (blocks): ModuleList(
      (0): MaxCrossCorrelationBlock(
        (shapelets): Conv1d(6, 14, kernel_size=(10,), stride=(1,))
      )
      (1): MaxCrossCorrelationBlock(
        (shapelets): Conv1d(6, 14, kernel_size=(20,), stride=(1,))
      )
      (2): MaxCrossCorrelationBlock(
        (shapelets): Conv1d(6, 14, kernel_size=(30,), stride=(1,))
      )
      (3): MaxCrossCorrelationBlock(
        (shapelets): Conv1d(6, 14, kernel_size=(40,), stride=(1,))
      )
      (4): MaxCrossCorrelationBlock(
        (shapelets): Conv1d(6, 14, kernel_size=(50,), stride=(1,))
      )
      (5): MaxCrossCorrelationBlock(
        (shapelets): Conv1d(6, 14, kernel_size=(60,), stride=(1,))
      )
      (6): MaxCrossCorrelationBlock(
        (shapelets): Conv1d(6, 14, kernel_size=(70,), stride=(1,))
      )
      (7): MaxCrossCorrelationBlock(
        (shapelets): Conv1d(6, 14, kernel_size=(80,), stride=(1,))
      )
    )
  )
  (linear): Linear(in_features=320, out_features=2, bias=True)
  (projection): Sequential(
    (0): BatchNorm1d(320, eps=1e-05, momentum=0.1, affine=True, track_running_stats=True)
  )
  (bn1): BatchNorm1d(104, eps=1e-05, momentum=0.1, affine=True, track_running_stats=True)
  (bn2): BatchNorm1d(104, eps=1e-05, momentum=0.1, affine=True, track_running_stats=True)
  (bn3): BatchNorm1d(112, eps=1e-05, momentum=0.1, affine=True, track_running_stats=True)
  (projection2): Sequential(
    (0): Linear(in_features=320, out_features=256, bias=True)
    (1): ReLU()
    (2): Linear(in_features=256, out_features=128, bias=True)
  )
)
2025-03-06 00:00:02,875 | INFO : CSL(
  (shapelets_euclidean): ShapeletsDistBlocks(
    (blocks): ModuleList(
      (0-7): 8 x MinEuclideanDistBlock()
    )
  )
  (shapelets_cosine): ShapeletsDistBlocks(
    (blocks): ModuleList(
      (0-7): 8 x MaxCosineSimilarityBlock(
        (relu): ReLU()
      )
    )
  )
  (shapelets_cross_correlation): ShapeletsDistBlocks(
    (blocks): ModuleList(
      (0): MaxCrossCorrelationBlock(
        (shapelets): Conv1d(6, 14, kernel_size=(10,), stride=(1,))
      )
      (1): MaxCrossCorrelationBlock(
        (shapelets): Conv1d(6, 14, kernel_size=(20,), stride=(1,))
      )
      (2): MaxCrossCorrelationBlock(
        (shapelets): Conv1d(6, 14, kernel_size=(30,), stride=(1,))
      )
      (3): MaxCrossCorrelationBlock(
        (shapelets): Conv1d(6, 14, kernel_size=(40,), stride=(1,))
      )
      (4): MaxCrossCorrelationBlock(
        (shapelets): Conv1d(6, 14, kernel_size=(50,), stride=(1,))
      )
      (5): MaxCrossCorrelationBlock(
        (shapelets): Conv1d(6, 14, kernel_size=(60,), stride=(1,))
      )
      (6): MaxCrossCorrelationBlock(
        (shapelets): Conv1d(6, 14, kernel_size=(70,), stride=(1,))
      )
      (7): MaxCrossCorrelationBlock(
        (shapelets): Conv1d(6, 14, kernel_size=(80,), stride=(1,))
      )
    )
  )
  (linear): Linear(in_features=320, out_features=2, bias=True)
  (projection): Sequential(
    (0): BatchNorm1d(320, eps=1e-05, momentum=0.1, affine=True, track_running_stats=True)
  )
  (bn1): BatchNorm1d(104, eps=1e-05, momentum=0.1, affine=True, track_running_stats=True)
  (bn2): BatchNorm1d(104, eps=1e-05, momentum=0.1, affine=True, track_running_stats=True)
  (bn3): BatchNorm1d(112, eps=1e-05, momentum=0.1, affine=True, track_running_stats=True)
  (projection2): Sequential(
    (0): Linear(in_features=320, out_features=256, bias=True)
    (1): ReLU()
    (2): Linear(in_features=256, out_features=128, bias=True)
  )
)
2025-03-06 00:00:02,875 | INFO : CSL(
  (shapelets_euclidean): ShapeletsDistBlocks(
    (blocks): ModuleList(
      (0-7): 8 x MinEuclideanDistBlock()
    )
  )
  (shapelets_cosine): ShapeletsDistBlocks(
    (blocks): ModuleList(
      (0-7): 8 x MaxCosineSimilarityBlock(
        (relu): ReLU()
      )
    )
  )
  (shapelets_cross_correlation): ShapeletsDistBlocks(
    (blocks): ModuleList(
      (0): MaxCrossCorrelationBlock(
        (shapelets): Conv1d(6, 14, kernel_size=(10,), stride=(1,))
      )
      (1): MaxCrossCorrelationBlock(
        (shapelets): Conv1d(6, 14, kernel_size=(20,), stride=(1,))
      )
      (2): MaxCrossCorrelationBlock(
        (shapelets): Conv1d(6, 14, kernel_size=(30,), stride=(1,))
      )
      (3): MaxCrossCorrelationBlock(
        (shapelets): Conv1d(6, 14, kernel_size=(40,), stride=(1,))
      )
      (4): MaxCrossCorrelationBlock(
        (shapelets): Conv1d(6, 14, kernel_size=(50,), stride=(1,))
      )
      (5): MaxCrossCorrelationBlock(
        (shapelets): Conv1d(6, 14, kernel_size=(60,), stride=(1,))
      )
      (6): MaxCrossCorrelationBlock(
        (shapelets): Conv1d(6, 14, kernel_size=(70,), stride=(1,))
      )
      (7): MaxCrossCorrelationBlock(
        (shapelets): Conv1d(6, 14, kernel_size=(80,), stride=(1,))
      )
    )
  )
  (linear): Linear(in_features=320, out_features=2, bias=True)
  (projection): Sequential(
    (0): BatchNorm1d(320, eps=1e-05, momentum=0.1, affine=True, track_running_stats=True)
  )
  (bn1): BatchNorm1d(104, eps=1e-05, momentum=0.1, affine=True, track_running_stats=True)
  (bn2): BatchNorm1d(104, eps=1e-05, momentum=0.1, affine=True, track_running_stats=True)
  (bn3): BatchNorm1d(112, eps=1e-05, momentum=0.1, affine=True, track_running_stats=True)
  (projection2): Sequential(
    (0): Linear(in_features=320, out_features=256, bias=True)
    (1): ReLU()
    (2): Linear(in_features=256, out_features=128, bias=True)
  )
)
2025-03-06 00:00:02,875 | INFO : CSL(
  (shapelets_euclidean): ShapeletsDistBlocks(
    (blocks): ModuleList(
      (0-7): 8 x MinEuclideanDistBlock()
    )
  )
  (shapelets_cosine): ShapeletsDistBlocks(
    (blocks): ModuleList(
      (0-7): 8 x MaxCosineSimilarityBlock(
        (relu): ReLU()
      )
    )
  )
  (shapelets_cross_correlation): ShapeletsDistBlocks(
    (blocks): ModuleList(
      (0): MaxCrossCorrelationBlock(
        (shapelets): Conv1d(6, 14, kernel_size=(10,), stride=(1,))
      )
      (1): MaxCrossCorrelationBlock(
        (shapelets): Conv1d(6, 14, kernel_size=(20,), stride=(1,))
      )
      (2): MaxCrossCorrelationBlock(
        (shapelets): Conv1d(6, 14, kernel_size=(30,), stride=(1,))
      )
      (3): MaxCrossCorrelationBlock(
        (shapelets): Conv1d(6, 14, kernel_size=(40,), stride=(1,))
      )
      (4): MaxCrossCorrelationBlock(
        (shapelets): Conv1d(6, 14, kernel_size=(50,), stride=(1,))
      )
      (5): MaxCrossCorrelationBlock(
        (shapelets): Conv1d(6, 14, kernel_size=(60,), stride=(1,))
      )
      (6): MaxCrossCorrelationBlock(
        (shapelets): Conv1d(6, 14, kernel_size=(70,), stride=(1,))
      )
      (7): MaxCrossCorrelationBlock(
        (shapelets): Conv1d(6, 14, kernel_size=(80,), stride=(1,))
      )
    )
  )
  (linear): Linear(in_features=320, out_features=2, bias=True)
  (projection): Sequential(
    (0): BatchNorm1d(320, eps=1e-05, momentum=0.1, affine=True, track_running_stats=True)
  )
  (bn1): BatchNorm1d(104, eps=1e-05, momentum=0.1, affine=True, track_running_stats=True)
  (bn2): BatchNorm1d(104, eps=1e-05, momentum=0.1, affine=True, track_running_stats=True)
  (bn3): BatchNorm1d(112, eps=1e-05, momentum=0.1, affine=True, track_running_stats=True)
  (projection2): Sequential(
    (0): Linear(in_features=320, out_features=256, bias=True)
    (1): ReLU()
    (2): Linear(in_features=256, out_features=128, bias=True)
  )
)
2025-03-06 00:00:07,978 | INFO : train_ds length: 40, valid_ds length: 40
2025-03-06 00:00:07,978 | INFO : train_ds length: 40, valid_ds length: 40
2025-03-06 00:00:07,978 | INFO : train_ds length: 40, valid_ds length: 40
2025-03-06 00:00:07,978 | INFO : train_ds length: 40, valid_ds length: 40
2025-03-06 00:00:07,978 | INFO : train_ds length: 40, valid_ds length: 40
2025-03-06 00:00:07,990 | INFO : {'output_dims': 320, 'feat_dim': 6, 'max_len': 100, 'device': 'cpu'}
2025-03-06 00:00:07,990 | INFO : {'output_dims': 320, 'feat_dim': 6, 'max_len': 100, 'device': 'cpu'}
2025-03-06 00:00:07,990 | INFO : {'output_dims': 320, 'feat_dim': 6, 'max_len': 100, 'device': 'cpu'}
2025-03-06 00:00:07,990 | INFO : {'output_dims': 320, 'feat_dim': 6, 'max_len': 100, 'device': 'cpu'}
2025-03-06 00:00:07,990 | INFO : {'output_dims': 320, 'feat_dim': 6, 'max_len': 100, 'device': 'cpu'}
2025-03-06 00:00:07,992 | INFO : CSL(
  (shapelets_euclidean): ShapeletsDistBlocks(
    (blocks): ModuleList(
      (0-7): 8 x MinEuclideanDistBlock()
    )
  )
  (shapelets_cosine): ShapeletsDistBlocks(
    (blocks): ModuleList(
      (0-7): 8 x MaxCosineSimilarityBlock(
        (relu): ReLU()
      )
    )
  )
  (shapelets_cross_correlation): ShapeletsDistBlocks(
    (blocks): ModuleList(
      (0): MaxCrossCorrelationBlock(
        (shapelets): Conv1d(6, 14, kernel_size=(10,), stride=(1,))
      )
      (1): MaxCrossCorrelationBlock(
        (shapelets): Conv1d(6, 14, kernel_size=(20,), stride=(1,))
      )
      (2): MaxCrossCorrelationBlock(
        (shapelets): Conv1d(6, 14, kernel_size=(30,), stride=(1,))
      )
      (3): MaxCrossCorrelationBlock(
        (shapelets): Conv1d(6, 14, kernel_size=(40,), stride=(1,))
      )
      (4): MaxCrossCorrelationBlock(
        (shapelets): Conv1d(6, 14, kernel_size=(50,), stride=(1,))
      )
      (5): MaxCrossCorrelationBlock(
        (shapelets): Conv1d(6, 14, kernel_size=(60,), stride=(1,))
      )
      (6): MaxCrossCorrelationBlock(
        (shapelets): Conv1d(6, 14, kernel_size=(70,), stride=(1,))
      )
      (7): MaxCrossCorrelationBlock(
        (shapelets): Conv1d(6, 14, kernel_size=(80,), stride=(1,))
      )
    )
  )
  (linear): Linear(in_features=320, out_features=2, bias=True)
  (projection): Sequential(
    (0): BatchNorm1d(320, eps=1e-05, momentum=0.1, affine=True, track_running_stats=True)
  )
  (bn1): BatchNorm1d(104, eps=1e-05, momentum=0.1, affine=True, track_running_stats=True)
  (bn2): BatchNorm1d(104, eps=1e-05, momentum=0.1, affine=True, track_running_stats=True)
  (bn3): BatchNorm1d(112, eps=1e-05, momentum=0.1, affine=True, track_running_stats=True)
  (projection2): Sequential(
    (0): Linear(in_features=320, out_features=256, bias=True)
    (1): ReLU()
    (2): Linear(in_features=256, out_features=128, bias=True)
  )
)
2025-03-06 00:00:07,992 | INFO : CSL(
  (shapelets_euclidean): ShapeletsDistBlocks(
    (blocks): ModuleList(
      (0-7): 8 x MinEuclideanDistBlock()
    )
  )
  (shapelets_cosine): ShapeletsDistBlocks(
    (blocks): ModuleList(
      (0-7): 8 x MaxCosineSimilarityBlock(
        (relu): ReLU()
      )
    )
  )
  (shapelets_cross_correlation): ShapeletsDistBlocks(
    (blocks): ModuleList(
      (0): MaxCrossCorrelationBlock(
        (shapelets): Conv1d(6, 14, kernel_size=(10,), stride=(1,))
      )
      (1): MaxCrossCorrelationBlock(
        (shapelets): Conv1d(6, 14, kernel_size=(20,), stride=(1,))
      )
      (2): MaxCrossCorrelationBlock(
        (shapelets): Conv1d(6, 14, kernel_size=(30,), stride=(1,))
      )
      (3): MaxCrossCorrelationBlock(
        (shapelets): Conv1d(6, 14, kernel_size=(40,), stride=(1,))
      )
      (4): MaxCrossCorrelationBlock(
        (shapelets): Conv1d(6, 14, kernel_size=(50,), stride=(1,))
      )
      (5): MaxCrossCorrelationBlock(
        (shapelets): Conv1d(6, 14, kernel_size=(60,), stride=(1,))
      )
      (6): MaxCrossCorrelationBlock(
        (shapelets): Conv1d(6, 14, kernel_size=(70,), stride=(1,))
      )
      (7): MaxCrossCorrelationBlock(
        (shapelets): Conv1d(6, 14, kernel_size=(80,), stride=(1,))
      )
    )
  )
  (linear): Linear(in_features=320, out_features=2, bias=True)
  (projection): Sequential(
    (0): BatchNorm1d(320, eps=1e-05, momentum=0.1, affine=True, track_running_stats=True)
  )
  (bn1): BatchNorm1d(104, eps=1e-05, momentum=0.1, affine=True, track_running_stats=True)
  (bn2): BatchNorm1d(104, eps=1e-05, momentum=0.1, affine=True, track_running_stats=True)
  (bn3): BatchNorm1d(112, eps=1e-05, momentum=0.1, affine=True, track_running_stats=True)
  (projection2): Sequential(
    (0): Linear(in_features=320, out_features=256, bias=True)
    (1): ReLU()
    (2): Linear(in_features=256, out_features=128, bias=True)
  )
)
2025-03-06 00:00:07,992 | INFO : CSL(
  (shapelets_euclidean): ShapeletsDistBlocks(
    (blocks): ModuleList(
      (0-7): 8 x MinEuclideanDistBlock()
    )
  )
  (shapelets_cosine): ShapeletsDistBlocks(
    (blocks): ModuleList(
      (0-7): 8 x MaxCosineSimilarityBlock(
        (relu): ReLU()
      )
    )
  )
  (shapelets_cross_correlation): ShapeletsDistBlocks(
    (blocks): ModuleList(
      (0): MaxCrossCorrelationBlock(
        (shapelets): Conv1d(6, 14, kernel_size=(10,), stride=(1,))
      )
      (1): MaxCrossCorrelationBlock(
        (shapelets): Conv1d(6, 14, kernel_size=(20,), stride=(1,))
      )
      (2): MaxCrossCorrelationBlock(
        (shapelets): Conv1d(6, 14, kernel_size=(30,), stride=(1,))
      )
      (3): MaxCrossCorrelationBlock(
        (shapelets): Conv1d(6, 14, kernel_size=(40,), stride=(1,))
      )
      (4): MaxCrossCorrelationBlock(
        (shapelets): Conv1d(6, 14, kernel_size=(50,), stride=(1,))
      )
      (5): MaxCrossCorrelationBlock(
        (shapelets): Conv1d(6, 14, kernel_size=(60,), stride=(1,))
      )
      (6): MaxCrossCorrelationBlock(
        (shapelets): Conv1d(6, 14, kernel_size=(70,), stride=(1,))
      )
      (7): MaxCrossCorrelationBlock(
        (shapelets): Conv1d(6, 14, kernel_size=(80,), stride=(1,))
      )
    )
  )
  (linear): Linear(in_features=320, out_features=2, bias=True)
  (projection): Sequential(
    (0): BatchNorm1d(320, eps=1e-05, momentum=0.1, affine=True, track_running_stats=True)
  )
  (bn1): BatchNorm1d(104, eps=1e-05, momentum=0.1, affine=True, track_running_stats=True)
  (bn2): BatchNorm1d(104, eps=1e-05, momentum=0.1, affine=True, track_running_stats=True)
  (bn3): BatchNorm1d(112, eps=1e-05, momentum=0.1, affine=True, track_running_stats=True)
  (projection2): Sequential(
    (0): Linear(in_features=320, out_features=256, bias=True)
    (1): ReLU()
    (2): Linear(in_features=256, out_features=128, bias=True)
  )
)
2025-03-06 00:00:07,992 | INFO : CSL(
  (shapelets_euclidean): ShapeletsDistBlocks(
    (blocks): ModuleList(
      (0-7): 8 x MinEuclideanDistBlock()
    )
  )
  (shapelets_cosine): ShapeletsDistBlocks(
    (blocks): ModuleList(
      (0-7): 8 x MaxCosineSimilarityBlock(
        (relu): ReLU()
      )
    )
  )
  (shapelets_cross_correlation): ShapeletsDistBlocks(
    (blocks): ModuleList(
      (0): MaxCrossCorrelationBlock(
        (shapelets): Conv1d(6, 14, kernel_size=(10,), stride=(1,))
      )
      (1): MaxCrossCorrelationBlock(
        (shapelets): Conv1d(6, 14, kernel_size=(20,), stride=(1,))
      )
      (2): MaxCrossCorrelationBlock(
        (shapelets): Conv1d(6, 14, kernel_size=(30,), stride=(1,))
      )
      (3): MaxCrossCorrelationBlock(
        (shapelets): Conv1d(6, 14, kernel_size=(40,), stride=(1,))
      )
      (4): MaxCrossCorrelationBlock(
        (shapelets): Conv1d(6, 14, kernel_size=(50,), stride=(1,))
      )
      (5): MaxCrossCorrelationBlock(
        (shapelets): Conv1d(6, 14, kernel_size=(60,), stride=(1,))
      )
      (6): MaxCrossCorrelationBlock(
        (shapelets): Conv1d(6, 14, kernel_size=(70,), stride=(1,))
      )
      (7): MaxCrossCorrelationBlock(
        (shapelets): Conv1d(6, 14, kernel_size=(80,), stride=(1,))
      )
    )
  )
  (linear): Linear(in_features=320, out_features=2, bias=True)
  (projection): Sequential(
    (0): BatchNorm1d(320, eps=1e-05, momentum=0.1, affine=True, track_running_stats=True)
  )
  (bn1): BatchNorm1d(104, eps=1e-05, momentum=0.1, affine=True, track_running_stats=True)
  (bn2): BatchNorm1d(104, eps=1e-05, momentum=0.1, affine=True, track_running_stats=True)
  (bn3): BatchNorm1d(112, eps=1e-05, momentum=0.1, affine=True, track_running_stats=True)
  (projection2): Sequential(
    (0): Linear(in_features=320, out_features=256, bias=True)
    (1): ReLU()
    (2): Linear(in_features=256, out_features=128, bias=True)
  )
)
2025-03-06 00:00:07,992 | INFO : CSL(
  (shapelets_euclidean): ShapeletsDistBlocks(
    (blocks): ModuleList(
      (0-7): 8 x MinEuclideanDistBlock()
    )
  )
  (shapelets_cosine): ShapeletsDistBlocks(
    (blocks): ModuleList(
      (0-7): 8 x MaxCosineSimilarityBlock(
        (relu): ReLU()
      )
    )
  )
  (shapelets_cross_correlation): ShapeletsDistBlocks(
    (blocks): ModuleList(
      (0): MaxCrossCorrelationBlock(
        (shapelets): Conv1d(6, 14, kernel_size=(10,), stride=(1,))
      )
      (1): MaxCrossCorrelationBlock(
        (shapelets): Conv1d(6, 14, kernel_size=(20,), stride=(1,))
      )
      (2): MaxCrossCorrelationBlock(
        (shapelets): Conv1d(6, 14, kernel_size=(30,), stride=(1,))
      )
      (3): MaxCrossCorrelationBlock(
        (shapelets): Conv1d(6, 14, kernel_size=(40,), stride=(1,))
      )
      (4): MaxCrossCorrelationBlock(
        (shapelets): Conv1d(6, 14, kernel_size=(50,), stride=(1,))
      )
      (5): MaxCrossCorrelationBlock(
        (shapelets): Conv1d(6, 14, kernel_size=(60,), stride=(1,))
      )
      (6): MaxCrossCorrelationBlock(
        (shapelets): Conv1d(6, 14, kernel_size=(70,), stride=(1,))
      )
      (7): MaxCrossCorrelationBlock(
        (shapelets): Conv1d(6, 14, kernel_size=(80,), stride=(1,))
      )
    )
  )
  (linear): Linear(in_features=320, out_features=2, bias=True)
  (projection): Sequential(
    (0): BatchNorm1d(320, eps=1e-05, momentum=0.1, affine=True, track_running_stats=True)
  )
  (bn1): BatchNorm1d(104, eps=1e-05, momentum=0.1, affine=True, track_running_stats=True)
  (bn2): BatchNorm1d(104, eps=1e-05, momentum=0.1, affine=True, track_running_stats=True)
  (bn3): BatchNorm1d(112, eps=1e-05, momentum=0.1, affine=True, track_running_stats=True)
  (projection2): Sequential(
    (0): Linear(in_features=320, out_features=256, bias=True)
    (1): ReLU()
    (2): Linear(in_features=256, out_features=128, bias=True)
  )
)
2025-03-06 00:01:03,898 | INFO : train_ds length: 40, valid_ds length: 40
2025-03-06 00:01:03,898 | INFO : train_ds length: 40, valid_ds length: 40
2025-03-06 00:01:03,898 | INFO : train_ds length: 40, valid_ds length: 40
2025-03-06 00:01:03,898 | INFO : train_ds length: 40, valid_ds length: 40
2025-03-06 00:01:03,898 | INFO : train_ds length: 40, valid_ds length: 40
2025-03-06 00:01:03,898 | INFO : train_ds length: 40, valid_ds length: 40
2025-03-06 00:01:03,911 | INFO : {'output_dims': 320, 'feat_dim': 6, 'max_len': 100, 'device': 'cpu'}
2025-03-06 00:01:03,911 | INFO : {'output_dims': 320, 'feat_dim': 6, 'max_len': 100, 'device': 'cpu'}
2025-03-06 00:01:03,911 | INFO : {'output_dims': 320, 'feat_dim': 6, 'max_len': 100, 'device': 'cpu'}
2025-03-06 00:01:03,911 | INFO : {'output_dims': 320, 'feat_dim': 6, 'max_len': 100, 'device': 'cpu'}
2025-03-06 00:01:03,911 | INFO : {'output_dims': 320, 'feat_dim': 6, 'max_len': 100, 'device': 'cpu'}
2025-03-06 00:01:03,911 | INFO : {'output_dims': 320, 'feat_dim': 6, 'max_len': 100, 'device': 'cpu'}
2025-03-06 00:01:03,913 | INFO : CSL(
  (shapelets_euclidean): ShapeletsDistBlocks(
    (blocks): ModuleList(
      (0-7): 8 x MinEuclideanDistBlock()
    )
  )
  (shapelets_cosine): ShapeletsDistBlocks(
    (blocks): ModuleList(
      (0-7): 8 x MaxCosineSimilarityBlock(
        (relu): ReLU()
      )
    )
  )
  (shapelets_cross_correlation): ShapeletsDistBlocks(
    (blocks): ModuleList(
      (0): MaxCrossCorrelationBlock(
        (shapelets): Conv1d(6, 14, kernel_size=(10,), stride=(1,))
      )
      (1): MaxCrossCorrelationBlock(
        (shapelets): Conv1d(6, 14, kernel_size=(20,), stride=(1,))
      )
      (2): MaxCrossCorrelationBlock(
        (shapelets): Conv1d(6, 14, kernel_size=(30,), stride=(1,))
      )
      (3): MaxCrossCorrelationBlock(
        (shapelets): Conv1d(6, 14, kernel_size=(40,), stride=(1,))
      )
      (4): MaxCrossCorrelationBlock(
        (shapelets): Conv1d(6, 14, kernel_size=(50,), stride=(1,))
      )
      (5): MaxCrossCorrelationBlock(
        (shapelets): Conv1d(6, 14, kernel_size=(60,), stride=(1,))
      )
      (6): MaxCrossCorrelationBlock(
        (shapelets): Conv1d(6, 14, kernel_size=(70,), stride=(1,))
      )
      (7): MaxCrossCorrelationBlock(
        (shapelets): Conv1d(6, 14, kernel_size=(80,), stride=(1,))
      )
    )
  )
  (linear): Linear(in_features=320, out_features=2, bias=True)
  (projection): Sequential(
    (0): BatchNorm1d(320, eps=1e-05, momentum=0.1, affine=True, track_running_stats=True)
  )
  (bn1): BatchNorm1d(104, eps=1e-05, momentum=0.1, affine=True, track_running_stats=True)
  (bn2): BatchNorm1d(104, eps=1e-05, momentum=0.1, affine=True, track_running_stats=True)
  (bn3): BatchNorm1d(112, eps=1e-05, momentum=0.1, affine=True, track_running_stats=True)
  (projection2): Sequential(
    (0): Linear(in_features=320, out_features=256, bias=True)
    (1): ReLU()
    (2): Linear(in_features=256, out_features=128, bias=True)
  )
)
2025-03-06 00:01:03,913 | INFO : CSL(
  (shapelets_euclidean): ShapeletsDistBlocks(
    (blocks): ModuleList(
      (0-7): 8 x MinEuclideanDistBlock()
    )
  )
  (shapelets_cosine): ShapeletsDistBlocks(
    (blocks): ModuleList(
      (0-7): 8 x MaxCosineSimilarityBlock(
        (relu): ReLU()
      )
    )
  )
  (shapelets_cross_correlation): ShapeletsDistBlocks(
    (blocks): ModuleList(
      (0): MaxCrossCorrelationBlock(
        (shapelets): Conv1d(6, 14, kernel_size=(10,), stride=(1,))
      )
      (1): MaxCrossCorrelationBlock(
        (shapelets): Conv1d(6, 14, kernel_size=(20,), stride=(1,))
      )
      (2): MaxCrossCorrelationBlock(
        (shapelets): Conv1d(6, 14, kernel_size=(30,), stride=(1,))
      )
      (3): MaxCrossCorrelationBlock(
        (shapelets): Conv1d(6, 14, kernel_size=(40,), stride=(1,))
      )
      (4): MaxCrossCorrelationBlock(
        (shapelets): Conv1d(6, 14, kernel_size=(50,), stride=(1,))
      )
      (5): MaxCrossCorrelationBlock(
        (shapelets): Conv1d(6, 14, kernel_size=(60,), stride=(1,))
      )
      (6): MaxCrossCorrelationBlock(
        (shapelets): Conv1d(6, 14, kernel_size=(70,), stride=(1,))
      )
      (7): MaxCrossCorrelationBlock(
        (shapelets): Conv1d(6, 14, kernel_size=(80,), stride=(1,))
      )
    )
  )
  (linear): Linear(in_features=320, out_features=2, bias=True)
  (projection): Sequential(
    (0): BatchNorm1d(320, eps=1e-05, momentum=0.1, affine=True, track_running_stats=True)
  )
  (bn1): BatchNorm1d(104, eps=1e-05, momentum=0.1, affine=True, track_running_stats=True)
  (bn2): BatchNorm1d(104, eps=1e-05, momentum=0.1, affine=True, track_running_stats=True)
  (bn3): BatchNorm1d(112, eps=1e-05, momentum=0.1, affine=True, track_running_stats=True)
  (projection2): Sequential(
    (0): Linear(in_features=320, out_features=256, bias=True)
    (1): ReLU()
    (2): Linear(in_features=256, out_features=128, bias=True)
  )
)
2025-03-06 00:01:03,913 | INFO : CSL(
  (shapelets_euclidean): ShapeletsDistBlocks(
    (blocks): ModuleList(
      (0-7): 8 x MinEuclideanDistBlock()
    )
  )
  (shapelets_cosine): ShapeletsDistBlocks(
    (blocks): ModuleList(
      (0-7): 8 x MaxCosineSimilarityBlock(
        (relu): ReLU()
      )
    )
  )
  (shapelets_cross_correlation): ShapeletsDistBlocks(
    (blocks): ModuleList(
      (0): MaxCrossCorrelationBlock(
        (shapelets): Conv1d(6, 14, kernel_size=(10,), stride=(1,))
      )
      (1): MaxCrossCorrelationBlock(
        (shapelets): Conv1d(6, 14, kernel_size=(20,), stride=(1,))
      )
      (2): MaxCrossCorrelationBlock(
        (shapelets): Conv1d(6, 14, kernel_size=(30,), stride=(1,))
      )
      (3): MaxCrossCorrelationBlock(
        (shapelets): Conv1d(6, 14, kernel_size=(40,), stride=(1,))
      )
      (4): MaxCrossCorrelationBlock(
        (shapelets): Conv1d(6, 14, kernel_size=(50,), stride=(1,))
      )
      (5): MaxCrossCorrelationBlock(
        (shapelets): Conv1d(6, 14, kernel_size=(60,), stride=(1,))
      )
      (6): MaxCrossCorrelationBlock(
        (shapelets): Conv1d(6, 14, kernel_size=(70,), stride=(1,))
      )
      (7): MaxCrossCorrelationBlock(
        (shapelets): Conv1d(6, 14, kernel_size=(80,), stride=(1,))
      )
    )
  )
  (linear): Linear(in_features=320, out_features=2, bias=True)
  (projection): Sequential(
    (0): BatchNorm1d(320, eps=1e-05, momentum=0.1, affine=True, track_running_stats=True)
  )
  (bn1): BatchNorm1d(104, eps=1e-05, momentum=0.1, affine=True, track_running_stats=True)
  (bn2): BatchNorm1d(104, eps=1e-05, momentum=0.1, affine=True, track_running_stats=True)
  (bn3): BatchNorm1d(112, eps=1e-05, momentum=0.1, affine=True, track_running_stats=True)
  (projection2): Sequential(
    (0): Linear(in_features=320, out_features=256, bias=True)
    (1): ReLU()
    (2): Linear(in_features=256, out_features=128, bias=True)
  )
)
2025-03-06 00:01:03,913 | INFO : CSL(
  (shapelets_euclidean): ShapeletsDistBlocks(
    (blocks): ModuleList(
      (0-7): 8 x MinEuclideanDistBlock()
    )
  )
  (shapelets_cosine): ShapeletsDistBlocks(
    (blocks): ModuleList(
      (0-7): 8 x MaxCosineSimilarityBlock(
        (relu): ReLU()
      )
    )
  )
  (shapelets_cross_correlation): ShapeletsDistBlocks(
    (blocks): ModuleList(
      (0): MaxCrossCorrelationBlock(
        (shapelets): Conv1d(6, 14, kernel_size=(10,), stride=(1,))
      )
      (1): MaxCrossCorrelationBlock(
        (shapelets): Conv1d(6, 14, kernel_size=(20,), stride=(1,))
      )
      (2): MaxCrossCorrelationBlock(
        (shapelets): Conv1d(6, 14, kernel_size=(30,), stride=(1,))
      )
      (3): MaxCrossCorrelationBlock(
        (shapelets): Conv1d(6, 14, kernel_size=(40,), stride=(1,))
      )
      (4): MaxCrossCorrelationBlock(
        (shapelets): Conv1d(6, 14, kernel_size=(50,), stride=(1,))
      )
      (5): MaxCrossCorrelationBlock(
        (shapelets): Conv1d(6, 14, kernel_size=(60,), stride=(1,))
      )
      (6): MaxCrossCorrelationBlock(
        (shapelets): Conv1d(6, 14, kernel_size=(70,), stride=(1,))
      )
      (7): MaxCrossCorrelationBlock(
        (shapelets): Conv1d(6, 14, kernel_size=(80,), stride=(1,))
      )
    )
  )
  (linear): Linear(in_features=320, out_features=2, bias=True)
  (projection): Sequential(
    (0): BatchNorm1d(320, eps=1e-05, momentum=0.1, affine=True, track_running_stats=True)
  )
  (bn1): BatchNorm1d(104, eps=1e-05, momentum=0.1, affine=True, track_running_stats=True)
  (bn2): BatchNorm1d(104, eps=1e-05, momentum=0.1, affine=True, track_running_stats=True)
  (bn3): BatchNorm1d(112, eps=1e-05, momentum=0.1, affine=True, track_running_stats=True)
  (projection2): Sequential(
    (0): Linear(in_features=320, out_features=256, bias=True)
    (1): ReLU()
    (2): Linear(in_features=256, out_features=128, bias=True)
  )
)
2025-03-06 00:01:03,913 | INFO : CSL(
  (shapelets_euclidean): ShapeletsDistBlocks(
    (blocks): ModuleList(
      (0-7): 8 x MinEuclideanDistBlock()
    )
  )
  (shapelets_cosine): ShapeletsDistBlocks(
    (blocks): ModuleList(
      (0-7): 8 x MaxCosineSimilarityBlock(
        (relu): ReLU()
      )
    )
  )
  (shapelets_cross_correlation): ShapeletsDistBlocks(
    (blocks): ModuleList(
      (0): MaxCrossCorrelationBlock(
        (shapelets): Conv1d(6, 14, kernel_size=(10,), stride=(1,))
      )
      (1): MaxCrossCorrelationBlock(
        (shapelets): Conv1d(6, 14, kernel_size=(20,), stride=(1,))
      )
      (2): MaxCrossCorrelationBlock(
        (shapelets): Conv1d(6, 14, kernel_size=(30,), stride=(1,))
      )
      (3): MaxCrossCorrelationBlock(
        (shapelets): Conv1d(6, 14, kernel_size=(40,), stride=(1,))
      )
      (4): MaxCrossCorrelationBlock(
        (shapelets): Conv1d(6, 14, kernel_size=(50,), stride=(1,))
      )
      (5): MaxCrossCorrelationBlock(
        (shapelets): Conv1d(6, 14, kernel_size=(60,), stride=(1,))
      )
      (6): MaxCrossCorrelationBlock(
        (shapelets): Conv1d(6, 14, kernel_size=(70,), stride=(1,))
      )
      (7): MaxCrossCorrelationBlock(
        (shapelets): Conv1d(6, 14, kernel_size=(80,), stride=(1,))
      )
    )
  )
  (linear): Linear(in_features=320, out_features=2, bias=True)
  (projection): Sequential(
    (0): BatchNorm1d(320, eps=1e-05, momentum=0.1, affine=True, track_running_stats=True)
  )
  (bn1): BatchNorm1d(104, eps=1e-05, momentum=0.1, affine=True, track_running_stats=True)
  (bn2): BatchNorm1d(104, eps=1e-05, momentum=0.1, affine=True, track_running_stats=True)
  (bn3): BatchNorm1d(112, eps=1e-05, momentum=0.1, affine=True, track_running_stats=True)
  (projection2): Sequential(
    (0): Linear(in_features=320, out_features=256, bias=True)
    (1): ReLU()
    (2): Linear(in_features=256, out_features=128, bias=True)
  )
)
2025-03-06 00:01:03,913 | INFO : CSL(
  (shapelets_euclidean): ShapeletsDistBlocks(
    (blocks): ModuleList(
      (0-7): 8 x MinEuclideanDistBlock()
    )
  )
  (shapelets_cosine): ShapeletsDistBlocks(
    (blocks): ModuleList(
      (0-7): 8 x MaxCosineSimilarityBlock(
        (relu): ReLU()
      )
    )
  )
  (shapelets_cross_correlation): ShapeletsDistBlocks(
    (blocks): ModuleList(
      (0): MaxCrossCorrelationBlock(
        (shapelets): Conv1d(6, 14, kernel_size=(10,), stride=(1,))
      )
      (1): MaxCrossCorrelationBlock(
        (shapelets): Conv1d(6, 14, kernel_size=(20,), stride=(1,))
      )
      (2): MaxCrossCorrelationBlock(
        (shapelets): Conv1d(6, 14, kernel_size=(30,), stride=(1,))
      )
      (3): MaxCrossCorrelationBlock(
        (shapelets): Conv1d(6, 14, kernel_size=(40,), stride=(1,))
      )
      (4): MaxCrossCorrelationBlock(
        (shapelets): Conv1d(6, 14, kernel_size=(50,), stride=(1,))
      )
      (5): MaxCrossCorrelationBlock(
        (shapelets): Conv1d(6, 14, kernel_size=(60,), stride=(1,))
      )
      (6): MaxCrossCorrelationBlock(
        (shapelets): Conv1d(6, 14, kernel_size=(70,), stride=(1,))
      )
      (7): MaxCrossCorrelationBlock(
        (shapelets): Conv1d(6, 14, kernel_size=(80,), stride=(1,))
      )
    )
  )
  (linear): Linear(in_features=320, out_features=2, bias=True)
  (projection): Sequential(
    (0): BatchNorm1d(320, eps=1e-05, momentum=0.1, affine=True, track_running_stats=True)
  )
  (bn1): BatchNorm1d(104, eps=1e-05, momentum=0.1, affine=True, track_running_stats=True)
  (bn2): BatchNorm1d(104, eps=1e-05, momentum=0.1, affine=True, track_running_stats=True)
  (bn3): BatchNorm1d(112, eps=1e-05, momentum=0.1, affine=True, track_running_stats=True)
  (projection2): Sequential(
    (0): Linear(in_features=320, out_features=256, bias=True)
    (1): ReLU()
    (2): Linear(in_features=256, out_features=128, bias=True)
  )
)
2025-03-06 00:01:03,973 | INFO : train_ds length: 40, valid_ds length: 40
2025-03-06 00:01:03,973 | INFO : train_ds length: 40, valid_ds length: 40
2025-03-06 00:01:03,973 | INFO : train_ds length: 40, valid_ds length: 40
2025-03-06 00:01:03,973 | INFO : train_ds length: 40, valid_ds length: 40
2025-03-06 00:01:03,973 | INFO : train_ds length: 40, valid_ds length: 40
2025-03-06 00:01:03,973 | INFO : train_ds length: 40, valid_ds length: 40
2025-03-06 00:01:03,973 | INFO : train_ds length: 40, valid_ds length: 40
2025-03-06 00:01:04,128 | INFO : Evaluating on validation set ...
2025-03-06 00:01:04,128 | INFO : Evaluating on validation set ...
2025-03-06 00:01:04,128 | INFO : Evaluating on validation set ...
2025-03-06 00:01:04,128 | INFO : Evaluating on validation set ...
2025-03-06 00:01:04,128 | INFO : Evaluating on validation set ...
2025-03-06 00:01:04,128 | INFO : Evaluating on validation set ...
2025-03-06 00:01:04,128 | INFO : Evaluating on validation set ...
2025-03-06 00:01:53,046 | INFO : train_ds length: 40, valid_ds length: 40
2025-03-06 00:01:53,046 | INFO : train_ds length: 40, valid_ds length: 40
2025-03-06 00:01:53,046 | INFO : train_ds length: 40, valid_ds length: 40
2025-03-06 00:01:53,046 | INFO : train_ds length: 40, valid_ds length: 40
2025-03-06 00:01:53,046 | INFO : train_ds length: 40, valid_ds length: 40
2025-03-06 00:01:53,046 | INFO : train_ds length: 40, valid_ds length: 40
2025-03-06 00:01:53,046 | INFO : train_ds length: 40, valid_ds length: 40
2025-03-06 00:01:53,059 | INFO : {'output_dims': 320, 'feat_dim': 6, 'max_len': 100, 'device': 'cpu'}
2025-03-06 00:01:53,059 | INFO : {'output_dims': 320, 'feat_dim': 6, 'max_len': 100, 'device': 'cpu'}
2025-03-06 00:01:53,059 | INFO : {'output_dims': 320, 'feat_dim': 6, 'max_len': 100, 'device': 'cpu'}
2025-03-06 00:01:53,059 | INFO : {'output_dims': 320, 'feat_dim': 6, 'max_len': 100, 'device': 'cpu'}
2025-03-06 00:01:53,059 | INFO : {'output_dims': 320, 'feat_dim': 6, 'max_len': 100, 'device': 'cpu'}
2025-03-06 00:01:53,059 | INFO : {'output_dims': 320, 'feat_dim': 6, 'max_len': 100, 'device': 'cpu'}
2025-03-06 00:01:53,059 | INFO : {'output_dims': 320, 'feat_dim': 6, 'max_len': 100, 'device': 'cpu'}
2025-03-06 00:01:53,060 | INFO : CSL(
  (shapelets_euclidean): ShapeletsDistBlocks(
    (blocks): ModuleList(
      (0-7): 8 x MinEuclideanDistBlock()
    )
  )
  (shapelets_cosine): ShapeletsDistBlocks(
    (blocks): ModuleList(
      (0-7): 8 x MaxCosineSimilarityBlock(
        (relu): ReLU()
      )
    )
  )
  (shapelets_cross_correlation): ShapeletsDistBlocks(
    (blocks): ModuleList(
      (0): MaxCrossCorrelationBlock(
        (shapelets): Conv1d(6, 14, kernel_size=(10,), stride=(1,))
      )
      (1): MaxCrossCorrelationBlock(
        (shapelets): Conv1d(6, 14, kernel_size=(20,), stride=(1,))
      )
      (2): MaxCrossCorrelationBlock(
        (shapelets): Conv1d(6, 14, kernel_size=(30,), stride=(1,))
      )
      (3): MaxCrossCorrelationBlock(
        (shapelets): Conv1d(6, 14, kernel_size=(40,), stride=(1,))
      )
      (4): MaxCrossCorrelationBlock(
        (shapelets): Conv1d(6, 14, kernel_size=(50,), stride=(1,))
      )
      (5): MaxCrossCorrelationBlock(
        (shapelets): Conv1d(6, 14, kernel_size=(60,), stride=(1,))
      )
      (6): MaxCrossCorrelationBlock(
        (shapelets): Conv1d(6, 14, kernel_size=(70,), stride=(1,))
      )
      (7): MaxCrossCorrelationBlock(
        (shapelets): Conv1d(6, 14, kernel_size=(80,), stride=(1,))
      )
    )
  )
  (linear): Linear(in_features=320, out_features=2, bias=True)
  (projection): Sequential(
    (0): BatchNorm1d(320, eps=1e-05, momentum=0.1, affine=True, track_running_stats=True)
  )
  (bn1): BatchNorm1d(104, eps=1e-05, momentum=0.1, affine=True, track_running_stats=True)
  (bn2): BatchNorm1d(104, eps=1e-05, momentum=0.1, affine=True, track_running_stats=True)
  (bn3): BatchNorm1d(112, eps=1e-05, momentum=0.1, affine=True, track_running_stats=True)
  (projection2): Sequential(
    (0): Linear(in_features=320, out_features=256, bias=True)
    (1): ReLU()
    (2): Linear(in_features=256, out_features=128, bias=True)
  )
)
2025-03-06 00:01:53,060 | INFO : CSL(
  (shapelets_euclidean): ShapeletsDistBlocks(
    (blocks): ModuleList(
      (0-7): 8 x MinEuclideanDistBlock()
    )
  )
  (shapelets_cosine): ShapeletsDistBlocks(
    (blocks): ModuleList(
      (0-7): 8 x MaxCosineSimilarityBlock(
        (relu): ReLU()
      )
    )
  )
  (shapelets_cross_correlation): ShapeletsDistBlocks(
    (blocks): ModuleList(
      (0): MaxCrossCorrelationBlock(
        (shapelets): Conv1d(6, 14, kernel_size=(10,), stride=(1,))
      )
      (1): MaxCrossCorrelationBlock(
        (shapelets): Conv1d(6, 14, kernel_size=(20,), stride=(1,))
      )
      (2): MaxCrossCorrelationBlock(
        (shapelets): Conv1d(6, 14, kernel_size=(30,), stride=(1,))
      )
      (3): MaxCrossCorrelationBlock(
        (shapelets): Conv1d(6, 14, kernel_size=(40,), stride=(1,))
      )
      (4): MaxCrossCorrelationBlock(
        (shapelets): Conv1d(6, 14, kernel_size=(50,), stride=(1,))
      )
      (5): MaxCrossCorrelationBlock(
        (shapelets): Conv1d(6, 14, kernel_size=(60,), stride=(1,))
      )
      (6): MaxCrossCorrelationBlock(
        (shapelets): Conv1d(6, 14, kernel_size=(70,), stride=(1,))
      )
      (7): MaxCrossCorrelationBlock(
        (shapelets): Conv1d(6, 14, kernel_size=(80,), stride=(1,))
      )
    )
  )
  (linear): Linear(in_features=320, out_features=2, bias=True)
  (projection): Sequential(
    (0): BatchNorm1d(320, eps=1e-05, momentum=0.1, affine=True, track_running_stats=True)
  )
  (bn1): BatchNorm1d(104, eps=1e-05, momentum=0.1, affine=True, track_running_stats=True)
  (bn2): BatchNorm1d(104, eps=1e-05, momentum=0.1, affine=True, track_running_stats=True)
  (bn3): BatchNorm1d(112, eps=1e-05, momentum=0.1, affine=True, track_running_stats=True)
  (projection2): Sequential(
    (0): Linear(in_features=320, out_features=256, bias=True)
    (1): ReLU()
    (2): Linear(in_features=256, out_features=128, bias=True)
  )
)
2025-03-06 00:01:53,060 | INFO : CSL(
  (shapelets_euclidean): ShapeletsDistBlocks(
    (blocks): ModuleList(
      (0-7): 8 x MinEuclideanDistBlock()
    )
  )
  (shapelets_cosine): ShapeletsDistBlocks(
    (blocks): ModuleList(
      (0-7): 8 x MaxCosineSimilarityBlock(
        (relu): ReLU()
      )
    )
  )
  (shapelets_cross_correlation): ShapeletsDistBlocks(
    (blocks): ModuleList(
      (0): MaxCrossCorrelationBlock(
        (shapelets): Conv1d(6, 14, kernel_size=(10,), stride=(1,))
      )
      (1): MaxCrossCorrelationBlock(
        (shapelets): Conv1d(6, 14, kernel_size=(20,), stride=(1,))
      )
      (2): MaxCrossCorrelationBlock(
        (shapelets): Conv1d(6, 14, kernel_size=(30,), stride=(1,))
      )
      (3): MaxCrossCorrelationBlock(
        (shapelets): Conv1d(6, 14, kernel_size=(40,), stride=(1,))
      )
      (4): MaxCrossCorrelationBlock(
        (shapelets): Conv1d(6, 14, kernel_size=(50,), stride=(1,))
      )
      (5): MaxCrossCorrelationBlock(
        (shapelets): Conv1d(6, 14, kernel_size=(60,), stride=(1,))
      )
      (6): MaxCrossCorrelationBlock(
        (shapelets): Conv1d(6, 14, kernel_size=(70,), stride=(1,))
      )
      (7): MaxCrossCorrelationBlock(
        (shapelets): Conv1d(6, 14, kernel_size=(80,), stride=(1,))
      )
    )
  )
  (linear): Linear(in_features=320, out_features=2, bias=True)
  (projection): Sequential(
    (0): BatchNorm1d(320, eps=1e-05, momentum=0.1, affine=True, track_running_stats=True)
  )
  (bn1): BatchNorm1d(104, eps=1e-05, momentum=0.1, affine=True, track_running_stats=True)
  (bn2): BatchNorm1d(104, eps=1e-05, momentum=0.1, affine=True, track_running_stats=True)
  (bn3): BatchNorm1d(112, eps=1e-05, momentum=0.1, affine=True, track_running_stats=True)
  (projection2): Sequential(
    (0): Linear(in_features=320, out_features=256, bias=True)
    (1): ReLU()
    (2): Linear(in_features=256, out_features=128, bias=True)
  )
)
2025-03-06 00:01:53,060 | INFO : CSL(
  (shapelets_euclidean): ShapeletsDistBlocks(
    (blocks): ModuleList(
      (0-7): 8 x MinEuclideanDistBlock()
    )
  )
  (shapelets_cosine): ShapeletsDistBlocks(
    (blocks): ModuleList(
      (0-7): 8 x MaxCosineSimilarityBlock(
        (relu): ReLU()
      )
    )
  )
  (shapelets_cross_correlation): ShapeletsDistBlocks(
    (blocks): ModuleList(
      (0): MaxCrossCorrelationBlock(
        (shapelets): Conv1d(6, 14, kernel_size=(10,), stride=(1,))
      )
      (1): MaxCrossCorrelationBlock(
        (shapelets): Conv1d(6, 14, kernel_size=(20,), stride=(1,))
      )
      (2): MaxCrossCorrelationBlock(
        (shapelets): Conv1d(6, 14, kernel_size=(30,), stride=(1,))
      )
      (3): MaxCrossCorrelationBlock(
        (shapelets): Conv1d(6, 14, kernel_size=(40,), stride=(1,))
      )
      (4): MaxCrossCorrelationBlock(
        (shapelets): Conv1d(6, 14, kernel_size=(50,), stride=(1,))
      )
      (5): MaxCrossCorrelationBlock(
        (shapelets): Conv1d(6, 14, kernel_size=(60,), stride=(1,))
      )
      (6): MaxCrossCorrelationBlock(
        (shapelets): Conv1d(6, 14, kernel_size=(70,), stride=(1,))
      )
      (7): MaxCrossCorrelationBlock(
        (shapelets): Conv1d(6, 14, kernel_size=(80,), stride=(1,))
      )
    )
  )
  (linear): Linear(in_features=320, out_features=2, bias=True)
  (projection): Sequential(
    (0): BatchNorm1d(320, eps=1e-05, momentum=0.1, affine=True, track_running_stats=True)
  )
  (bn1): BatchNorm1d(104, eps=1e-05, momentum=0.1, affine=True, track_running_stats=True)
  (bn2): BatchNorm1d(104, eps=1e-05, momentum=0.1, affine=True, track_running_stats=True)
  (bn3): BatchNorm1d(112, eps=1e-05, momentum=0.1, affine=True, track_running_stats=True)
  (projection2): Sequential(
    (0): Linear(in_features=320, out_features=256, bias=True)
    (1): ReLU()
    (2): Linear(in_features=256, out_features=128, bias=True)
  )
)
2025-03-06 00:01:53,060 | INFO : CSL(
  (shapelets_euclidean): ShapeletsDistBlocks(
    (blocks): ModuleList(
      (0-7): 8 x MinEuclideanDistBlock()
    )
  )
  (shapelets_cosine): ShapeletsDistBlocks(
    (blocks): ModuleList(
      (0-7): 8 x MaxCosineSimilarityBlock(
        (relu): ReLU()
      )
    )
  )
  (shapelets_cross_correlation): ShapeletsDistBlocks(
    (blocks): ModuleList(
      (0): MaxCrossCorrelationBlock(
        (shapelets): Conv1d(6, 14, kernel_size=(10,), stride=(1,))
      )
      (1): MaxCrossCorrelationBlock(
        (shapelets): Conv1d(6, 14, kernel_size=(20,), stride=(1,))
      )
      (2): MaxCrossCorrelationBlock(
        (shapelets): Conv1d(6, 14, kernel_size=(30,), stride=(1,))
      )
      (3): MaxCrossCorrelationBlock(
        (shapelets): Conv1d(6, 14, kernel_size=(40,), stride=(1,))
      )
      (4): MaxCrossCorrelationBlock(
        (shapelets): Conv1d(6, 14, kernel_size=(50,), stride=(1,))
      )
      (5): MaxCrossCorrelationBlock(
        (shapelets): Conv1d(6, 14, kernel_size=(60,), stride=(1,))
      )
      (6): MaxCrossCorrelationBlock(
        (shapelets): Conv1d(6, 14, kernel_size=(70,), stride=(1,))
      )
      (7): MaxCrossCorrelationBlock(
        (shapelets): Conv1d(6, 14, kernel_size=(80,), stride=(1,))
      )
    )
  )
  (linear): Linear(in_features=320, out_features=2, bias=True)
  (projection): Sequential(
    (0): BatchNorm1d(320, eps=1e-05, momentum=0.1, affine=True, track_running_stats=True)
  )
  (bn1): BatchNorm1d(104, eps=1e-05, momentum=0.1, affine=True, track_running_stats=True)
  (bn2): BatchNorm1d(104, eps=1e-05, momentum=0.1, affine=True, track_running_stats=True)
  (bn3): BatchNorm1d(112, eps=1e-05, momentum=0.1, affine=True, track_running_stats=True)
  (projection2): Sequential(
    (0): Linear(in_features=320, out_features=256, bias=True)
    (1): ReLU()
    (2): Linear(in_features=256, out_features=128, bias=True)
  )
)
2025-03-06 00:01:53,060 | INFO : CSL(
  (shapelets_euclidean): ShapeletsDistBlocks(
    (blocks): ModuleList(
      (0-7): 8 x MinEuclideanDistBlock()
    )
  )
  (shapelets_cosine): ShapeletsDistBlocks(
    (blocks): ModuleList(
      (0-7): 8 x MaxCosineSimilarityBlock(
        (relu): ReLU()
      )
    )
  )
  (shapelets_cross_correlation): ShapeletsDistBlocks(
    (blocks): ModuleList(
      (0): MaxCrossCorrelationBlock(
        (shapelets): Conv1d(6, 14, kernel_size=(10,), stride=(1,))
      )
      (1): MaxCrossCorrelationBlock(
        (shapelets): Conv1d(6, 14, kernel_size=(20,), stride=(1,))
      )
      (2): MaxCrossCorrelationBlock(
        (shapelets): Conv1d(6, 14, kernel_size=(30,), stride=(1,))
      )
      (3): MaxCrossCorrelationBlock(
        (shapelets): Conv1d(6, 14, kernel_size=(40,), stride=(1,))
      )
      (4): MaxCrossCorrelationBlock(
        (shapelets): Conv1d(6, 14, kernel_size=(50,), stride=(1,))
      )
      (5): MaxCrossCorrelationBlock(
        (shapelets): Conv1d(6, 14, kernel_size=(60,), stride=(1,))
      )
      (6): MaxCrossCorrelationBlock(
        (shapelets): Conv1d(6, 14, kernel_size=(70,), stride=(1,))
      )
      (7): MaxCrossCorrelationBlock(
        (shapelets): Conv1d(6, 14, kernel_size=(80,), stride=(1,))
      )
    )
  )
  (linear): Linear(in_features=320, out_features=2, bias=True)
  (projection): Sequential(
    (0): BatchNorm1d(320, eps=1e-05, momentum=0.1, affine=True, track_running_stats=True)
  )
  (bn1): BatchNorm1d(104, eps=1e-05, momentum=0.1, affine=True, track_running_stats=True)
  (bn2): BatchNorm1d(104, eps=1e-05, momentum=0.1, affine=True, track_running_stats=True)
  (bn3): BatchNorm1d(112, eps=1e-05, momentum=0.1, affine=True, track_running_stats=True)
  (projection2): Sequential(
    (0): Linear(in_features=320, out_features=256, bias=True)
    (1): ReLU()
    (2): Linear(in_features=256, out_features=128, bias=True)
  )
)
2025-03-06 00:01:53,060 | INFO : CSL(
  (shapelets_euclidean): ShapeletsDistBlocks(
    (blocks): ModuleList(
      (0-7): 8 x MinEuclideanDistBlock()
    )
  )
  (shapelets_cosine): ShapeletsDistBlocks(
    (blocks): ModuleList(
      (0-7): 8 x MaxCosineSimilarityBlock(
        (relu): ReLU()
      )
    )
  )
  (shapelets_cross_correlation): ShapeletsDistBlocks(
    (blocks): ModuleList(
      (0): MaxCrossCorrelationBlock(
        (shapelets): Conv1d(6, 14, kernel_size=(10,), stride=(1,))
      )
      (1): MaxCrossCorrelationBlock(
        (shapelets): Conv1d(6, 14, kernel_size=(20,), stride=(1,))
      )
      (2): MaxCrossCorrelationBlock(
        (shapelets): Conv1d(6, 14, kernel_size=(30,), stride=(1,))
      )
      (3): MaxCrossCorrelationBlock(
        (shapelets): Conv1d(6, 14, kernel_size=(40,), stride=(1,))
      )
      (4): MaxCrossCorrelationBlock(
        (shapelets): Conv1d(6, 14, kernel_size=(50,), stride=(1,))
      )
      (5): MaxCrossCorrelationBlock(
        (shapelets): Conv1d(6, 14, kernel_size=(60,), stride=(1,))
      )
      (6): MaxCrossCorrelationBlock(
        (shapelets): Conv1d(6, 14, kernel_size=(70,), stride=(1,))
      )
      (7): MaxCrossCorrelationBlock(
        (shapelets): Conv1d(6, 14, kernel_size=(80,), stride=(1,))
      )
    )
  )
  (linear): Linear(in_features=320, out_features=2, bias=True)
  (projection): Sequential(
    (0): BatchNorm1d(320, eps=1e-05, momentum=0.1, affine=True, track_running_stats=True)
  )
  (bn1): BatchNorm1d(104, eps=1e-05, momentum=0.1, affine=True, track_running_stats=True)
  (bn2): BatchNorm1d(104, eps=1e-05, momentum=0.1, affine=True, track_running_stats=True)
  (bn3): BatchNorm1d(112, eps=1e-05, momentum=0.1, affine=True, track_running_stats=True)
  (projection2): Sequential(
    (0): Linear(in_features=320, out_features=256, bias=True)
    (1): ReLU()
    (2): Linear(in_features=256, out_features=128, bias=True)
  )
)
2025-03-06 00:01:53,114 | INFO : train_ds length: 40, valid_ds length: 40
2025-03-06 00:01:53,114 | INFO : train_ds length: 40, valid_ds length: 40
2025-03-06 00:01:53,114 | INFO : train_ds length: 40, valid_ds length: 40
2025-03-06 00:01:53,114 | INFO : train_ds length: 40, valid_ds length: 40
2025-03-06 00:01:53,114 | INFO : train_ds length: 40, valid_ds length: 40
2025-03-06 00:01:53,114 | INFO : train_ds length: 40, valid_ds length: 40
2025-03-06 00:01:53,114 | INFO : train_ds length: 40, valid_ds length: 40
2025-03-06 00:01:53,114 | INFO : train_ds length: 40, valid_ds length: 40
2025-03-06 00:01:53,473 | INFO : Evaluating on validation set ...
2025-03-06 00:01:53,473 | INFO : Evaluating on validation set ...
2025-03-06 00:01:53,473 | INFO : Evaluating on validation set ...
2025-03-06 00:01:53,473 | INFO : Evaluating on validation set ...
2025-03-06 00:01:53,473 | INFO : Evaluating on validation set ...
2025-03-06 00:01:53,473 | INFO : Evaluating on validation set ...
2025-03-06 00:01:53,473 | INFO : Evaluating on validation set ...
2025-03-06 00:01:53,473 | INFO : Evaluating on validation set ...
2025-03-06 00:01:53,876 | INFO : Validation runtime: 0.0 hours, 0.0 minutes, 0.401613712310791 seconds

2025-03-06 00:01:53,876 | INFO : Validation runtime: 0.0 hours, 0.0 minutes, 0.401613712310791 seconds

2025-03-06 00:01:53,876 | INFO : Validation runtime: 0.0 hours, 0.0 minutes, 0.401613712310791 seconds

2025-03-06 00:01:53,876 | INFO : Validation runtime: 0.0 hours, 0.0 minutes, 0.401613712310791 seconds

2025-03-06 00:01:53,876 | INFO : Validation runtime: 0.0 hours, 0.0 minutes, 0.401613712310791 seconds

2025-03-06 00:01:53,876 | INFO : Validation runtime: 0.0 hours, 0.0 minutes, 0.401613712310791 seconds

2025-03-06 00:01:53,876 | INFO : Validation runtime: 0.0 hours, 0.0 minutes, 0.401613712310791 seconds

2025-03-06 00:01:53,876 | INFO : Validation runtime: 0.0 hours, 0.0 minutes, 0.401613712310791 seconds

2025-03-06 00:01:53,877 | INFO : Avg val. time: 0.0 hours, 0.0 minutes, 0.401613712310791 seconds
2025-03-06 00:01:53,877 | INFO : Avg val. time: 0.0 hours, 0.0 minutes, 0.401613712310791 seconds
2025-03-06 00:01:53,877 | INFO : Avg val. time: 0.0 hours, 0.0 minutes, 0.401613712310791 seconds
2025-03-06 00:01:53,877 | INFO : Avg val. time: 0.0 hours, 0.0 minutes, 0.401613712310791 seconds
2025-03-06 00:01:53,877 | INFO : Avg val. time: 0.0 hours, 0.0 minutes, 0.401613712310791 seconds
2025-03-06 00:01:53,877 | INFO : Avg val. time: 0.0 hours, 0.0 minutes, 0.401613712310791 seconds
2025-03-06 00:01:53,877 | INFO : Avg val. time: 0.0 hours, 0.0 minutes, 0.401613712310791 seconds
2025-03-06 00:01:53,877 | INFO : Avg val. time: 0.0 hours, 0.0 minutes, 0.401613712310791 seconds
2025-03-06 00:01:53,879 | INFO : Avg batch val. time: 0.010040342807769775 seconds
2025-03-06 00:01:53,879 | INFO : Avg batch val. time: 0.010040342807769775 seconds
2025-03-06 00:01:53,879 | INFO : Avg batch val. time: 0.010040342807769775 seconds
2025-03-06 00:01:53,879 | INFO : Avg batch val. time: 0.010040342807769775 seconds
2025-03-06 00:01:53,879 | INFO : Avg batch val. time: 0.010040342807769775 seconds
2025-03-06 00:01:53,879 | INFO : Avg batch val. time: 0.010040342807769775 seconds
2025-03-06 00:01:53,879 | INFO : Avg batch val. time: 0.010040342807769775 seconds
2025-03-06 00:01:53,879 | INFO : Avg batch val. time: 0.010040342807769775 seconds
2025-03-06 00:01:53,880 | INFO : Avg sample val. time: 0.010040342807769775 seconds
2025-03-06 00:01:53,880 | INFO : Avg sample val. time: 0.010040342807769775 seconds
2025-03-06 00:01:53,880 | INFO : Avg sample val. time: 0.010040342807769775 seconds
2025-03-06 00:01:53,880 | INFO : Avg sample val. time: 0.010040342807769775 seconds
2025-03-06 00:01:53,880 | INFO : Avg sample val. time: 0.010040342807769775 seconds
2025-03-06 00:01:53,880 | INFO : Avg sample val. time: 0.010040342807769775 seconds
2025-03-06 00:01:53,880 | INFO : Avg sample val. time: 0.010040342807769775 seconds
2025-03-06 00:01:53,880 | INFO : Avg sample val. time: 0.010040342807769775 seconds
2025-03-06 00:01:53,882 | INFO : Epoch 0 Validation Summary: epoch: 0.000000 | loss: 3.978218 | 
2025-03-06 00:01:53,882 | INFO : Epoch 0 Validation Summary: epoch: 0.000000 | loss: 3.978218 | 
2025-03-06 00:01:53,882 | INFO : Epoch 0 Validation Summary: epoch: 0.000000 | loss: 3.978218 | 
2025-03-06 00:01:53,882 | INFO : Epoch 0 Validation Summary: epoch: 0.000000 | loss: 3.978218 | 
2025-03-06 00:01:53,882 | INFO : Epoch 0 Validation Summary: epoch: 0.000000 | loss: 3.978218 | 
2025-03-06 00:01:53,882 | INFO : Epoch 0 Validation Summary: epoch: 0.000000 | loss: 3.978218 | 
2025-03-06 00:01:53,882 | INFO : Epoch 0 Validation Summary: epoch: 0.000000 | loss: 3.978218 | 
2025-03-06 00:01:53,882 | INFO : Epoch 0 Validation Summary: epoch: 0.000000 | loss: 3.978218 | 
2025-03-06 00:01:53,930 | INFO : Evaluating on validation set ...
2025-03-06 00:01:53,930 | INFO : Evaluating on validation set ...
2025-03-06 00:01:53,930 | INFO : Evaluating on validation set ...
2025-03-06 00:01:53,930 | INFO : Evaluating on validation set ...
2025-03-06 00:01:53,930 | INFO : Evaluating on validation set ...
2025-03-06 00:01:53,930 | INFO : Evaluating on validation set ...
2025-03-06 00:01:53,930 | INFO : Evaluating on validation set ...
2025-03-06 00:01:53,930 | INFO : Evaluating on validation set ...
2025-03-06 00:01:54,278 | INFO : Validation runtime: 0.0 hours, 0.0 minutes, 0.34696078300476074 seconds

2025-03-06 00:01:54,278 | INFO : Validation runtime: 0.0 hours, 0.0 minutes, 0.34696078300476074 seconds

2025-03-06 00:01:54,278 | INFO : Validation runtime: 0.0 hours, 0.0 minutes, 0.34696078300476074 seconds

2025-03-06 00:01:54,278 | INFO : Validation runtime: 0.0 hours, 0.0 minutes, 0.34696078300476074 seconds

2025-03-06 00:01:54,278 | INFO : Validation runtime: 0.0 hours, 0.0 minutes, 0.34696078300476074 seconds

2025-03-06 00:01:54,278 | INFO : Validation runtime: 0.0 hours, 0.0 minutes, 0.34696078300476074 seconds

2025-03-06 00:01:54,278 | INFO : Validation runtime: 0.0 hours, 0.0 minutes, 0.34696078300476074 seconds

2025-03-06 00:01:54,278 | INFO : Validation runtime: 0.0 hours, 0.0 minutes, 0.34696078300476074 seconds

2025-03-06 00:01:54,280 | INFO : Avg val. time: 0.0 hours, 0.0 minutes, 0.3742872476577759 seconds
2025-03-06 00:01:54,280 | INFO : Avg val. time: 0.0 hours, 0.0 minutes, 0.3742872476577759 seconds
2025-03-06 00:01:54,280 | INFO : Avg val. time: 0.0 hours, 0.0 minutes, 0.3742872476577759 seconds
2025-03-06 00:01:54,280 | INFO : Avg val. time: 0.0 hours, 0.0 minutes, 0.3742872476577759 seconds
2025-03-06 00:01:54,280 | INFO : Avg val. time: 0.0 hours, 0.0 minutes, 0.3742872476577759 seconds
2025-03-06 00:01:54,280 | INFO : Avg val. time: 0.0 hours, 0.0 minutes, 0.3742872476577759 seconds
2025-03-06 00:01:54,280 | INFO : Avg val. time: 0.0 hours, 0.0 minutes, 0.3742872476577759 seconds
2025-03-06 00:01:54,280 | INFO : Avg val. time: 0.0 hours, 0.0 minutes, 0.3742872476577759 seconds
2025-03-06 00:01:54,281 | INFO : Avg batch val. time: 0.009357181191444398 seconds
2025-03-06 00:01:54,281 | INFO : Avg batch val. time: 0.009357181191444398 seconds
2025-03-06 00:01:54,281 | INFO : Avg batch val. time: 0.009357181191444398 seconds
2025-03-06 00:01:54,281 | INFO : Avg batch val. time: 0.009357181191444398 seconds
2025-03-06 00:01:54,281 | INFO : Avg batch val. time: 0.009357181191444398 seconds
2025-03-06 00:01:54,281 | INFO : Avg batch val. time: 0.009357181191444398 seconds
2025-03-06 00:01:54,281 | INFO : Avg batch val. time: 0.009357181191444398 seconds
2025-03-06 00:01:54,281 | INFO : Avg batch val. time: 0.009357181191444398 seconds
2025-03-06 00:01:54,283 | INFO : Avg sample val. time: 0.009357181191444398 seconds
2025-03-06 00:01:54,283 | INFO : Avg sample val. time: 0.009357181191444398 seconds
2025-03-06 00:01:54,283 | INFO : Avg sample val. time: 0.009357181191444398 seconds
2025-03-06 00:01:54,283 | INFO : Avg sample val. time: 0.009357181191444398 seconds
2025-03-06 00:01:54,283 | INFO : Avg sample val. time: 0.009357181191444398 seconds
2025-03-06 00:01:54,283 | INFO : Avg sample val. time: 0.009357181191444398 seconds
2025-03-06 00:01:54,283 | INFO : Avg sample val. time: 0.009357181191444398 seconds
2025-03-06 00:01:54,283 | INFO : Avg sample val. time: 0.009357181191444398 seconds
2025-03-06 00:01:54,284 | INFO : Epoch 1 Validation Summary: epoch: 1.000000 | loss: 2.912129 | 
2025-03-06 00:01:54,284 | INFO : Epoch 1 Validation Summary: epoch: 1.000000 | loss: 2.912129 | 
2025-03-06 00:01:54,284 | INFO : Epoch 1 Validation Summary: epoch: 1.000000 | loss: 2.912129 | 
2025-03-06 00:01:54,284 | INFO : Epoch 1 Validation Summary: epoch: 1.000000 | loss: 2.912129 | 
2025-03-06 00:01:54,284 | INFO : Epoch 1 Validation Summary: epoch: 1.000000 | loss: 2.912129 | 
2025-03-06 00:01:54,284 | INFO : Epoch 1 Validation Summary: epoch: 1.000000 | loss: 2.912129 | 
2025-03-06 00:01:54,284 | INFO : Epoch 1 Validation Summary: epoch: 1.000000 | loss: 2.912129 | 
2025-03-06 00:01:54,284 | INFO : Epoch 1 Validation Summary: epoch: 1.000000 | loss: 2.912129 | 
2025-03-06 00:01:54,332 | INFO : Evaluating on validation set ...
2025-03-06 00:01:54,332 | INFO : Evaluating on validation set ...
2025-03-06 00:01:54,332 | INFO : Evaluating on validation set ...
2025-03-06 00:01:54,332 | INFO : Evaluating on validation set ...
2025-03-06 00:01:54,332 | INFO : Evaluating on validation set ...
2025-03-06 00:01:54,332 | INFO : Evaluating on validation set ...
2025-03-06 00:01:54,332 | INFO : Evaluating on validation set ...
2025-03-06 00:01:54,332 | INFO : Evaluating on validation set ...
2025-03-06 00:01:54,662 | INFO : Validation runtime: 0.0 hours, 0.0 minutes, 0.3284025192260742 seconds

2025-03-06 00:01:54,662 | INFO : Validation runtime: 0.0 hours, 0.0 minutes, 0.3284025192260742 seconds

2025-03-06 00:01:54,662 | INFO : Validation runtime: 0.0 hours, 0.0 minutes, 0.3284025192260742 seconds

2025-03-06 00:01:54,662 | INFO : Validation runtime: 0.0 hours, 0.0 minutes, 0.3284025192260742 seconds

2025-03-06 00:01:54,662 | INFO : Validation runtime: 0.0 hours, 0.0 minutes, 0.3284025192260742 seconds

2025-03-06 00:01:54,662 | INFO : Validation runtime: 0.0 hours, 0.0 minutes, 0.3284025192260742 seconds

2025-03-06 00:01:54,662 | INFO : Validation runtime: 0.0 hours, 0.0 minutes, 0.3284025192260742 seconds

2025-03-06 00:01:54,662 | INFO : Validation runtime: 0.0 hours, 0.0 minutes, 0.3284025192260742 seconds

2025-03-06 00:01:54,664 | INFO : Avg val. time: 0.0 hours, 0.0 minutes, 0.358992338180542 seconds
2025-03-06 00:01:54,664 | INFO : Avg val. time: 0.0 hours, 0.0 minutes, 0.358992338180542 seconds
2025-03-06 00:01:54,664 | INFO : Avg val. time: 0.0 hours, 0.0 minutes, 0.358992338180542 seconds
2025-03-06 00:01:54,664 | INFO : Avg val. time: 0.0 hours, 0.0 minutes, 0.358992338180542 seconds
2025-03-06 00:01:54,664 | INFO : Avg val. time: 0.0 hours, 0.0 minutes, 0.358992338180542 seconds
2025-03-06 00:01:54,664 | INFO : Avg val. time: 0.0 hours, 0.0 minutes, 0.358992338180542 seconds
2025-03-06 00:01:54,664 | INFO : Avg val. time: 0.0 hours, 0.0 minutes, 0.358992338180542 seconds
2025-03-06 00:01:54,664 | INFO : Avg val. time: 0.0 hours, 0.0 minutes, 0.358992338180542 seconds
2025-03-06 00:01:54,665 | INFO : Avg batch val. time: 0.008974808454513549 seconds
2025-03-06 00:01:54,665 | INFO : Avg batch val. time: 0.008974808454513549 seconds
2025-03-06 00:01:54,665 | INFO : Avg batch val. time: 0.008974808454513549 seconds
2025-03-06 00:01:54,665 | INFO : Avg batch val. time: 0.008974808454513549 seconds
2025-03-06 00:01:54,665 | INFO : Avg batch val. time: 0.008974808454513549 seconds
2025-03-06 00:01:54,665 | INFO : Avg batch val. time: 0.008974808454513549 seconds
2025-03-06 00:01:54,665 | INFO : Avg batch val. time: 0.008974808454513549 seconds
2025-03-06 00:01:54,665 | INFO : Avg batch val. time: 0.008974808454513549 seconds
2025-03-06 00:01:54,667 | INFO : Avg sample val. time: 0.008974808454513549 seconds
2025-03-06 00:01:54,667 | INFO : Avg sample val. time: 0.008974808454513549 seconds
2025-03-06 00:01:54,667 | INFO : Avg sample val. time: 0.008974808454513549 seconds
2025-03-06 00:01:54,667 | INFO : Avg sample val. time: 0.008974808454513549 seconds
2025-03-06 00:01:54,667 | INFO : Avg sample val. time: 0.008974808454513549 seconds
2025-03-06 00:01:54,667 | INFO : Avg sample val. time: 0.008974808454513549 seconds
2025-03-06 00:01:54,667 | INFO : Avg sample val. time: 0.008974808454513549 seconds
2025-03-06 00:01:54,667 | INFO : Avg sample val. time: 0.008974808454513549 seconds
2025-03-06 00:01:54,668 | INFO : Epoch 2 Validation Summary: epoch: 2.000000 | loss: 2.142084 | 
2025-03-06 00:01:54,668 | INFO : Epoch 2 Validation Summary: epoch: 2.000000 | loss: 2.142084 | 
2025-03-06 00:01:54,668 | INFO : Epoch 2 Validation Summary: epoch: 2.000000 | loss: 2.142084 | 
2025-03-06 00:01:54,668 | INFO : Epoch 2 Validation Summary: epoch: 2.000000 | loss: 2.142084 | 
2025-03-06 00:01:54,668 | INFO : Epoch 2 Validation Summary: epoch: 2.000000 | loss: 2.142084 | 
2025-03-06 00:01:54,668 | INFO : Epoch 2 Validation Summary: epoch: 2.000000 | loss: 2.142084 | 
2025-03-06 00:01:54,668 | INFO : Epoch 2 Validation Summary: epoch: 2.000000 | loss: 2.142084 | 
2025-03-06 00:01:54,668 | INFO : Epoch 2 Validation Summary: epoch: 2.000000 | loss: 2.142084 | 
2025-03-06 00:01:54,714 | INFO : Evaluating on validation set ...
2025-03-06 00:01:54,714 | INFO : Evaluating on validation set ...
2025-03-06 00:01:54,714 | INFO : Evaluating on validation set ...
2025-03-06 00:01:54,714 | INFO : Evaluating on validation set ...
2025-03-06 00:01:54,714 | INFO : Evaluating on validation set ...
2025-03-06 00:01:54,714 | INFO : Evaluating on validation set ...
2025-03-06 00:01:54,714 | INFO : Evaluating on validation set ...
2025-03-06 00:01:54,714 | INFO : Evaluating on validation set ...
2025-03-06 00:01:55,053 | INFO : Validation runtime: 0.0 hours, 0.0 minutes, 0.33812618255615234 seconds

2025-03-06 00:01:55,053 | INFO : Validation runtime: 0.0 hours, 0.0 minutes, 0.33812618255615234 seconds

2025-03-06 00:01:55,053 | INFO : Validation runtime: 0.0 hours, 0.0 minutes, 0.33812618255615234 seconds

2025-03-06 00:01:55,053 | INFO : Validation runtime: 0.0 hours, 0.0 minutes, 0.33812618255615234 seconds

2025-03-06 00:01:55,053 | INFO : Validation runtime: 0.0 hours, 0.0 minutes, 0.33812618255615234 seconds

2025-03-06 00:01:55,053 | INFO : Validation runtime: 0.0 hours, 0.0 minutes, 0.33812618255615234 seconds

2025-03-06 00:01:55,053 | INFO : Validation runtime: 0.0 hours, 0.0 minutes, 0.33812618255615234 seconds

2025-03-06 00:01:55,053 | INFO : Validation runtime: 0.0 hours, 0.0 minutes, 0.33812618255615234 seconds

2025-03-06 00:01:55,055 | INFO : Avg val. time: 0.0 hours, 0.0 minutes, 0.3537757992744446 seconds
2025-03-06 00:01:55,055 | INFO : Avg val. time: 0.0 hours, 0.0 minutes, 0.3537757992744446 seconds
2025-03-06 00:01:55,055 | INFO : Avg val. time: 0.0 hours, 0.0 minutes, 0.3537757992744446 seconds
2025-03-06 00:01:55,055 | INFO : Avg val. time: 0.0 hours, 0.0 minutes, 0.3537757992744446 seconds
2025-03-06 00:01:55,055 | INFO : Avg val. time: 0.0 hours, 0.0 minutes, 0.3537757992744446 seconds
2025-03-06 00:01:55,055 | INFO : Avg val. time: 0.0 hours, 0.0 minutes, 0.3537757992744446 seconds
2025-03-06 00:01:55,055 | INFO : Avg val. time: 0.0 hours, 0.0 minutes, 0.3537757992744446 seconds
2025-03-06 00:01:55,055 | INFO : Avg val. time: 0.0 hours, 0.0 minutes, 0.3537757992744446 seconds
2025-03-06 00:01:55,057 | INFO : Avg batch val. time: 0.008844394981861115 seconds
2025-03-06 00:01:55,057 | INFO : Avg batch val. time: 0.008844394981861115 seconds
2025-03-06 00:01:55,057 | INFO : Avg batch val. time: 0.008844394981861115 seconds
2025-03-06 00:01:55,057 | INFO : Avg batch val. time: 0.008844394981861115 seconds
2025-03-06 00:01:55,057 | INFO : Avg batch val. time: 0.008844394981861115 seconds
2025-03-06 00:01:55,057 | INFO : Avg batch val. time: 0.008844394981861115 seconds
2025-03-06 00:01:55,057 | INFO : Avg batch val. time: 0.008844394981861115 seconds
2025-03-06 00:01:55,057 | INFO : Avg batch val. time: 0.008844394981861115 seconds
2025-03-06 00:01:55,058 | INFO : Avg sample val. time: 0.008844394981861115 seconds
2025-03-06 00:01:55,058 | INFO : Avg sample val. time: 0.008844394981861115 seconds
2025-03-06 00:01:55,058 | INFO : Avg sample val. time: 0.008844394981861115 seconds
2025-03-06 00:01:55,058 | INFO : Avg sample val. time: 0.008844394981861115 seconds
2025-03-06 00:01:55,058 | INFO : Avg sample val. time: 0.008844394981861115 seconds
2025-03-06 00:01:55,058 | INFO : Avg sample val. time: 0.008844394981861115 seconds
2025-03-06 00:01:55,058 | INFO : Avg sample val. time: 0.008844394981861115 seconds
2025-03-06 00:01:55,058 | INFO : Avg sample val. time: 0.008844394981861115 seconds
2025-03-06 00:01:55,059 | INFO : Epoch 3 Validation Summary: epoch: 3.000000 | loss: 1.581592 | 
2025-03-06 00:01:55,059 | INFO : Epoch 3 Validation Summary: epoch: 3.000000 | loss: 1.581592 | 
2025-03-06 00:01:55,059 | INFO : Epoch 3 Validation Summary: epoch: 3.000000 | loss: 1.581592 | 
2025-03-06 00:01:55,059 | INFO : Epoch 3 Validation Summary: epoch: 3.000000 | loss: 1.581592 | 
2025-03-06 00:01:55,059 | INFO : Epoch 3 Validation Summary: epoch: 3.000000 | loss: 1.581592 | 
2025-03-06 00:01:55,059 | INFO : Epoch 3 Validation Summary: epoch: 3.000000 | loss: 1.581592 | 
2025-03-06 00:01:55,059 | INFO : Epoch 3 Validation Summary: epoch: 3.000000 | loss: 1.581592 | 
2025-03-06 00:01:55,059 | INFO : Epoch 3 Validation Summary: epoch: 3.000000 | loss: 1.581592 | 
2025-03-06 00:01:55,105 | INFO : Evaluating on validation set ...
2025-03-06 00:01:55,105 | INFO : Evaluating on validation set ...
2025-03-06 00:01:55,105 | INFO : Evaluating on validation set ...
2025-03-06 00:01:55,105 | INFO : Evaluating on validation set ...
2025-03-06 00:01:55,105 | INFO : Evaluating on validation set ...
2025-03-06 00:01:55,105 | INFO : Evaluating on validation set ...
2025-03-06 00:01:55,105 | INFO : Evaluating on validation set ...
2025-03-06 00:01:55,105 | INFO : Evaluating on validation set ...
2025-03-06 00:01:55,455 | INFO : Validation runtime: 0.0 hours, 0.0 minutes, 0.3484208583831787 seconds

2025-03-06 00:01:55,455 | INFO : Validation runtime: 0.0 hours, 0.0 minutes, 0.3484208583831787 seconds

2025-03-06 00:01:55,455 | INFO : Validation runtime: 0.0 hours, 0.0 minutes, 0.3484208583831787 seconds

2025-03-06 00:01:55,455 | INFO : Validation runtime: 0.0 hours, 0.0 minutes, 0.3484208583831787 seconds

2025-03-06 00:01:55,455 | INFO : Validation runtime: 0.0 hours, 0.0 minutes, 0.3484208583831787 seconds

2025-03-06 00:01:55,455 | INFO : Validation runtime: 0.0 hours, 0.0 minutes, 0.3484208583831787 seconds

2025-03-06 00:01:55,455 | INFO : Validation runtime: 0.0 hours, 0.0 minutes, 0.3484208583831787 seconds

2025-03-06 00:01:55,455 | INFO : Validation runtime: 0.0 hours, 0.0 minutes, 0.3484208583831787 seconds

2025-03-06 00:01:55,457 | INFO : Avg val. time: 0.0 hours, 0.0 minutes, 0.3527048110961914 seconds
2025-03-06 00:01:55,457 | INFO : Avg val. time: 0.0 hours, 0.0 minutes, 0.3527048110961914 seconds
2025-03-06 00:01:55,457 | INFO : Avg val. time: 0.0 hours, 0.0 minutes, 0.3527048110961914 seconds
2025-03-06 00:01:55,457 | INFO : Avg val. time: 0.0 hours, 0.0 minutes, 0.3527048110961914 seconds
2025-03-06 00:01:55,457 | INFO : Avg val. time: 0.0 hours, 0.0 minutes, 0.3527048110961914 seconds
2025-03-06 00:01:55,457 | INFO : Avg val. time: 0.0 hours, 0.0 minutes, 0.3527048110961914 seconds
2025-03-06 00:01:55,457 | INFO : Avg val. time: 0.0 hours, 0.0 minutes, 0.3527048110961914 seconds
2025-03-06 00:01:55,457 | INFO : Avg val. time: 0.0 hours, 0.0 minutes, 0.3527048110961914 seconds
2025-03-06 00:01:55,458 | INFO : Avg batch val. time: 0.008817620277404785 seconds
2025-03-06 00:01:55,458 | INFO : Avg batch val. time: 0.008817620277404785 seconds
2025-03-06 00:01:55,458 | INFO : Avg batch val. time: 0.008817620277404785 seconds
2025-03-06 00:01:55,458 | INFO : Avg batch val. time: 0.008817620277404785 seconds
2025-03-06 00:01:55,458 | INFO : Avg batch val. time: 0.008817620277404785 seconds
2025-03-06 00:01:55,458 | INFO : Avg batch val. time: 0.008817620277404785 seconds
2025-03-06 00:01:55,458 | INFO : Avg batch val. time: 0.008817620277404785 seconds
2025-03-06 00:01:55,458 | INFO : Avg batch val. time: 0.008817620277404785 seconds
2025-03-06 00:01:55,460 | INFO : Avg sample val. time: 0.008817620277404785 seconds
2025-03-06 00:01:55,460 | INFO : Avg sample val. time: 0.008817620277404785 seconds
2025-03-06 00:01:55,460 | INFO : Avg sample val. time: 0.008817620277404785 seconds
2025-03-06 00:01:55,460 | INFO : Avg sample val. time: 0.008817620277404785 seconds
2025-03-06 00:01:55,460 | INFO : Avg sample val. time: 0.008817620277404785 seconds
2025-03-06 00:01:55,460 | INFO : Avg sample val. time: 0.008817620277404785 seconds
2025-03-06 00:01:55,460 | INFO : Avg sample val. time: 0.008817620277404785 seconds
2025-03-06 00:01:55,460 | INFO : Avg sample val. time: 0.008817620277404785 seconds
2025-03-06 00:01:55,461 | INFO : Epoch 4 Validation Summary: epoch: 4.000000 | loss: 1.191038 | 
2025-03-06 00:01:55,461 | INFO : Epoch 4 Validation Summary: epoch: 4.000000 | loss: 1.191038 | 
2025-03-06 00:01:55,461 | INFO : Epoch 4 Validation Summary: epoch: 4.000000 | loss: 1.191038 | 
2025-03-06 00:01:55,461 | INFO : Epoch 4 Validation Summary: epoch: 4.000000 | loss: 1.191038 | 
2025-03-06 00:01:55,461 | INFO : Epoch 4 Validation Summary: epoch: 4.000000 | loss: 1.191038 | 
2025-03-06 00:01:55,461 | INFO : Epoch 4 Validation Summary: epoch: 4.000000 | loss: 1.191038 | 
2025-03-06 00:01:55,461 | INFO : Epoch 4 Validation Summary: epoch: 4.000000 | loss: 1.191038 | 
2025-03-06 00:01:55,461 | INFO : Epoch 4 Validation Summary: epoch: 4.000000 | loss: 1.191038 | 
2025-03-06 00:01:55,508 | INFO : Evaluating on validation set ...
2025-03-06 00:01:55,508 | INFO : Evaluating on validation set ...
2025-03-06 00:01:55,508 | INFO : Evaluating on validation set ...
2025-03-06 00:01:55,508 | INFO : Evaluating on validation set ...
2025-03-06 00:01:55,508 | INFO : Evaluating on validation set ...
2025-03-06 00:01:55,508 | INFO : Evaluating on validation set ...
2025-03-06 00:01:55,508 | INFO : Evaluating on validation set ...
2025-03-06 00:01:55,508 | INFO : Evaluating on validation set ...
2025-03-06 00:01:55,848 | INFO : Validation runtime: 0.0 hours, 0.0 minutes, 0.33803892135620117 seconds

2025-03-06 00:01:55,848 | INFO : Validation runtime: 0.0 hours, 0.0 minutes, 0.33803892135620117 seconds

2025-03-06 00:01:55,848 | INFO : Validation runtime: 0.0 hours, 0.0 minutes, 0.33803892135620117 seconds

2025-03-06 00:01:55,848 | INFO : Validation runtime: 0.0 hours, 0.0 minutes, 0.33803892135620117 seconds

2025-03-06 00:01:55,848 | INFO : Validation runtime: 0.0 hours, 0.0 minutes, 0.33803892135620117 seconds

2025-03-06 00:01:55,848 | INFO : Validation runtime: 0.0 hours, 0.0 minutes, 0.33803892135620117 seconds

2025-03-06 00:01:55,848 | INFO : Validation runtime: 0.0 hours, 0.0 minutes, 0.33803892135620117 seconds

2025-03-06 00:01:55,848 | INFO : Validation runtime: 0.0 hours, 0.0 minutes, 0.33803892135620117 seconds

2025-03-06 00:01:55,850 | INFO : Avg val. time: 0.0 hours, 0.0 minutes, 0.35026049613952637 seconds
2025-03-06 00:01:55,850 | INFO : Avg val. time: 0.0 hours, 0.0 minutes, 0.35026049613952637 seconds
2025-03-06 00:01:55,850 | INFO : Avg val. time: 0.0 hours, 0.0 minutes, 0.35026049613952637 seconds
2025-03-06 00:01:55,850 | INFO : Avg val. time: 0.0 hours, 0.0 minutes, 0.35026049613952637 seconds
2025-03-06 00:01:55,850 | INFO : Avg val. time: 0.0 hours, 0.0 minutes, 0.35026049613952637 seconds
2025-03-06 00:01:55,850 | INFO : Avg val. time: 0.0 hours, 0.0 minutes, 0.35026049613952637 seconds
2025-03-06 00:01:55,850 | INFO : Avg val. time: 0.0 hours, 0.0 minutes, 0.35026049613952637 seconds
2025-03-06 00:01:55,850 | INFO : Avg val. time: 0.0 hours, 0.0 minutes, 0.35026049613952637 seconds
2025-03-06 00:01:55,851 | INFO : Avg batch val. time: 0.008756512403488159 seconds
2025-03-06 00:01:55,851 | INFO : Avg batch val. time: 0.008756512403488159 seconds
2025-03-06 00:01:55,851 | INFO : Avg batch val. time: 0.008756512403488159 seconds
2025-03-06 00:01:55,851 | INFO : Avg batch val. time: 0.008756512403488159 seconds
2025-03-06 00:01:55,851 | INFO : Avg batch val. time: 0.008756512403488159 seconds
2025-03-06 00:01:55,851 | INFO : Avg batch val. time: 0.008756512403488159 seconds
2025-03-06 00:01:55,851 | INFO : Avg batch val. time: 0.008756512403488159 seconds
2025-03-06 00:01:55,851 | INFO : Avg batch val. time: 0.008756512403488159 seconds
2025-03-06 00:01:55,853 | INFO : Avg sample val. time: 0.008756512403488159 seconds
2025-03-06 00:01:55,853 | INFO : Avg sample val. time: 0.008756512403488159 seconds
2025-03-06 00:01:55,853 | INFO : Avg sample val. time: 0.008756512403488159 seconds
2025-03-06 00:01:55,853 | INFO : Avg sample val. time: 0.008756512403488159 seconds
2025-03-06 00:01:55,853 | INFO : Avg sample val. time: 0.008756512403488159 seconds
2025-03-06 00:01:55,853 | INFO : Avg sample val. time: 0.008756512403488159 seconds
2025-03-06 00:01:55,853 | INFO : Avg sample val. time: 0.008756512403488159 seconds
2025-03-06 00:01:55,853 | INFO : Avg sample val. time: 0.008756512403488159 seconds
2025-03-06 00:01:55,854 | INFO : Epoch 5 Validation Summary: epoch: 5.000000 | loss: 0.932385 | 
2025-03-06 00:01:55,854 | INFO : Epoch 5 Validation Summary: epoch: 5.000000 | loss: 0.932385 | 
2025-03-06 00:01:55,854 | INFO : Epoch 5 Validation Summary: epoch: 5.000000 | loss: 0.932385 | 
2025-03-06 00:01:55,854 | INFO : Epoch 5 Validation Summary: epoch: 5.000000 | loss: 0.932385 | 
2025-03-06 00:01:55,854 | INFO : Epoch 5 Validation Summary: epoch: 5.000000 | loss: 0.932385 | 
2025-03-06 00:01:55,854 | INFO : Epoch 5 Validation Summary: epoch: 5.000000 | loss: 0.932385 | 
2025-03-06 00:01:55,854 | INFO : Epoch 5 Validation Summary: epoch: 5.000000 | loss: 0.932385 | 
2025-03-06 00:01:55,854 | INFO : Epoch 5 Validation Summary: epoch: 5.000000 | loss: 0.932385 | 
2025-03-06 00:01:55,900 | INFO : Evaluating on validation set ...
2025-03-06 00:01:55,900 | INFO : Evaluating on validation set ...
2025-03-06 00:01:55,900 | INFO : Evaluating on validation set ...
2025-03-06 00:01:55,900 | INFO : Evaluating on validation set ...
2025-03-06 00:01:55,900 | INFO : Evaluating on validation set ...
2025-03-06 00:01:55,900 | INFO : Evaluating on validation set ...
2025-03-06 00:01:55,900 | INFO : Evaluating on validation set ...
2025-03-06 00:01:55,900 | INFO : Evaluating on validation set ...
2025-03-06 00:01:56,238 | INFO : Validation runtime: 0.0 hours, 0.0 minutes, 0.33605003356933594 seconds

2025-03-06 00:01:56,238 | INFO : Validation runtime: 0.0 hours, 0.0 minutes, 0.33605003356933594 seconds

2025-03-06 00:01:56,238 | INFO : Validation runtime: 0.0 hours, 0.0 minutes, 0.33605003356933594 seconds

2025-03-06 00:01:56,238 | INFO : Validation runtime: 0.0 hours, 0.0 minutes, 0.33605003356933594 seconds

2025-03-06 00:01:56,238 | INFO : Validation runtime: 0.0 hours, 0.0 minutes, 0.33605003356933594 seconds

2025-03-06 00:01:56,238 | INFO : Validation runtime: 0.0 hours, 0.0 minutes, 0.33605003356933594 seconds

2025-03-06 00:01:56,238 | INFO : Validation runtime: 0.0 hours, 0.0 minutes, 0.33605003356933594 seconds

2025-03-06 00:01:56,238 | INFO : Validation runtime: 0.0 hours, 0.0 minutes, 0.33605003356933594 seconds

2025-03-06 00:01:56,239 | INFO : Avg val. time: 0.0 hours, 0.0 minutes, 0.3482304300580706 seconds
2025-03-06 00:01:56,239 | INFO : Avg val. time: 0.0 hours, 0.0 minutes, 0.3482304300580706 seconds
2025-03-06 00:01:56,239 | INFO : Avg val. time: 0.0 hours, 0.0 minutes, 0.3482304300580706 seconds
2025-03-06 00:01:56,239 | INFO : Avg val. time: 0.0 hours, 0.0 minutes, 0.3482304300580706 seconds
2025-03-06 00:01:56,239 | INFO : Avg val. time: 0.0 hours, 0.0 minutes, 0.3482304300580706 seconds
2025-03-06 00:01:56,239 | INFO : Avg val. time: 0.0 hours, 0.0 minutes, 0.3482304300580706 seconds
2025-03-06 00:01:56,239 | INFO : Avg val. time: 0.0 hours, 0.0 minutes, 0.3482304300580706 seconds
2025-03-06 00:01:56,239 | INFO : Avg val. time: 0.0 hours, 0.0 minutes, 0.3482304300580706 seconds
2025-03-06 00:01:56,241 | INFO : Avg batch val. time: 0.008705760751451765 seconds
2025-03-06 00:01:56,241 | INFO : Avg batch val. time: 0.008705760751451765 seconds
2025-03-06 00:01:56,241 | INFO : Avg batch val. time: 0.008705760751451765 seconds
2025-03-06 00:01:56,241 | INFO : Avg batch val. time: 0.008705760751451765 seconds
2025-03-06 00:01:56,241 | INFO : Avg batch val. time: 0.008705760751451765 seconds
2025-03-06 00:01:56,241 | INFO : Avg batch val. time: 0.008705760751451765 seconds
2025-03-06 00:01:56,241 | INFO : Avg batch val. time: 0.008705760751451765 seconds
2025-03-06 00:01:56,241 | INFO : Avg batch val. time: 0.008705760751451765 seconds
2025-03-06 00:01:56,242 | INFO : Avg sample val. time: 0.008705760751451765 seconds
2025-03-06 00:01:56,242 | INFO : Avg sample val. time: 0.008705760751451765 seconds
2025-03-06 00:01:56,242 | INFO : Avg sample val. time: 0.008705760751451765 seconds
2025-03-06 00:01:56,242 | INFO : Avg sample val. time: 0.008705760751451765 seconds
2025-03-06 00:01:56,242 | INFO : Avg sample val. time: 0.008705760751451765 seconds
2025-03-06 00:01:56,242 | INFO : Avg sample val. time: 0.008705760751451765 seconds
2025-03-06 00:01:56,242 | INFO : Avg sample val. time: 0.008705760751451765 seconds
2025-03-06 00:01:56,242 | INFO : Avg sample val. time: 0.008705760751451765 seconds
2025-03-06 00:01:56,244 | INFO : Epoch 6 Validation Summary: epoch: 6.000000 | loss: 0.760660 | 
2025-03-06 00:01:56,244 | INFO : Epoch 6 Validation Summary: epoch: 6.000000 | loss: 0.760660 | 
2025-03-06 00:01:56,244 | INFO : Epoch 6 Validation Summary: epoch: 6.000000 | loss: 0.760660 | 
2025-03-06 00:01:56,244 | INFO : Epoch 6 Validation Summary: epoch: 6.000000 | loss: 0.760660 | 
2025-03-06 00:01:56,244 | INFO : Epoch 6 Validation Summary: epoch: 6.000000 | loss: 0.760660 | 
2025-03-06 00:01:56,244 | INFO : Epoch 6 Validation Summary: epoch: 6.000000 | loss: 0.760660 | 
2025-03-06 00:01:56,244 | INFO : Epoch 6 Validation Summary: epoch: 6.000000 | loss: 0.760660 | 
2025-03-06 00:01:56,244 | INFO : Epoch 6 Validation Summary: epoch: 6.000000 | loss: 0.760660 | 
2025-03-06 00:01:56,290 | INFO : Evaluating on validation set ...
2025-03-06 00:01:56,290 | INFO : Evaluating on validation set ...
2025-03-06 00:01:56,290 | INFO : Evaluating on validation set ...
2025-03-06 00:01:56,290 | INFO : Evaluating on validation set ...
2025-03-06 00:01:56,290 | INFO : Evaluating on validation set ...
2025-03-06 00:01:56,290 | INFO : Evaluating on validation set ...
2025-03-06 00:01:56,290 | INFO : Evaluating on validation set ...
2025-03-06 00:01:56,290 | INFO : Evaluating on validation set ...
2025-03-06 00:01:56,640 | INFO : Validation runtime: 0.0 hours, 0.0 minutes, 0.3486931324005127 seconds

2025-03-06 00:01:56,640 | INFO : Validation runtime: 0.0 hours, 0.0 minutes, 0.3486931324005127 seconds

2025-03-06 00:01:56,640 | INFO : Validation runtime: 0.0 hours, 0.0 minutes, 0.3486931324005127 seconds

2025-03-06 00:01:56,640 | INFO : Validation runtime: 0.0 hours, 0.0 minutes, 0.3486931324005127 seconds

2025-03-06 00:01:56,640 | INFO : Validation runtime: 0.0 hours, 0.0 minutes, 0.3486931324005127 seconds

2025-03-06 00:01:56,640 | INFO : Validation runtime: 0.0 hours, 0.0 minutes, 0.3486931324005127 seconds

2025-03-06 00:01:56,640 | INFO : Validation runtime: 0.0 hours, 0.0 minutes, 0.3486931324005127 seconds

2025-03-06 00:01:56,640 | INFO : Validation runtime: 0.0 hours, 0.0 minutes, 0.3486931324005127 seconds

2025-03-06 00:01:56,642 | INFO : Avg val. time: 0.0 hours, 0.0 minutes, 0.34828826785087585 seconds
2025-03-06 00:01:56,642 | INFO : Avg val. time: 0.0 hours, 0.0 minutes, 0.34828826785087585 seconds
2025-03-06 00:01:56,642 | INFO : Avg val. time: 0.0 hours, 0.0 minutes, 0.34828826785087585 seconds
2025-03-06 00:01:56,642 | INFO : Avg val. time: 0.0 hours, 0.0 minutes, 0.34828826785087585 seconds
2025-03-06 00:01:56,642 | INFO : Avg val. time: 0.0 hours, 0.0 minutes, 0.34828826785087585 seconds
2025-03-06 00:01:56,642 | INFO : Avg val. time: 0.0 hours, 0.0 minutes, 0.34828826785087585 seconds
2025-03-06 00:01:56,642 | INFO : Avg val. time: 0.0 hours, 0.0 minutes, 0.34828826785087585 seconds
2025-03-06 00:01:56,642 | INFO : Avg val. time: 0.0 hours, 0.0 minutes, 0.34828826785087585 seconds
2025-03-06 00:01:56,643 | INFO : Avg batch val. time: 0.008707206696271896 seconds
2025-03-06 00:01:56,643 | INFO : Avg batch val. time: 0.008707206696271896 seconds
2025-03-06 00:01:56,643 | INFO : Avg batch val. time: 0.008707206696271896 seconds
2025-03-06 00:01:56,643 | INFO : Avg batch val. time: 0.008707206696271896 seconds
2025-03-06 00:01:56,643 | INFO : Avg batch val. time: 0.008707206696271896 seconds
2025-03-06 00:01:56,643 | INFO : Avg batch val. time: 0.008707206696271896 seconds
2025-03-06 00:01:56,643 | INFO : Avg batch val. time: 0.008707206696271896 seconds
2025-03-06 00:01:56,643 | INFO : Avg batch val. time: 0.008707206696271896 seconds
2025-03-06 00:01:56,644 | INFO : Avg sample val. time: 0.008707206696271896 seconds
2025-03-06 00:01:56,644 | INFO : Avg sample val. time: 0.008707206696271896 seconds
2025-03-06 00:01:56,644 | INFO : Avg sample val. time: 0.008707206696271896 seconds
2025-03-06 00:01:56,644 | INFO : Avg sample val. time: 0.008707206696271896 seconds
2025-03-06 00:01:56,644 | INFO : Avg sample val. time: 0.008707206696271896 seconds
2025-03-06 00:01:56,644 | INFO : Avg sample val. time: 0.008707206696271896 seconds
2025-03-06 00:01:56,644 | INFO : Avg sample val. time: 0.008707206696271896 seconds
2025-03-06 00:01:56,644 | INFO : Avg sample val. time: 0.008707206696271896 seconds
2025-03-06 00:01:56,646 | INFO : Epoch 7 Validation Summary: epoch: 7.000000 | loss: 0.638943 | 
2025-03-06 00:01:56,646 | INFO : Epoch 7 Validation Summary: epoch: 7.000000 | loss: 0.638943 | 
2025-03-06 00:01:56,646 | INFO : Epoch 7 Validation Summary: epoch: 7.000000 | loss: 0.638943 | 
2025-03-06 00:01:56,646 | INFO : Epoch 7 Validation Summary: epoch: 7.000000 | loss: 0.638943 | 
2025-03-06 00:01:56,646 | INFO : Epoch 7 Validation Summary: epoch: 7.000000 | loss: 0.638943 | 
2025-03-06 00:01:56,646 | INFO : Epoch 7 Validation Summary: epoch: 7.000000 | loss: 0.638943 | 
2025-03-06 00:01:56,646 | INFO : Epoch 7 Validation Summary: epoch: 7.000000 | loss: 0.638943 | 
2025-03-06 00:01:56,646 | INFO : Epoch 7 Validation Summary: epoch: 7.000000 | loss: 0.638943 | 
2025-03-06 00:01:56,693 | INFO : Evaluating on validation set ...
2025-03-06 00:01:56,693 | INFO : Evaluating on validation set ...
2025-03-06 00:01:56,693 | INFO : Evaluating on validation set ...
2025-03-06 00:01:56,693 | INFO : Evaluating on validation set ...
2025-03-06 00:01:56,693 | INFO : Evaluating on validation set ...
2025-03-06 00:01:56,693 | INFO : Evaluating on validation set ...
2025-03-06 00:01:56,693 | INFO : Evaluating on validation set ...
2025-03-06 00:01:56,693 | INFO : Evaluating on validation set ...
2025-03-06 00:01:57,031 | INFO : Validation runtime: 0.0 hours, 0.0 minutes, 0.3368496894836426 seconds

2025-03-06 00:01:57,031 | INFO : Validation runtime: 0.0 hours, 0.0 minutes, 0.3368496894836426 seconds

2025-03-06 00:01:57,031 | INFO : Validation runtime: 0.0 hours, 0.0 minutes, 0.3368496894836426 seconds

2025-03-06 00:01:57,031 | INFO : Validation runtime: 0.0 hours, 0.0 minutes, 0.3368496894836426 seconds

2025-03-06 00:01:57,031 | INFO : Validation runtime: 0.0 hours, 0.0 minutes, 0.3368496894836426 seconds

2025-03-06 00:01:57,031 | INFO : Validation runtime: 0.0 hours, 0.0 minutes, 0.3368496894836426 seconds

2025-03-06 00:01:57,031 | INFO : Validation runtime: 0.0 hours, 0.0 minutes, 0.3368496894836426 seconds

2025-03-06 00:01:57,031 | INFO : Validation runtime: 0.0 hours, 0.0 minutes, 0.3368496894836426 seconds

2025-03-06 00:01:57,033 | INFO : Avg val. time: 0.0 hours, 0.0 minutes, 0.347017314698961 seconds
2025-03-06 00:01:57,033 | INFO : Avg val. time: 0.0 hours, 0.0 minutes, 0.347017314698961 seconds
2025-03-06 00:01:57,033 | INFO : Avg val. time: 0.0 hours, 0.0 minutes, 0.347017314698961 seconds
2025-03-06 00:01:57,033 | INFO : Avg val. time: 0.0 hours, 0.0 minutes, 0.347017314698961 seconds
2025-03-06 00:01:57,033 | INFO : Avg val. time: 0.0 hours, 0.0 minutes, 0.347017314698961 seconds
2025-03-06 00:01:57,033 | INFO : Avg val. time: 0.0 hours, 0.0 minutes, 0.347017314698961 seconds
2025-03-06 00:01:57,033 | INFO : Avg val. time: 0.0 hours, 0.0 minutes, 0.347017314698961 seconds
2025-03-06 00:01:57,033 | INFO : Avg val. time: 0.0 hours, 0.0 minutes, 0.347017314698961 seconds
2025-03-06 00:01:57,034 | INFO : Avg batch val. time: 0.008675432867474025 seconds
2025-03-06 00:01:57,034 | INFO : Avg batch val. time: 0.008675432867474025 seconds
2025-03-06 00:01:57,034 | INFO : Avg batch val. time: 0.008675432867474025 seconds
2025-03-06 00:01:57,034 | INFO : Avg batch val. time: 0.008675432867474025 seconds
2025-03-06 00:01:57,034 | INFO : Avg batch val. time: 0.008675432867474025 seconds
2025-03-06 00:01:57,034 | INFO : Avg batch val. time: 0.008675432867474025 seconds
2025-03-06 00:01:57,034 | INFO : Avg batch val. time: 0.008675432867474025 seconds
2025-03-06 00:01:57,034 | INFO : Avg batch val. time: 0.008675432867474025 seconds
2025-03-06 00:01:57,036 | INFO : Avg sample val. time: 0.008675432867474025 seconds
2025-03-06 00:01:57,036 | INFO : Avg sample val. time: 0.008675432867474025 seconds
2025-03-06 00:01:57,036 | INFO : Avg sample val. time: 0.008675432867474025 seconds
2025-03-06 00:01:57,036 | INFO : Avg sample val. time: 0.008675432867474025 seconds
2025-03-06 00:01:57,036 | INFO : Avg sample val. time: 0.008675432867474025 seconds
2025-03-06 00:01:57,036 | INFO : Avg sample val. time: 0.008675432867474025 seconds
2025-03-06 00:01:57,036 | INFO : Avg sample val. time: 0.008675432867474025 seconds
2025-03-06 00:01:57,036 | INFO : Avg sample val. time: 0.008675432867474025 seconds
2025-03-06 00:01:57,037 | INFO : Epoch 8 Validation Summary: epoch: 8.000000 | loss: 0.546708 | 
2025-03-06 00:01:57,037 | INFO : Epoch 8 Validation Summary: epoch: 8.000000 | loss: 0.546708 | 
2025-03-06 00:01:57,037 | INFO : Epoch 8 Validation Summary: epoch: 8.000000 | loss: 0.546708 | 
2025-03-06 00:01:57,037 | INFO : Epoch 8 Validation Summary: epoch: 8.000000 | loss: 0.546708 | 
2025-03-06 00:01:57,037 | INFO : Epoch 8 Validation Summary: epoch: 8.000000 | loss: 0.546708 | 
2025-03-06 00:01:57,037 | INFO : Epoch 8 Validation Summary: epoch: 8.000000 | loss: 0.546708 | 
2025-03-06 00:01:57,037 | INFO : Epoch 8 Validation Summary: epoch: 8.000000 | loss: 0.546708 | 
2025-03-06 00:01:57,037 | INFO : Epoch 8 Validation Summary: epoch: 8.000000 | loss: 0.546708 | 
2025-03-06 00:01:57,084 | INFO : Evaluating on validation set ...
2025-03-06 00:01:57,084 | INFO : Evaluating on validation set ...
2025-03-06 00:01:57,084 | INFO : Evaluating on validation set ...
2025-03-06 00:01:57,084 | INFO : Evaluating on validation set ...
2025-03-06 00:01:57,084 | INFO : Evaluating on validation set ...
2025-03-06 00:01:57,084 | INFO : Evaluating on validation set ...
2025-03-06 00:01:57,084 | INFO : Evaluating on validation set ...
2025-03-06 00:01:57,084 | INFO : Evaluating on validation set ...
2025-03-06 00:01:57,425 | INFO : Validation runtime: 0.0 hours, 0.0 minutes, 0.33957529067993164 seconds

2025-03-06 00:01:57,425 | INFO : Validation runtime: 0.0 hours, 0.0 minutes, 0.33957529067993164 seconds

2025-03-06 00:01:57,425 | INFO : Validation runtime: 0.0 hours, 0.0 minutes, 0.33957529067993164 seconds

2025-03-06 00:01:57,425 | INFO : Validation runtime: 0.0 hours, 0.0 minutes, 0.33957529067993164 seconds

2025-03-06 00:01:57,425 | INFO : Validation runtime: 0.0 hours, 0.0 minutes, 0.33957529067993164 seconds

2025-03-06 00:01:57,425 | INFO : Validation runtime: 0.0 hours, 0.0 minutes, 0.33957529067993164 seconds

2025-03-06 00:01:57,425 | INFO : Validation runtime: 0.0 hours, 0.0 minutes, 0.33957529067993164 seconds

2025-03-06 00:01:57,425 | INFO : Validation runtime: 0.0 hours, 0.0 minutes, 0.33957529067993164 seconds

2025-03-06 00:01:57,427 | INFO : Avg val. time: 0.0 hours, 0.0 minutes, 0.3462731122970581 seconds
2025-03-06 00:01:57,427 | INFO : Avg val. time: 0.0 hours, 0.0 minutes, 0.3462731122970581 seconds
2025-03-06 00:01:57,427 | INFO : Avg val. time: 0.0 hours, 0.0 minutes, 0.3462731122970581 seconds
2025-03-06 00:01:57,427 | INFO : Avg val. time: 0.0 hours, 0.0 minutes, 0.3462731122970581 seconds
2025-03-06 00:01:57,427 | INFO : Avg val. time: 0.0 hours, 0.0 minutes, 0.3462731122970581 seconds
2025-03-06 00:01:57,427 | INFO : Avg val. time: 0.0 hours, 0.0 minutes, 0.3462731122970581 seconds
2025-03-06 00:01:57,427 | INFO : Avg val. time: 0.0 hours, 0.0 minutes, 0.3462731122970581 seconds
2025-03-06 00:01:57,427 | INFO : Avg val. time: 0.0 hours, 0.0 minutes, 0.3462731122970581 seconds
2025-03-06 00:01:57,428 | INFO : Avg batch val. time: 0.008656827807426453 seconds
2025-03-06 00:01:57,428 | INFO : Avg batch val. time: 0.008656827807426453 seconds
2025-03-06 00:01:57,428 | INFO : Avg batch val. time: 0.008656827807426453 seconds
2025-03-06 00:01:57,428 | INFO : Avg batch val. time: 0.008656827807426453 seconds
2025-03-06 00:01:57,428 | INFO : Avg batch val. time: 0.008656827807426453 seconds
2025-03-06 00:01:57,428 | INFO : Avg batch val. time: 0.008656827807426453 seconds
2025-03-06 00:01:57,428 | INFO : Avg batch val. time: 0.008656827807426453 seconds
2025-03-06 00:01:57,428 | INFO : Avg batch val. time: 0.008656827807426453 seconds
2025-03-06 00:01:57,430 | INFO : Avg sample val. time: 0.008656827807426453 seconds
2025-03-06 00:01:57,430 | INFO : Avg sample val. time: 0.008656827807426453 seconds
2025-03-06 00:01:57,430 | INFO : Avg sample val. time: 0.008656827807426453 seconds
2025-03-06 00:01:57,430 | INFO : Avg sample val. time: 0.008656827807426453 seconds
2025-03-06 00:01:57,430 | INFO : Avg sample val. time: 0.008656827807426453 seconds
2025-03-06 00:01:57,430 | INFO : Avg sample val. time: 0.008656827807426453 seconds
2025-03-06 00:01:57,430 | INFO : Avg sample val. time: 0.008656827807426453 seconds
2025-03-06 00:01:57,430 | INFO : Avg sample val. time: 0.008656827807426453 seconds
2025-03-06 00:01:57,431 | INFO : Epoch 9 Validation Summary: epoch: 9.000000 | loss: 0.474044 | 
2025-03-06 00:01:57,431 | INFO : Epoch 9 Validation Summary: epoch: 9.000000 | loss: 0.474044 | 
2025-03-06 00:01:57,431 | INFO : Epoch 9 Validation Summary: epoch: 9.000000 | loss: 0.474044 | 
2025-03-06 00:01:57,431 | INFO : Epoch 9 Validation Summary: epoch: 9.000000 | loss: 0.474044 | 
2025-03-06 00:01:57,431 | INFO : Epoch 9 Validation Summary: epoch: 9.000000 | loss: 0.474044 | 
2025-03-06 00:01:57,431 | INFO : Epoch 9 Validation Summary: epoch: 9.000000 | loss: 0.474044 | 
2025-03-06 00:01:57,431 | INFO : Epoch 9 Validation Summary: epoch: 9.000000 | loss: 0.474044 | 
2025-03-06 00:01:57,431 | INFO : Epoch 9 Validation Summary: epoch: 9.000000 | loss: 0.474044 | 
2025-03-06 00:01:57,477 | INFO : Evaluating on validation set ...
2025-03-06 00:01:57,477 | INFO : Evaluating on validation set ...
2025-03-06 00:01:57,477 | INFO : Evaluating on validation set ...
2025-03-06 00:01:57,477 | INFO : Evaluating on validation set ...
2025-03-06 00:01:57,477 | INFO : Evaluating on validation set ...
2025-03-06 00:01:57,477 | INFO : Evaluating on validation set ...
2025-03-06 00:01:57,477 | INFO : Evaluating on validation set ...
2025-03-06 00:01:57,477 | INFO : Evaluating on validation set ...
2025-03-06 00:01:57,815 | INFO : Validation runtime: 0.0 hours, 0.0 minutes, 0.33676838874816895 seconds

2025-03-06 00:01:57,815 | INFO : Validation runtime: 0.0 hours, 0.0 minutes, 0.33676838874816895 seconds

2025-03-06 00:01:57,815 | INFO : Validation runtime: 0.0 hours, 0.0 minutes, 0.33676838874816895 seconds

2025-03-06 00:01:57,815 | INFO : Validation runtime: 0.0 hours, 0.0 minutes, 0.33676838874816895 seconds

2025-03-06 00:01:57,815 | INFO : Validation runtime: 0.0 hours, 0.0 minutes, 0.33676838874816895 seconds

2025-03-06 00:01:57,815 | INFO : Validation runtime: 0.0 hours, 0.0 minutes, 0.33676838874816895 seconds

2025-03-06 00:01:57,815 | INFO : Validation runtime: 0.0 hours, 0.0 minutes, 0.33676838874816895 seconds

2025-03-06 00:01:57,815 | INFO : Validation runtime: 0.0 hours, 0.0 minutes, 0.33676838874816895 seconds

2025-03-06 00:01:57,817 | INFO : Avg val. time: 0.0 hours, 0.0 minutes, 0.34540904651988635 seconds
2025-03-06 00:01:57,817 | INFO : Avg val. time: 0.0 hours, 0.0 minutes, 0.34540904651988635 seconds
2025-03-06 00:01:57,817 | INFO : Avg val. time: 0.0 hours, 0.0 minutes, 0.34540904651988635 seconds
2025-03-06 00:01:57,817 | INFO : Avg val. time: 0.0 hours, 0.0 minutes, 0.34540904651988635 seconds
2025-03-06 00:01:57,817 | INFO : Avg val. time: 0.0 hours, 0.0 minutes, 0.34540904651988635 seconds
2025-03-06 00:01:57,817 | INFO : Avg val. time: 0.0 hours, 0.0 minutes, 0.34540904651988635 seconds
2025-03-06 00:01:57,817 | INFO : Avg val. time: 0.0 hours, 0.0 minutes, 0.34540904651988635 seconds
2025-03-06 00:01:57,817 | INFO : Avg val. time: 0.0 hours, 0.0 minutes, 0.34540904651988635 seconds
2025-03-06 00:01:57,818 | INFO : Avg batch val. time: 0.008635226162997158 seconds
2025-03-06 00:01:57,818 | INFO : Avg batch val. time: 0.008635226162997158 seconds
2025-03-06 00:01:57,818 | INFO : Avg batch val. time: 0.008635226162997158 seconds
2025-03-06 00:01:57,818 | INFO : Avg batch val. time: 0.008635226162997158 seconds
2025-03-06 00:01:57,818 | INFO : Avg batch val. time: 0.008635226162997158 seconds
2025-03-06 00:01:57,818 | INFO : Avg batch val. time: 0.008635226162997158 seconds
2025-03-06 00:01:57,818 | INFO : Avg batch val. time: 0.008635226162997158 seconds
2025-03-06 00:01:57,818 | INFO : Avg batch val. time: 0.008635226162997158 seconds
2025-03-06 00:01:57,820 | INFO : Avg sample val. time: 0.008635226162997158 seconds
2025-03-06 00:01:57,820 | INFO : Avg sample val. time: 0.008635226162997158 seconds
2025-03-06 00:01:57,820 | INFO : Avg sample val. time: 0.008635226162997158 seconds
2025-03-06 00:01:57,820 | INFO : Avg sample val. time: 0.008635226162997158 seconds
2025-03-06 00:01:57,820 | INFO : Avg sample val. time: 0.008635226162997158 seconds
2025-03-06 00:01:57,820 | INFO : Avg sample val. time: 0.008635226162997158 seconds
2025-03-06 00:01:57,820 | INFO : Avg sample val. time: 0.008635226162997158 seconds
2025-03-06 00:01:57,820 | INFO : Avg sample val. time: 0.008635226162997158 seconds
2025-03-06 00:01:57,821 | INFO : Epoch 10 Validation Summary: epoch: 10.000000 | loss: 0.415042 | 
2025-03-06 00:01:57,821 | INFO : Epoch 10 Validation Summary: epoch: 10.000000 | loss: 0.415042 | 
2025-03-06 00:01:57,821 | INFO : Epoch 10 Validation Summary: epoch: 10.000000 | loss: 0.415042 | 
2025-03-06 00:01:57,821 | INFO : Epoch 10 Validation Summary: epoch: 10.000000 | loss: 0.415042 | 
2025-03-06 00:01:57,821 | INFO : Epoch 10 Validation Summary: epoch: 10.000000 | loss: 0.415042 | 
2025-03-06 00:01:57,821 | INFO : Epoch 10 Validation Summary: epoch: 10.000000 | loss: 0.415042 | 
2025-03-06 00:01:57,821 | INFO : Epoch 10 Validation Summary: epoch: 10.000000 | loss: 0.415042 | 
2025-03-06 00:01:57,821 | INFO : Epoch 10 Validation Summary: epoch: 10.000000 | loss: 0.415042 | 
2025-03-06 00:01:57,867 | INFO : Evaluating on validation set ...
2025-03-06 00:01:57,867 | INFO : Evaluating on validation set ...
2025-03-06 00:01:57,867 | INFO : Evaluating on validation set ...
2025-03-06 00:01:57,867 | INFO : Evaluating on validation set ...
2025-03-06 00:01:57,867 | INFO : Evaluating on validation set ...
2025-03-06 00:01:57,867 | INFO : Evaluating on validation set ...
2025-03-06 00:01:57,867 | INFO : Evaluating on validation set ...
2025-03-06 00:01:57,867 | INFO : Evaluating on validation set ...
2025-03-06 00:01:58,205 | INFO : Validation runtime: 0.0 hours, 0.0 minutes, 0.3368363380432129 seconds

2025-03-06 00:01:58,205 | INFO : Validation runtime: 0.0 hours, 0.0 minutes, 0.3368363380432129 seconds

2025-03-06 00:01:58,205 | INFO : Validation runtime: 0.0 hours, 0.0 minutes, 0.3368363380432129 seconds

2025-03-06 00:01:58,205 | INFO : Validation runtime: 0.0 hours, 0.0 minutes, 0.3368363380432129 seconds

2025-03-06 00:01:58,205 | INFO : Validation runtime: 0.0 hours, 0.0 minutes, 0.3368363380432129 seconds

2025-03-06 00:01:58,205 | INFO : Validation runtime: 0.0 hours, 0.0 minutes, 0.3368363380432129 seconds

2025-03-06 00:01:58,205 | INFO : Validation runtime: 0.0 hours, 0.0 minutes, 0.3368363380432129 seconds

2025-03-06 00:01:58,205 | INFO : Validation runtime: 0.0 hours, 0.0 minutes, 0.3368363380432129 seconds

2025-03-06 00:01:58,207 | INFO : Avg val. time: 0.0 hours, 0.0 minutes, 0.34469465414683026 seconds
2025-03-06 00:01:58,207 | INFO : Avg val. time: 0.0 hours, 0.0 minutes, 0.34469465414683026 seconds
2025-03-06 00:01:58,207 | INFO : Avg val. time: 0.0 hours, 0.0 minutes, 0.34469465414683026 seconds
2025-03-06 00:01:58,207 | INFO : Avg val. time: 0.0 hours, 0.0 minutes, 0.34469465414683026 seconds
2025-03-06 00:01:58,207 | INFO : Avg val. time: 0.0 hours, 0.0 minutes, 0.34469465414683026 seconds
2025-03-06 00:01:58,207 | INFO : Avg val. time: 0.0 hours, 0.0 minutes, 0.34469465414683026 seconds
2025-03-06 00:01:58,207 | INFO : Avg val. time: 0.0 hours, 0.0 minutes, 0.34469465414683026 seconds
2025-03-06 00:01:58,207 | INFO : Avg val. time: 0.0 hours, 0.0 minutes, 0.34469465414683026 seconds
2025-03-06 00:01:58,208 | INFO : Avg batch val. time: 0.008617366353670757 seconds
2025-03-06 00:01:58,208 | INFO : Avg batch val. time: 0.008617366353670757 seconds
2025-03-06 00:01:58,208 | INFO : Avg batch val. time: 0.008617366353670757 seconds
2025-03-06 00:01:58,208 | INFO : Avg batch val. time: 0.008617366353670757 seconds
2025-03-06 00:01:58,208 | INFO : Avg batch val. time: 0.008617366353670757 seconds
2025-03-06 00:01:58,208 | INFO : Avg batch val. time: 0.008617366353670757 seconds
2025-03-06 00:01:58,208 | INFO : Avg batch val. time: 0.008617366353670757 seconds
2025-03-06 00:01:58,208 | INFO : Avg batch val. time: 0.008617366353670757 seconds
2025-03-06 00:01:58,210 | INFO : Avg sample val. time: 0.008617366353670757 seconds
2025-03-06 00:01:58,210 | INFO : Avg sample val. time: 0.008617366353670757 seconds
2025-03-06 00:01:58,210 | INFO : Avg sample val. time: 0.008617366353670757 seconds
2025-03-06 00:01:58,210 | INFO : Avg sample val. time: 0.008617366353670757 seconds
2025-03-06 00:01:58,210 | INFO : Avg sample val. time: 0.008617366353670757 seconds
2025-03-06 00:01:58,210 | INFO : Avg sample val. time: 0.008617366353670757 seconds
2025-03-06 00:01:58,210 | INFO : Avg sample val. time: 0.008617366353670757 seconds
2025-03-06 00:01:58,210 | INFO : Avg sample val. time: 0.008617366353670757 seconds
2025-03-06 00:01:58,211 | INFO : Epoch 11 Validation Summary: epoch: 11.000000 | loss: 0.366539 | 
2025-03-06 00:01:58,211 | INFO : Epoch 11 Validation Summary: epoch: 11.000000 | loss: 0.366539 | 
2025-03-06 00:01:58,211 | INFO : Epoch 11 Validation Summary: epoch: 11.000000 | loss: 0.366539 | 
2025-03-06 00:01:58,211 | INFO : Epoch 11 Validation Summary: epoch: 11.000000 | loss: 0.366539 | 
2025-03-06 00:01:58,211 | INFO : Epoch 11 Validation Summary: epoch: 11.000000 | loss: 0.366539 | 
2025-03-06 00:01:58,211 | INFO : Epoch 11 Validation Summary: epoch: 11.000000 | loss: 0.366539 | 
2025-03-06 00:01:58,211 | INFO : Epoch 11 Validation Summary: epoch: 11.000000 | loss: 0.366539 | 
2025-03-06 00:01:58,211 | INFO : Epoch 11 Validation Summary: epoch: 11.000000 | loss: 0.366539 | 
2025-03-06 00:01:58,258 | INFO : Evaluating on validation set ...
2025-03-06 00:01:58,258 | INFO : Evaluating on validation set ...
2025-03-06 00:01:58,258 | INFO : Evaluating on validation set ...
2025-03-06 00:01:58,258 | INFO : Evaluating on validation set ...
2025-03-06 00:01:58,258 | INFO : Evaluating on validation set ...
2025-03-06 00:01:58,258 | INFO : Evaluating on validation set ...
2025-03-06 00:01:58,258 | INFO : Evaluating on validation set ...
2025-03-06 00:01:58,258 | INFO : Evaluating on validation set ...
2025-03-06 00:01:58,588 | INFO : Validation runtime: 0.0 hours, 0.0 minutes, 0.3294405937194824 seconds

2025-03-06 00:01:58,588 | INFO : Validation runtime: 0.0 hours, 0.0 minutes, 0.3294405937194824 seconds

2025-03-06 00:01:58,588 | INFO : Validation runtime: 0.0 hours, 0.0 minutes, 0.3294405937194824 seconds

2025-03-06 00:01:58,588 | INFO : Validation runtime: 0.0 hours, 0.0 minutes, 0.3294405937194824 seconds

2025-03-06 00:01:58,588 | INFO : Validation runtime: 0.0 hours, 0.0 minutes, 0.3294405937194824 seconds

2025-03-06 00:01:58,588 | INFO : Validation runtime: 0.0 hours, 0.0 minutes, 0.3294405937194824 seconds

2025-03-06 00:01:58,588 | INFO : Validation runtime: 0.0 hours, 0.0 minutes, 0.3294405937194824 seconds

2025-03-06 00:01:58,588 | INFO : Validation runtime: 0.0 hours, 0.0 minutes, 0.3294405937194824 seconds

2025-03-06 00:01:58,590 | INFO : Avg val. time: 0.0 hours, 0.0 minutes, 0.3435212648831881 seconds
2025-03-06 00:01:58,590 | INFO : Avg val. time: 0.0 hours, 0.0 minutes, 0.3435212648831881 seconds
2025-03-06 00:01:58,590 | INFO : Avg val. time: 0.0 hours, 0.0 minutes, 0.3435212648831881 seconds
2025-03-06 00:01:58,590 | INFO : Avg val. time: 0.0 hours, 0.0 minutes, 0.3435212648831881 seconds
2025-03-06 00:01:58,590 | INFO : Avg val. time: 0.0 hours, 0.0 minutes, 0.3435212648831881 seconds
2025-03-06 00:01:58,590 | INFO : Avg val. time: 0.0 hours, 0.0 minutes, 0.3435212648831881 seconds
2025-03-06 00:01:58,590 | INFO : Avg val. time: 0.0 hours, 0.0 minutes, 0.3435212648831881 seconds
2025-03-06 00:01:58,590 | INFO : Avg val. time: 0.0 hours, 0.0 minutes, 0.3435212648831881 seconds
2025-03-06 00:01:58,592 | INFO : Avg batch val. time: 0.008588031622079703 seconds
2025-03-06 00:01:58,592 | INFO : Avg batch val. time: 0.008588031622079703 seconds
2025-03-06 00:01:58,592 | INFO : Avg batch val. time: 0.008588031622079703 seconds
2025-03-06 00:01:58,592 | INFO : Avg batch val. time: 0.008588031622079703 seconds
2025-03-06 00:01:58,592 | INFO : Avg batch val. time: 0.008588031622079703 seconds
2025-03-06 00:01:58,592 | INFO : Avg batch val. time: 0.008588031622079703 seconds
2025-03-06 00:01:58,592 | INFO : Avg batch val. time: 0.008588031622079703 seconds
2025-03-06 00:01:58,592 | INFO : Avg batch val. time: 0.008588031622079703 seconds
2025-03-06 00:01:58,593 | INFO : Avg sample val. time: 0.008588031622079703 seconds
2025-03-06 00:01:58,593 | INFO : Avg sample val. time: 0.008588031622079703 seconds
2025-03-06 00:01:58,593 | INFO : Avg sample val. time: 0.008588031622079703 seconds
2025-03-06 00:01:58,593 | INFO : Avg sample val. time: 0.008588031622079703 seconds
2025-03-06 00:01:58,593 | INFO : Avg sample val. time: 0.008588031622079703 seconds
2025-03-06 00:01:58,593 | INFO : Avg sample val. time: 0.008588031622079703 seconds
2025-03-06 00:01:58,593 | INFO : Avg sample val. time: 0.008588031622079703 seconds
2025-03-06 00:01:58,593 | INFO : Avg sample val. time: 0.008588031622079703 seconds
2025-03-06 00:01:58,594 | INFO : Epoch 12 Validation Summary: epoch: 12.000000 | loss: 0.325862 | 
2025-03-06 00:01:58,594 | INFO : Epoch 12 Validation Summary: epoch: 12.000000 | loss: 0.325862 | 
2025-03-06 00:01:58,594 | INFO : Epoch 12 Validation Summary: epoch: 12.000000 | loss: 0.325862 | 
2025-03-06 00:01:58,594 | INFO : Epoch 12 Validation Summary: epoch: 12.000000 | loss: 0.325862 | 
2025-03-06 00:01:58,594 | INFO : Epoch 12 Validation Summary: epoch: 12.000000 | loss: 0.325862 | 
2025-03-06 00:01:58,594 | INFO : Epoch 12 Validation Summary: epoch: 12.000000 | loss: 0.325862 | 
2025-03-06 00:01:58,594 | INFO : Epoch 12 Validation Summary: epoch: 12.000000 | loss: 0.325862 | 
2025-03-06 00:01:58,594 | INFO : Epoch 12 Validation Summary: epoch: 12.000000 | loss: 0.325862 | 
2025-03-06 00:01:58,641 | INFO : Evaluating on validation set ...
2025-03-06 00:01:58,641 | INFO : Evaluating on validation set ...
2025-03-06 00:01:58,641 | INFO : Evaluating on validation set ...
2025-03-06 00:01:58,641 | INFO : Evaluating on validation set ...
2025-03-06 00:01:58,641 | INFO : Evaluating on validation set ...
2025-03-06 00:01:58,641 | INFO : Evaluating on validation set ...
2025-03-06 00:01:58,641 | INFO : Evaluating on validation set ...
2025-03-06 00:01:58,641 | INFO : Evaluating on validation set ...
2025-03-06 00:01:58,972 | INFO : Validation runtime: 0.0 hours, 0.0 minutes, 0.3296022415161133 seconds

2025-03-06 00:01:58,972 | INFO : Validation runtime: 0.0 hours, 0.0 minutes, 0.3296022415161133 seconds

2025-03-06 00:01:58,972 | INFO : Validation runtime: 0.0 hours, 0.0 minutes, 0.3296022415161133 seconds

2025-03-06 00:01:58,972 | INFO : Validation runtime: 0.0 hours, 0.0 minutes, 0.3296022415161133 seconds

2025-03-06 00:01:58,972 | INFO : Validation runtime: 0.0 hours, 0.0 minutes, 0.3296022415161133 seconds

2025-03-06 00:01:58,972 | INFO : Validation runtime: 0.0 hours, 0.0 minutes, 0.3296022415161133 seconds

2025-03-06 00:01:58,972 | INFO : Validation runtime: 0.0 hours, 0.0 minutes, 0.3296022415161133 seconds

2025-03-06 00:01:58,972 | INFO : Validation runtime: 0.0 hours, 0.0 minutes, 0.3296022415161133 seconds

2025-03-06 00:01:58,974 | INFO : Avg val. time: 0.0 hours, 0.0 minutes, 0.342527048928397 seconds
2025-03-06 00:01:58,974 | INFO : Avg val. time: 0.0 hours, 0.0 minutes, 0.342527048928397 seconds
2025-03-06 00:01:58,974 | INFO : Avg val. time: 0.0 hours, 0.0 minutes, 0.342527048928397 seconds
2025-03-06 00:01:58,974 | INFO : Avg val. time: 0.0 hours, 0.0 minutes, 0.342527048928397 seconds
2025-03-06 00:01:58,974 | INFO : Avg val. time: 0.0 hours, 0.0 minutes, 0.342527048928397 seconds
2025-03-06 00:01:58,974 | INFO : Avg val. time: 0.0 hours, 0.0 minutes, 0.342527048928397 seconds
2025-03-06 00:01:58,974 | INFO : Avg val. time: 0.0 hours, 0.0 minutes, 0.342527048928397 seconds
2025-03-06 00:01:58,974 | INFO : Avg val. time: 0.0 hours, 0.0 minutes, 0.342527048928397 seconds
2025-03-06 00:01:58,975 | INFO : Avg batch val. time: 0.008563176223209925 seconds
2025-03-06 00:01:58,975 | INFO : Avg batch val. time: 0.008563176223209925 seconds
2025-03-06 00:01:58,975 | INFO : Avg batch val. time: 0.008563176223209925 seconds
2025-03-06 00:01:58,975 | INFO : Avg batch val. time: 0.008563176223209925 seconds
2025-03-06 00:01:58,975 | INFO : Avg batch val. time: 0.008563176223209925 seconds
2025-03-06 00:01:58,975 | INFO : Avg batch val. time: 0.008563176223209925 seconds
2025-03-06 00:01:58,975 | INFO : Avg batch val. time: 0.008563176223209925 seconds
2025-03-06 00:01:58,975 | INFO : Avg batch val. time: 0.008563176223209925 seconds
2025-03-06 00:01:58,977 | INFO : Avg sample val. time: 0.008563176223209925 seconds
2025-03-06 00:01:58,977 | INFO : Avg sample val. time: 0.008563176223209925 seconds
2025-03-06 00:01:58,977 | INFO : Avg sample val. time: 0.008563176223209925 seconds
2025-03-06 00:01:58,977 | INFO : Avg sample val. time: 0.008563176223209925 seconds
2025-03-06 00:01:58,977 | INFO : Avg sample val. time: 0.008563176223209925 seconds
2025-03-06 00:01:58,977 | INFO : Avg sample val. time: 0.008563176223209925 seconds
2025-03-06 00:01:58,977 | INFO : Avg sample val. time: 0.008563176223209925 seconds
2025-03-06 00:01:58,977 | INFO : Avg sample val. time: 0.008563176223209925 seconds
2025-03-06 00:01:58,978 | INFO : Epoch 13 Validation Summary: epoch: 13.000000 | loss: 0.292008 | 
2025-03-06 00:01:58,978 | INFO : Epoch 13 Validation Summary: epoch: 13.000000 | loss: 0.292008 | 
2025-03-06 00:01:58,978 | INFO : Epoch 13 Validation Summary: epoch: 13.000000 | loss: 0.292008 | 
2025-03-06 00:01:58,978 | INFO : Epoch 13 Validation Summary: epoch: 13.000000 | loss: 0.292008 | 
2025-03-06 00:01:58,978 | INFO : Epoch 13 Validation Summary: epoch: 13.000000 | loss: 0.292008 | 
2025-03-06 00:01:58,978 | INFO : Epoch 13 Validation Summary: epoch: 13.000000 | loss: 0.292008 | 
2025-03-06 00:01:58,978 | INFO : Epoch 13 Validation Summary: epoch: 13.000000 | loss: 0.292008 | 
2025-03-06 00:01:58,978 | INFO : Epoch 13 Validation Summary: epoch: 13.000000 | loss: 0.292008 | 
2025-03-06 00:01:59,024 | INFO : Evaluating on validation set ...
2025-03-06 00:01:59,024 | INFO : Evaluating on validation set ...
2025-03-06 00:01:59,024 | INFO : Evaluating on validation set ...
2025-03-06 00:01:59,024 | INFO : Evaluating on validation set ...
2025-03-06 00:01:59,024 | INFO : Evaluating on validation set ...
2025-03-06 00:01:59,024 | INFO : Evaluating on validation set ...
2025-03-06 00:01:59,024 | INFO : Evaluating on validation set ...
2025-03-06 00:01:59,024 | INFO : Evaluating on validation set ...
2025-03-06 00:01:59,361 | INFO : Validation runtime: 0.0 hours, 0.0 minutes, 0.33618855476379395 seconds

2025-03-06 00:01:59,361 | INFO : Validation runtime: 0.0 hours, 0.0 minutes, 0.33618855476379395 seconds

2025-03-06 00:01:59,361 | INFO : Validation runtime: 0.0 hours, 0.0 minutes, 0.33618855476379395 seconds

2025-03-06 00:01:59,361 | INFO : Validation runtime: 0.0 hours, 0.0 minutes, 0.33618855476379395 seconds

2025-03-06 00:01:59,361 | INFO : Validation runtime: 0.0 hours, 0.0 minutes, 0.33618855476379395 seconds

2025-03-06 00:01:59,361 | INFO : Validation runtime: 0.0 hours, 0.0 minutes, 0.33618855476379395 seconds

2025-03-06 00:01:59,361 | INFO : Validation runtime: 0.0 hours, 0.0 minutes, 0.33618855476379395 seconds

2025-03-06 00:01:59,361 | INFO : Validation runtime: 0.0 hours, 0.0 minutes, 0.33618855476379395 seconds

2025-03-06 00:01:59,363 | INFO : Avg val. time: 0.0 hours, 0.0 minutes, 0.3421044826507568 seconds
2025-03-06 00:01:59,363 | INFO : Avg val. time: 0.0 hours, 0.0 minutes, 0.3421044826507568 seconds
2025-03-06 00:01:59,363 | INFO : Avg val. time: 0.0 hours, 0.0 minutes, 0.3421044826507568 seconds
2025-03-06 00:01:59,363 | INFO : Avg val. time: 0.0 hours, 0.0 minutes, 0.3421044826507568 seconds
2025-03-06 00:01:59,363 | INFO : Avg val. time: 0.0 hours, 0.0 minutes, 0.3421044826507568 seconds
2025-03-06 00:01:59,363 | INFO : Avg val. time: 0.0 hours, 0.0 minutes, 0.3421044826507568 seconds
2025-03-06 00:01:59,363 | INFO : Avg val. time: 0.0 hours, 0.0 minutes, 0.3421044826507568 seconds
2025-03-06 00:01:59,363 | INFO : Avg val. time: 0.0 hours, 0.0 minutes, 0.3421044826507568 seconds
2025-03-06 00:01:59,365 | INFO : Avg batch val. time: 0.00855261206626892 seconds
2025-03-06 00:01:59,365 | INFO : Avg batch val. time: 0.00855261206626892 seconds
2025-03-06 00:01:59,365 | INFO : Avg batch val. time: 0.00855261206626892 seconds
2025-03-06 00:01:59,365 | INFO : Avg batch val. time: 0.00855261206626892 seconds
2025-03-06 00:01:59,365 | INFO : Avg batch val. time: 0.00855261206626892 seconds
2025-03-06 00:01:59,365 | INFO : Avg batch val. time: 0.00855261206626892 seconds
2025-03-06 00:01:59,365 | INFO : Avg batch val. time: 0.00855261206626892 seconds
2025-03-06 00:01:59,365 | INFO : Avg batch val. time: 0.00855261206626892 seconds
2025-03-06 00:01:59,366 | INFO : Avg sample val. time: 0.00855261206626892 seconds
2025-03-06 00:01:59,366 | INFO : Avg sample val. time: 0.00855261206626892 seconds
2025-03-06 00:01:59,366 | INFO : Avg sample val. time: 0.00855261206626892 seconds
2025-03-06 00:01:59,366 | INFO : Avg sample val. time: 0.00855261206626892 seconds
2025-03-06 00:01:59,366 | INFO : Avg sample val. time: 0.00855261206626892 seconds
2025-03-06 00:01:59,366 | INFO : Avg sample val. time: 0.00855261206626892 seconds
2025-03-06 00:01:59,366 | INFO : Avg sample val. time: 0.00855261206626892 seconds
2025-03-06 00:01:59,366 | INFO : Avg sample val. time: 0.00855261206626892 seconds
2025-03-06 00:01:59,368 | INFO : Epoch 14 Validation Summary: epoch: 14.000000 | loss: 0.263719 | 
2025-03-06 00:01:59,368 | INFO : Epoch 14 Validation Summary: epoch: 14.000000 | loss: 0.263719 | 
2025-03-06 00:01:59,368 | INFO : Epoch 14 Validation Summary: epoch: 14.000000 | loss: 0.263719 | 
2025-03-06 00:01:59,368 | INFO : Epoch 14 Validation Summary: epoch: 14.000000 | loss: 0.263719 | 
2025-03-06 00:01:59,368 | INFO : Epoch 14 Validation Summary: epoch: 14.000000 | loss: 0.263719 | 
2025-03-06 00:01:59,368 | INFO : Epoch 14 Validation Summary: epoch: 14.000000 | loss: 0.263719 | 
2025-03-06 00:01:59,368 | INFO : Epoch 14 Validation Summary: epoch: 14.000000 | loss: 0.263719 | 
2025-03-06 00:01:59,368 | INFO : Epoch 14 Validation Summary: epoch: 14.000000 | loss: 0.263719 | 
2025-03-06 00:01:59,414 | INFO : Evaluating on validation set ...
2025-03-06 00:01:59,414 | INFO : Evaluating on validation set ...
2025-03-06 00:01:59,414 | INFO : Evaluating on validation set ...
2025-03-06 00:01:59,414 | INFO : Evaluating on validation set ...
2025-03-06 00:01:59,414 | INFO : Evaluating on validation set ...
2025-03-06 00:01:59,414 | INFO : Evaluating on validation set ...
2025-03-06 00:01:59,414 | INFO : Evaluating on validation set ...
2025-03-06 00:01:59,414 | INFO : Evaluating on validation set ...
2025-03-06 00:01:59,759 | INFO : Validation runtime: 0.0 hours, 0.0 minutes, 0.3430945873260498 seconds

2025-03-06 00:01:59,759 | INFO : Validation runtime: 0.0 hours, 0.0 minutes, 0.3430945873260498 seconds

2025-03-06 00:01:59,759 | INFO : Validation runtime: 0.0 hours, 0.0 minutes, 0.3430945873260498 seconds

2025-03-06 00:01:59,759 | INFO : Validation runtime: 0.0 hours, 0.0 minutes, 0.3430945873260498 seconds

2025-03-06 00:01:59,759 | INFO : Validation runtime: 0.0 hours, 0.0 minutes, 0.3430945873260498 seconds

2025-03-06 00:01:59,759 | INFO : Validation runtime: 0.0 hours, 0.0 minutes, 0.3430945873260498 seconds

2025-03-06 00:01:59,759 | INFO : Validation runtime: 0.0 hours, 0.0 minutes, 0.3430945873260498 seconds

2025-03-06 00:01:59,759 | INFO : Validation runtime: 0.0 hours, 0.0 minutes, 0.3430945873260498 seconds

2025-03-06 00:01:59,761 | INFO : Avg val. time: 0.0 hours, 0.0 minutes, 0.34216636419296265 seconds
2025-03-06 00:01:59,761 | INFO : Avg val. time: 0.0 hours, 0.0 minutes, 0.34216636419296265 seconds
2025-03-06 00:01:59,761 | INFO : Avg val. time: 0.0 hours, 0.0 minutes, 0.34216636419296265 seconds
2025-03-06 00:01:59,761 | INFO : Avg val. time: 0.0 hours, 0.0 minutes, 0.34216636419296265 seconds
2025-03-06 00:01:59,761 | INFO : Avg val. time: 0.0 hours, 0.0 minutes, 0.34216636419296265 seconds
2025-03-06 00:01:59,761 | INFO : Avg val. time: 0.0 hours, 0.0 minutes, 0.34216636419296265 seconds
2025-03-06 00:01:59,761 | INFO : Avg val. time: 0.0 hours, 0.0 minutes, 0.34216636419296265 seconds
2025-03-06 00:01:59,761 | INFO : Avg val. time: 0.0 hours, 0.0 minutes, 0.34216636419296265 seconds
2025-03-06 00:01:59,762 | INFO : Avg batch val. time: 0.008554159104824067 seconds
2025-03-06 00:01:59,762 | INFO : Avg batch val. time: 0.008554159104824067 seconds
2025-03-06 00:01:59,762 | INFO : Avg batch val. time: 0.008554159104824067 seconds
2025-03-06 00:01:59,762 | INFO : Avg batch val. time: 0.008554159104824067 seconds
2025-03-06 00:01:59,762 | INFO : Avg batch val. time: 0.008554159104824067 seconds
2025-03-06 00:01:59,762 | INFO : Avg batch val. time: 0.008554159104824067 seconds
2025-03-06 00:01:59,762 | INFO : Avg batch val. time: 0.008554159104824067 seconds
2025-03-06 00:01:59,762 | INFO : Avg batch val. time: 0.008554159104824067 seconds
2025-03-06 00:01:59,764 | INFO : Avg sample val. time: 0.008554159104824067 seconds
2025-03-06 00:01:59,764 | INFO : Avg sample val. time: 0.008554159104824067 seconds
2025-03-06 00:01:59,764 | INFO : Avg sample val. time: 0.008554159104824067 seconds
2025-03-06 00:01:59,764 | INFO : Avg sample val. time: 0.008554159104824067 seconds
2025-03-06 00:01:59,764 | INFO : Avg sample val. time: 0.008554159104824067 seconds
2025-03-06 00:01:59,764 | INFO : Avg sample val. time: 0.008554159104824067 seconds
2025-03-06 00:01:59,764 | INFO : Avg sample val. time: 0.008554159104824067 seconds
2025-03-06 00:01:59,764 | INFO : Avg sample val. time: 0.008554159104824067 seconds
2025-03-06 00:01:59,765 | INFO : Epoch 15 Validation Summary: epoch: 15.000000 | loss: 0.240050 | 
2025-03-06 00:01:59,765 | INFO : Epoch 15 Validation Summary: epoch: 15.000000 | loss: 0.240050 | 
2025-03-06 00:01:59,765 | INFO : Epoch 15 Validation Summary: epoch: 15.000000 | loss: 0.240050 | 
2025-03-06 00:01:59,765 | INFO : Epoch 15 Validation Summary: epoch: 15.000000 | loss: 0.240050 | 
2025-03-06 00:01:59,765 | INFO : Epoch 15 Validation Summary: epoch: 15.000000 | loss: 0.240050 | 
2025-03-06 00:01:59,765 | INFO : Epoch 15 Validation Summary: epoch: 15.000000 | loss: 0.240050 | 
2025-03-06 00:01:59,765 | INFO : Epoch 15 Validation Summary: epoch: 15.000000 | loss: 0.240050 | 
2025-03-06 00:01:59,765 | INFO : Epoch 15 Validation Summary: epoch: 15.000000 | loss: 0.240050 | 
2025-03-06 00:01:59,812 | INFO : Evaluating on validation set ...
2025-03-06 00:01:59,812 | INFO : Evaluating on validation set ...
2025-03-06 00:01:59,812 | INFO : Evaluating on validation set ...
2025-03-06 00:01:59,812 | INFO : Evaluating on validation set ...
2025-03-06 00:01:59,812 | INFO : Evaluating on validation set ...
2025-03-06 00:01:59,812 | INFO : Evaluating on validation set ...
2025-03-06 00:01:59,812 | INFO : Evaluating on validation set ...
2025-03-06 00:01:59,812 | INFO : Evaluating on validation set ...
2025-03-06 00:02:00,138 | INFO : Validation runtime: 0.0 hours, 0.0 minutes, 0.32460713386535645 seconds

2025-03-06 00:02:00,138 | INFO : Validation runtime: 0.0 hours, 0.0 minutes, 0.32460713386535645 seconds

2025-03-06 00:02:00,138 | INFO : Validation runtime: 0.0 hours, 0.0 minutes, 0.32460713386535645 seconds

2025-03-06 00:02:00,138 | INFO : Validation runtime: 0.0 hours, 0.0 minutes, 0.32460713386535645 seconds

2025-03-06 00:02:00,138 | INFO : Validation runtime: 0.0 hours, 0.0 minutes, 0.32460713386535645 seconds

2025-03-06 00:02:00,138 | INFO : Validation runtime: 0.0 hours, 0.0 minutes, 0.32460713386535645 seconds

2025-03-06 00:02:00,138 | INFO : Validation runtime: 0.0 hours, 0.0 minutes, 0.32460713386535645 seconds

2025-03-06 00:02:00,138 | INFO : Validation runtime: 0.0 hours, 0.0 minutes, 0.32460713386535645 seconds

2025-03-06 00:02:00,140 | INFO : Avg val. time: 0.0 hours, 0.0 minutes, 0.3411334682913387 seconds
2025-03-06 00:02:00,140 | INFO : Avg val. time: 0.0 hours, 0.0 minutes, 0.3411334682913387 seconds
2025-03-06 00:02:00,140 | INFO : Avg val. time: 0.0 hours, 0.0 minutes, 0.3411334682913387 seconds
2025-03-06 00:02:00,140 | INFO : Avg val. time: 0.0 hours, 0.0 minutes, 0.3411334682913387 seconds
2025-03-06 00:02:00,140 | INFO : Avg val. time: 0.0 hours, 0.0 minutes, 0.3411334682913387 seconds
2025-03-06 00:02:00,140 | INFO : Avg val. time: 0.0 hours, 0.0 minutes, 0.3411334682913387 seconds
2025-03-06 00:02:00,140 | INFO : Avg val. time: 0.0 hours, 0.0 minutes, 0.3411334682913387 seconds
2025-03-06 00:02:00,140 | INFO : Avg val. time: 0.0 hours, 0.0 minutes, 0.3411334682913387 seconds
2025-03-06 00:02:00,141 | INFO : Avg batch val. time: 0.008528336707283469 seconds
2025-03-06 00:02:00,141 | INFO : Avg batch val. time: 0.008528336707283469 seconds
2025-03-06 00:02:00,141 | INFO : Avg batch val. time: 0.008528336707283469 seconds
2025-03-06 00:02:00,141 | INFO : Avg batch val. time: 0.008528336707283469 seconds
2025-03-06 00:02:00,141 | INFO : Avg batch val. time: 0.008528336707283469 seconds
2025-03-06 00:02:00,141 | INFO : Avg batch val. time: 0.008528336707283469 seconds
2025-03-06 00:02:00,141 | INFO : Avg batch val. time: 0.008528336707283469 seconds
2025-03-06 00:02:00,141 | INFO : Avg batch val. time: 0.008528336707283469 seconds
2025-03-06 00:02:00,143 | INFO : Avg sample val. time: 0.008528336707283469 seconds
2025-03-06 00:02:00,143 | INFO : Avg sample val. time: 0.008528336707283469 seconds
2025-03-06 00:02:00,143 | INFO : Avg sample val. time: 0.008528336707283469 seconds
2025-03-06 00:02:00,143 | INFO : Avg sample val. time: 0.008528336707283469 seconds
2025-03-06 00:02:00,143 | INFO : Avg sample val. time: 0.008528336707283469 seconds
2025-03-06 00:02:00,143 | INFO : Avg sample val. time: 0.008528336707283469 seconds
2025-03-06 00:02:00,143 | INFO : Avg sample val. time: 0.008528336707283469 seconds
2025-03-06 00:02:00,143 | INFO : Avg sample val. time: 0.008528336707283469 seconds
2025-03-06 00:02:00,144 | INFO : Epoch 16 Validation Summary: epoch: 16.000000 | loss: 0.220216 | 
2025-03-06 00:02:00,144 | INFO : Epoch 16 Validation Summary: epoch: 16.000000 | loss: 0.220216 | 
2025-03-06 00:02:00,144 | INFO : Epoch 16 Validation Summary: epoch: 16.000000 | loss: 0.220216 | 
2025-03-06 00:02:00,144 | INFO : Epoch 16 Validation Summary: epoch: 16.000000 | loss: 0.220216 | 
2025-03-06 00:02:00,144 | INFO : Epoch 16 Validation Summary: epoch: 16.000000 | loss: 0.220216 | 
2025-03-06 00:02:00,144 | INFO : Epoch 16 Validation Summary: epoch: 16.000000 | loss: 0.220216 | 
2025-03-06 00:02:00,144 | INFO : Epoch 16 Validation Summary: epoch: 16.000000 | loss: 0.220216 | 
2025-03-06 00:02:00,144 | INFO : Epoch 16 Validation Summary: epoch: 16.000000 | loss: 0.220216 | 
2025-03-06 00:02:00,191 | INFO : Evaluating on validation set ...
2025-03-06 00:02:00,191 | INFO : Evaluating on validation set ...
2025-03-06 00:02:00,191 | INFO : Evaluating on validation set ...
2025-03-06 00:02:00,191 | INFO : Evaluating on validation set ...
2025-03-06 00:02:00,191 | INFO : Evaluating on validation set ...
2025-03-06 00:02:00,191 | INFO : Evaluating on validation set ...
2025-03-06 00:02:00,191 | INFO : Evaluating on validation set ...
2025-03-06 00:02:00,191 | INFO : Evaluating on validation set ...
2025-03-06 00:02:00,529 | INFO : Validation runtime: 0.0 hours, 0.0 minutes, 0.3369297981262207 seconds

2025-03-06 00:02:00,529 | INFO : Validation runtime: 0.0 hours, 0.0 minutes, 0.3369297981262207 seconds

2025-03-06 00:02:00,529 | INFO : Validation runtime: 0.0 hours, 0.0 minutes, 0.3369297981262207 seconds

2025-03-06 00:02:00,529 | INFO : Validation runtime: 0.0 hours, 0.0 minutes, 0.3369297981262207 seconds

2025-03-06 00:02:00,529 | INFO : Validation runtime: 0.0 hours, 0.0 minutes, 0.3369297981262207 seconds

2025-03-06 00:02:00,529 | INFO : Validation runtime: 0.0 hours, 0.0 minutes, 0.3369297981262207 seconds

2025-03-06 00:02:00,529 | INFO : Validation runtime: 0.0 hours, 0.0 minutes, 0.3369297981262207 seconds

2025-03-06 00:02:00,529 | INFO : Validation runtime: 0.0 hours, 0.0 minutes, 0.3369297981262207 seconds

2025-03-06 00:02:00,531 | INFO : Avg val. time: 0.0 hours, 0.0 minutes, 0.3408999310599433 seconds
2025-03-06 00:02:00,531 | INFO : Avg val. time: 0.0 hours, 0.0 minutes, 0.3408999310599433 seconds
2025-03-06 00:02:00,531 | INFO : Avg val. time: 0.0 hours, 0.0 minutes, 0.3408999310599433 seconds
2025-03-06 00:02:00,531 | INFO : Avg val. time: 0.0 hours, 0.0 minutes, 0.3408999310599433 seconds
2025-03-06 00:02:00,531 | INFO : Avg val. time: 0.0 hours, 0.0 minutes, 0.3408999310599433 seconds
2025-03-06 00:02:00,531 | INFO : Avg val. time: 0.0 hours, 0.0 minutes, 0.3408999310599433 seconds
2025-03-06 00:02:00,531 | INFO : Avg val. time: 0.0 hours, 0.0 minutes, 0.3408999310599433 seconds
2025-03-06 00:02:00,531 | INFO : Avg val. time: 0.0 hours, 0.0 minutes, 0.3408999310599433 seconds
2025-03-06 00:02:00,532 | INFO : Avg batch val. time: 0.008522498276498583 seconds
2025-03-06 00:02:00,532 | INFO : Avg batch val. time: 0.008522498276498583 seconds
2025-03-06 00:02:00,532 | INFO : Avg batch val. time: 0.008522498276498583 seconds
2025-03-06 00:02:00,532 | INFO : Avg batch val. time: 0.008522498276498583 seconds
2025-03-06 00:02:00,532 | INFO : Avg batch val. time: 0.008522498276498583 seconds
2025-03-06 00:02:00,532 | INFO : Avg batch val. time: 0.008522498276498583 seconds
2025-03-06 00:02:00,532 | INFO : Avg batch val. time: 0.008522498276498583 seconds
2025-03-06 00:02:00,532 | INFO : Avg batch val. time: 0.008522498276498583 seconds
2025-03-06 00:02:00,534 | INFO : Avg sample val. time: 0.008522498276498583 seconds
2025-03-06 00:02:00,534 | INFO : Avg sample val. time: 0.008522498276498583 seconds
2025-03-06 00:02:00,534 | INFO : Avg sample val. time: 0.008522498276498583 seconds
2025-03-06 00:02:00,534 | INFO : Avg sample val. time: 0.008522498276498583 seconds
2025-03-06 00:02:00,534 | INFO : Avg sample val. time: 0.008522498276498583 seconds
2025-03-06 00:02:00,534 | INFO : Avg sample val. time: 0.008522498276498583 seconds
2025-03-06 00:02:00,534 | INFO : Avg sample val. time: 0.008522498276498583 seconds
2025-03-06 00:02:00,534 | INFO : Avg sample val. time: 0.008522498276498583 seconds
2025-03-06 00:02:00,535 | INFO : Epoch 17 Validation Summary: epoch: 17.000000 | loss: 0.203602 | 
2025-03-06 00:02:00,535 | INFO : Epoch 17 Validation Summary: epoch: 17.000000 | loss: 0.203602 | 
2025-03-06 00:02:00,535 | INFO : Epoch 17 Validation Summary: epoch: 17.000000 | loss: 0.203602 | 
2025-03-06 00:02:00,535 | INFO : Epoch 17 Validation Summary: epoch: 17.000000 | loss: 0.203602 | 
2025-03-06 00:02:00,535 | INFO : Epoch 17 Validation Summary: epoch: 17.000000 | loss: 0.203602 | 
2025-03-06 00:02:00,535 | INFO : Epoch 17 Validation Summary: epoch: 17.000000 | loss: 0.203602 | 
2025-03-06 00:02:00,535 | INFO : Epoch 17 Validation Summary: epoch: 17.000000 | loss: 0.203602 | 
2025-03-06 00:02:00,535 | INFO : Epoch 17 Validation Summary: epoch: 17.000000 | loss: 0.203602 | 
2025-03-06 00:02:00,576 | INFO : Evaluating on validation set ...
2025-03-06 00:02:00,576 | INFO : Evaluating on validation set ...
2025-03-06 00:02:00,576 | INFO : Evaluating on validation set ...
2025-03-06 00:02:00,576 | INFO : Evaluating on validation set ...
2025-03-06 00:02:00,576 | INFO : Evaluating on validation set ...
2025-03-06 00:02:00,576 | INFO : Evaluating on validation set ...
2025-03-06 00:02:00,576 | INFO : Evaluating on validation set ...
2025-03-06 00:02:00,576 | INFO : Evaluating on validation set ...
2025-03-06 00:02:00,918 | INFO : Validation runtime: 0.0 hours, 0.0 minutes, 0.34067535400390625 seconds

2025-03-06 00:02:00,918 | INFO : Validation runtime: 0.0 hours, 0.0 minutes, 0.34067535400390625 seconds

2025-03-06 00:02:00,918 | INFO : Validation runtime: 0.0 hours, 0.0 minutes, 0.34067535400390625 seconds

2025-03-06 00:02:00,918 | INFO : Validation runtime: 0.0 hours, 0.0 minutes, 0.34067535400390625 seconds

2025-03-06 00:02:00,918 | INFO : Validation runtime: 0.0 hours, 0.0 minutes, 0.34067535400390625 seconds

2025-03-06 00:02:00,918 | INFO : Validation runtime: 0.0 hours, 0.0 minutes, 0.34067535400390625 seconds

2025-03-06 00:02:00,918 | INFO : Validation runtime: 0.0 hours, 0.0 minutes, 0.34067535400390625 seconds

2025-03-06 00:02:00,918 | INFO : Validation runtime: 0.0 hours, 0.0 minutes, 0.34067535400390625 seconds

2025-03-06 00:02:00,920 | INFO : Avg val. time: 0.0 hours, 0.0 minutes, 0.3408881112148887 seconds
2025-03-06 00:02:00,920 | INFO : Avg val. time: 0.0 hours, 0.0 minutes, 0.3408881112148887 seconds
2025-03-06 00:02:00,920 | INFO : Avg val. time: 0.0 hours, 0.0 minutes, 0.3408881112148887 seconds
2025-03-06 00:02:00,920 | INFO : Avg val. time: 0.0 hours, 0.0 minutes, 0.3408881112148887 seconds
2025-03-06 00:02:00,920 | INFO : Avg val. time: 0.0 hours, 0.0 minutes, 0.3408881112148887 seconds
2025-03-06 00:02:00,920 | INFO : Avg val. time: 0.0 hours, 0.0 minutes, 0.3408881112148887 seconds
2025-03-06 00:02:00,920 | INFO : Avg val. time: 0.0 hours, 0.0 minutes, 0.3408881112148887 seconds
2025-03-06 00:02:00,920 | INFO : Avg val. time: 0.0 hours, 0.0 minutes, 0.3408881112148887 seconds
2025-03-06 00:02:00,921 | INFO : Avg batch val. time: 0.008522202780372218 seconds
2025-03-06 00:02:00,921 | INFO : Avg batch val. time: 0.008522202780372218 seconds
2025-03-06 00:02:00,921 | INFO : Avg batch val. time: 0.008522202780372218 seconds
2025-03-06 00:02:00,921 | INFO : Avg batch val. time: 0.008522202780372218 seconds
2025-03-06 00:02:00,921 | INFO : Avg batch val. time: 0.008522202780372218 seconds
2025-03-06 00:02:00,921 | INFO : Avg batch val. time: 0.008522202780372218 seconds
2025-03-06 00:02:00,921 | INFO : Avg batch val. time: 0.008522202780372218 seconds
2025-03-06 00:02:00,921 | INFO : Avg batch val. time: 0.008522202780372218 seconds
2025-03-06 00:02:00,923 | INFO : Avg sample val. time: 0.008522202780372218 seconds
2025-03-06 00:02:00,923 | INFO : Avg sample val. time: 0.008522202780372218 seconds
2025-03-06 00:02:00,923 | INFO : Avg sample val. time: 0.008522202780372218 seconds
2025-03-06 00:02:00,923 | INFO : Avg sample val. time: 0.008522202780372218 seconds
2025-03-06 00:02:00,923 | INFO : Avg sample val. time: 0.008522202780372218 seconds
2025-03-06 00:02:00,923 | INFO : Avg sample val. time: 0.008522202780372218 seconds
2025-03-06 00:02:00,923 | INFO : Avg sample val. time: 0.008522202780372218 seconds
2025-03-06 00:02:00,923 | INFO : Avg sample val. time: 0.008522202780372218 seconds
2025-03-06 00:02:00,924 | INFO : Epoch 18 Validation Summary: epoch: 18.000000 | loss: 0.189677 | 
2025-03-06 00:02:00,924 | INFO : Epoch 18 Validation Summary: epoch: 18.000000 | loss: 0.189677 | 
2025-03-06 00:02:00,924 | INFO : Epoch 18 Validation Summary: epoch: 18.000000 | loss: 0.189677 | 
2025-03-06 00:02:00,924 | INFO : Epoch 18 Validation Summary: epoch: 18.000000 | loss: 0.189677 | 
2025-03-06 00:02:00,924 | INFO : Epoch 18 Validation Summary: epoch: 18.000000 | loss: 0.189677 | 
2025-03-06 00:02:00,924 | INFO : Epoch 18 Validation Summary: epoch: 18.000000 | loss: 0.189677 | 
2025-03-06 00:02:00,924 | INFO : Epoch 18 Validation Summary: epoch: 18.000000 | loss: 0.189677 | 
2025-03-06 00:02:00,924 | INFO : Epoch 18 Validation Summary: epoch: 18.000000 | loss: 0.189677 | 
2025-03-06 00:02:00,971 | INFO : Evaluating on validation set ...
2025-03-06 00:02:00,971 | INFO : Evaluating on validation set ...
2025-03-06 00:02:00,971 | INFO : Evaluating on validation set ...
2025-03-06 00:02:00,971 | INFO : Evaluating on validation set ...
2025-03-06 00:02:00,971 | INFO : Evaluating on validation set ...
2025-03-06 00:02:00,971 | INFO : Evaluating on validation set ...
2025-03-06 00:02:00,971 | INFO : Evaluating on validation set ...
2025-03-06 00:02:00,971 | INFO : Evaluating on validation set ...
2025-03-06 00:02:01,303 | INFO : Validation runtime: 0.0 hours, 0.0 minutes, 0.3304164409637451 seconds

2025-03-06 00:02:01,303 | INFO : Validation runtime: 0.0 hours, 0.0 minutes, 0.3304164409637451 seconds

2025-03-06 00:02:01,303 | INFO : Validation runtime: 0.0 hours, 0.0 minutes, 0.3304164409637451 seconds

2025-03-06 00:02:01,303 | INFO : Validation runtime: 0.0 hours, 0.0 minutes, 0.3304164409637451 seconds

2025-03-06 00:02:01,303 | INFO : Validation runtime: 0.0 hours, 0.0 minutes, 0.3304164409637451 seconds

2025-03-06 00:02:01,303 | INFO : Validation runtime: 0.0 hours, 0.0 minutes, 0.3304164409637451 seconds

2025-03-06 00:02:01,303 | INFO : Validation runtime: 0.0 hours, 0.0 minutes, 0.3304164409637451 seconds

2025-03-06 00:02:01,303 | INFO : Validation runtime: 0.0 hours, 0.0 minutes, 0.3304164409637451 seconds

2025-03-06 00:02:01,305 | INFO : Avg val. time: 0.0 hours, 0.0 minutes, 0.34036452770233155 seconds
2025-03-06 00:02:01,305 | INFO : Avg val. time: 0.0 hours, 0.0 minutes, 0.34036452770233155 seconds
2025-03-06 00:02:01,305 | INFO : Avg val. time: 0.0 hours, 0.0 minutes, 0.34036452770233155 seconds
2025-03-06 00:02:01,305 | INFO : Avg val. time: 0.0 hours, 0.0 minutes, 0.34036452770233155 seconds
2025-03-06 00:02:01,305 | INFO : Avg val. time: 0.0 hours, 0.0 minutes, 0.34036452770233155 seconds
2025-03-06 00:02:01,305 | INFO : Avg val. time: 0.0 hours, 0.0 minutes, 0.34036452770233155 seconds
2025-03-06 00:02:01,305 | INFO : Avg val. time: 0.0 hours, 0.0 minutes, 0.34036452770233155 seconds
2025-03-06 00:02:01,305 | INFO : Avg val. time: 0.0 hours, 0.0 minutes, 0.34036452770233155 seconds
2025-03-06 00:02:01,307 | INFO : Avg batch val. time: 0.00850911319255829 seconds
2025-03-06 00:02:01,307 | INFO : Avg batch val. time: 0.00850911319255829 seconds
2025-03-06 00:02:01,307 | INFO : Avg batch val. time: 0.00850911319255829 seconds
2025-03-06 00:02:01,307 | INFO : Avg batch val. time: 0.00850911319255829 seconds
2025-03-06 00:02:01,307 | INFO : Avg batch val. time: 0.00850911319255829 seconds
2025-03-06 00:02:01,307 | INFO : Avg batch val. time: 0.00850911319255829 seconds
2025-03-06 00:02:01,307 | INFO : Avg batch val. time: 0.00850911319255829 seconds
2025-03-06 00:02:01,307 | INFO : Avg batch val. time: 0.00850911319255829 seconds
2025-03-06 00:02:01,308 | INFO : Avg sample val. time: 0.00850911319255829 seconds
2025-03-06 00:02:01,308 | INFO : Avg sample val. time: 0.00850911319255829 seconds
2025-03-06 00:02:01,308 | INFO : Avg sample val. time: 0.00850911319255829 seconds
2025-03-06 00:02:01,308 | INFO : Avg sample val. time: 0.00850911319255829 seconds
2025-03-06 00:02:01,308 | INFO : Avg sample val. time: 0.00850911319255829 seconds
2025-03-06 00:02:01,308 | INFO : Avg sample val. time: 0.00850911319255829 seconds
2025-03-06 00:02:01,308 | INFO : Avg sample val. time: 0.00850911319255829 seconds
2025-03-06 00:02:01,308 | INFO : Avg sample val. time: 0.00850911319255829 seconds
2025-03-06 00:02:01,309 | INFO : Epoch 19 Validation Summary: epoch: 19.000000 | loss: 0.177947 | 
2025-03-06 00:02:01,309 | INFO : Epoch 19 Validation Summary: epoch: 19.000000 | loss: 0.177947 | 
2025-03-06 00:02:01,309 | INFO : Epoch 19 Validation Summary: epoch: 19.000000 | loss: 0.177947 | 
2025-03-06 00:02:01,309 | INFO : Epoch 19 Validation Summary: epoch: 19.000000 | loss: 0.177947 | 
2025-03-06 00:02:01,309 | INFO : Epoch 19 Validation Summary: epoch: 19.000000 | loss: 0.177947 | 
2025-03-06 00:02:01,309 | INFO : Epoch 19 Validation Summary: epoch: 19.000000 | loss: 0.177947 | 
2025-03-06 00:02:01,309 | INFO : Epoch 19 Validation Summary: epoch: 19.000000 | loss: 0.177947 | 
2025-03-06 00:02:01,309 | INFO : Epoch 19 Validation Summary: epoch: 19.000000 | loss: 0.177947 | 
2025-03-06 00:02:01,355 | INFO : Evaluating on validation set ...
2025-03-06 00:02:01,355 | INFO : Evaluating on validation set ...
2025-03-06 00:02:01,355 | INFO : Evaluating on validation set ...
2025-03-06 00:02:01,355 | INFO : Evaluating on validation set ...
2025-03-06 00:02:01,355 | INFO : Evaluating on validation set ...
2025-03-06 00:02:01,355 | INFO : Evaluating on validation set ...
2025-03-06 00:02:01,355 | INFO : Evaluating on validation set ...
2025-03-06 00:02:01,355 | INFO : Evaluating on validation set ...
2025-03-06 00:02:01,692 | INFO : Validation runtime: 0.0 hours, 0.0 minutes, 0.33522844314575195 seconds

2025-03-06 00:02:01,692 | INFO : Validation runtime: 0.0 hours, 0.0 minutes, 0.33522844314575195 seconds

2025-03-06 00:02:01,692 | INFO : Validation runtime: 0.0 hours, 0.0 minutes, 0.33522844314575195 seconds

2025-03-06 00:02:01,692 | INFO : Validation runtime: 0.0 hours, 0.0 minutes, 0.33522844314575195 seconds

2025-03-06 00:02:01,692 | INFO : Validation runtime: 0.0 hours, 0.0 minutes, 0.33522844314575195 seconds

2025-03-06 00:02:01,692 | INFO : Validation runtime: 0.0 hours, 0.0 minutes, 0.33522844314575195 seconds

2025-03-06 00:02:01,692 | INFO : Validation runtime: 0.0 hours, 0.0 minutes, 0.33522844314575195 seconds

2025-03-06 00:02:01,692 | INFO : Validation runtime: 0.0 hours, 0.0 minutes, 0.33522844314575195 seconds

2025-03-06 00:02:01,693 | INFO : Avg val. time: 0.0 hours, 0.0 minutes, 0.34011995224725633 seconds
2025-03-06 00:02:01,693 | INFO : Avg val. time: 0.0 hours, 0.0 minutes, 0.34011995224725633 seconds
2025-03-06 00:02:01,693 | INFO : Avg val. time: 0.0 hours, 0.0 minutes, 0.34011995224725633 seconds
2025-03-06 00:02:01,693 | INFO : Avg val. time: 0.0 hours, 0.0 minutes, 0.34011995224725633 seconds
2025-03-06 00:02:01,693 | INFO : Avg val. time: 0.0 hours, 0.0 minutes, 0.34011995224725633 seconds
2025-03-06 00:02:01,693 | INFO : Avg val. time: 0.0 hours, 0.0 minutes, 0.34011995224725633 seconds
2025-03-06 00:02:01,693 | INFO : Avg val. time: 0.0 hours, 0.0 minutes, 0.34011995224725633 seconds
2025-03-06 00:02:01,693 | INFO : Avg val. time: 0.0 hours, 0.0 minutes, 0.34011995224725633 seconds
2025-03-06 00:02:01,695 | INFO : Avg batch val. time: 0.008502998806181408 seconds
2025-03-06 00:02:01,695 | INFO : Avg batch val. time: 0.008502998806181408 seconds
2025-03-06 00:02:01,695 | INFO : Avg batch val. time: 0.008502998806181408 seconds
2025-03-06 00:02:01,695 | INFO : Avg batch val. time: 0.008502998806181408 seconds
2025-03-06 00:02:01,695 | INFO : Avg batch val. time: 0.008502998806181408 seconds
2025-03-06 00:02:01,695 | INFO : Avg batch val. time: 0.008502998806181408 seconds
2025-03-06 00:02:01,695 | INFO : Avg batch val. time: 0.008502998806181408 seconds
2025-03-06 00:02:01,695 | INFO : Avg batch val. time: 0.008502998806181408 seconds
2025-03-06 00:02:01,696 | INFO : Avg sample val. time: 0.008502998806181408 seconds
2025-03-06 00:02:01,696 | INFO : Avg sample val. time: 0.008502998806181408 seconds
2025-03-06 00:02:01,696 | INFO : Avg sample val. time: 0.008502998806181408 seconds
2025-03-06 00:02:01,696 | INFO : Avg sample val. time: 0.008502998806181408 seconds
2025-03-06 00:02:01,696 | INFO : Avg sample val. time: 0.008502998806181408 seconds
2025-03-06 00:02:01,696 | INFO : Avg sample val. time: 0.008502998806181408 seconds
2025-03-06 00:02:01,696 | INFO : Avg sample val. time: 0.008502998806181408 seconds
2025-03-06 00:02:01,696 | INFO : Avg sample val. time: 0.008502998806181408 seconds
2025-03-06 00:02:01,698 | INFO : Epoch 20 Validation Summary: epoch: 20.000000 | loss: 0.167994 | 
2025-03-06 00:02:01,698 | INFO : Epoch 20 Validation Summary: epoch: 20.000000 | loss: 0.167994 | 
2025-03-06 00:02:01,698 | INFO : Epoch 20 Validation Summary: epoch: 20.000000 | loss: 0.167994 | 
2025-03-06 00:02:01,698 | INFO : Epoch 20 Validation Summary: epoch: 20.000000 | loss: 0.167994 | 
2025-03-06 00:02:01,698 | INFO : Epoch 20 Validation Summary: epoch: 20.000000 | loss: 0.167994 | 
2025-03-06 00:02:01,698 | INFO : Epoch 20 Validation Summary: epoch: 20.000000 | loss: 0.167994 | 
2025-03-06 00:02:01,698 | INFO : Epoch 20 Validation Summary: epoch: 20.000000 | loss: 0.167994 | 
2025-03-06 00:02:01,698 | INFO : Epoch 20 Validation Summary: epoch: 20.000000 | loss: 0.167994 | 
2025-03-06 00:02:01,747 | INFO : Evaluating on validation set ...
2025-03-06 00:02:01,747 | INFO : Evaluating on validation set ...
2025-03-06 00:02:01,747 | INFO : Evaluating on validation set ...
2025-03-06 00:02:01,747 | INFO : Evaluating on validation set ...
2025-03-06 00:02:01,747 | INFO : Evaluating on validation set ...
2025-03-06 00:02:01,747 | INFO : Evaluating on validation set ...
2025-03-06 00:02:01,747 | INFO : Evaluating on validation set ...
2025-03-06 00:02:01,747 | INFO : Evaluating on validation set ...
2025-03-06 00:02:02,088 | INFO : Validation runtime: 0.0 hours, 0.0 minutes, 0.33953404426574707 seconds

2025-03-06 00:02:02,088 | INFO : Validation runtime: 0.0 hours, 0.0 minutes, 0.33953404426574707 seconds

2025-03-06 00:02:02,088 | INFO : Validation runtime: 0.0 hours, 0.0 minutes, 0.33953404426574707 seconds

2025-03-06 00:02:02,088 | INFO : Validation runtime: 0.0 hours, 0.0 minutes, 0.33953404426574707 seconds

2025-03-06 00:02:02,088 | INFO : Validation runtime: 0.0 hours, 0.0 minutes, 0.33953404426574707 seconds

2025-03-06 00:02:02,088 | INFO : Validation runtime: 0.0 hours, 0.0 minutes, 0.33953404426574707 seconds

2025-03-06 00:02:02,088 | INFO : Validation runtime: 0.0 hours, 0.0 minutes, 0.33953404426574707 seconds

2025-03-06 00:02:02,088 | INFO : Validation runtime: 0.0 hours, 0.0 minutes, 0.33953404426574707 seconds

2025-03-06 00:02:02,089 | INFO : Avg val. time: 0.0 hours, 0.0 minutes, 0.3400933200662786 seconds
2025-03-06 00:02:02,089 | INFO : Avg val. time: 0.0 hours, 0.0 minutes, 0.3400933200662786 seconds
2025-03-06 00:02:02,089 | INFO : Avg val. time: 0.0 hours, 0.0 minutes, 0.3400933200662786 seconds
2025-03-06 00:02:02,089 | INFO : Avg val. time: 0.0 hours, 0.0 minutes, 0.3400933200662786 seconds
2025-03-06 00:02:02,089 | INFO : Avg val. time: 0.0 hours, 0.0 minutes, 0.3400933200662786 seconds
2025-03-06 00:02:02,089 | INFO : Avg val. time: 0.0 hours, 0.0 minutes, 0.3400933200662786 seconds
2025-03-06 00:02:02,089 | INFO : Avg val. time: 0.0 hours, 0.0 minutes, 0.3400933200662786 seconds
2025-03-06 00:02:02,089 | INFO : Avg val. time: 0.0 hours, 0.0 minutes, 0.3400933200662786 seconds
2025-03-06 00:02:02,091 | INFO : Avg batch val. time: 0.008502333001656965 seconds
2025-03-06 00:02:02,091 | INFO : Avg batch val. time: 0.008502333001656965 seconds
2025-03-06 00:02:02,091 | INFO : Avg batch val. time: 0.008502333001656965 seconds
2025-03-06 00:02:02,091 | INFO : Avg batch val. time: 0.008502333001656965 seconds
2025-03-06 00:02:02,091 | INFO : Avg batch val. time: 0.008502333001656965 seconds
2025-03-06 00:02:02,091 | INFO : Avg batch val. time: 0.008502333001656965 seconds
2025-03-06 00:02:02,091 | INFO : Avg batch val. time: 0.008502333001656965 seconds
2025-03-06 00:02:02,091 | INFO : Avg batch val. time: 0.008502333001656965 seconds
2025-03-06 00:02:02,092 | INFO : Avg sample val. time: 0.008502333001656965 seconds
2025-03-06 00:02:02,092 | INFO : Avg sample val. time: 0.008502333001656965 seconds
2025-03-06 00:02:02,092 | INFO : Avg sample val. time: 0.008502333001656965 seconds
2025-03-06 00:02:02,092 | INFO : Avg sample val. time: 0.008502333001656965 seconds
2025-03-06 00:02:02,092 | INFO : Avg sample val. time: 0.008502333001656965 seconds
2025-03-06 00:02:02,092 | INFO : Avg sample val. time: 0.008502333001656965 seconds
2025-03-06 00:02:02,092 | INFO : Avg sample val. time: 0.008502333001656965 seconds
2025-03-06 00:02:02,092 | INFO : Avg sample val. time: 0.008502333001656965 seconds
2025-03-06 00:02:02,094 | INFO : Epoch 21 Validation Summary: epoch: 21.000000 | loss: 0.159521 | 
2025-03-06 00:02:02,094 | INFO : Epoch 21 Validation Summary: epoch: 21.000000 | loss: 0.159521 | 
2025-03-06 00:02:02,094 | INFO : Epoch 21 Validation Summary: epoch: 21.000000 | loss: 0.159521 | 
2025-03-06 00:02:02,094 | INFO : Epoch 21 Validation Summary: epoch: 21.000000 | loss: 0.159521 | 
2025-03-06 00:02:02,094 | INFO : Epoch 21 Validation Summary: epoch: 21.000000 | loss: 0.159521 | 
2025-03-06 00:02:02,094 | INFO : Epoch 21 Validation Summary: epoch: 21.000000 | loss: 0.159521 | 
2025-03-06 00:02:02,094 | INFO : Epoch 21 Validation Summary: epoch: 21.000000 | loss: 0.159521 | 
2025-03-06 00:02:02,094 | INFO : Epoch 21 Validation Summary: epoch: 21.000000 | loss: 0.159521 | 
2025-03-06 00:02:02,142 | INFO : Evaluating on validation set ...
2025-03-06 00:02:02,142 | INFO : Evaluating on validation set ...
2025-03-06 00:02:02,142 | INFO : Evaluating on validation set ...
2025-03-06 00:02:02,142 | INFO : Evaluating on validation set ...
2025-03-06 00:02:02,142 | INFO : Evaluating on validation set ...
2025-03-06 00:02:02,142 | INFO : Evaluating on validation set ...
2025-03-06 00:02:02,142 | INFO : Evaluating on validation set ...
2025-03-06 00:02:02,142 | INFO : Evaluating on validation set ...
2025-03-06 00:02:02,481 | INFO : Validation runtime: 0.0 hours, 0.0 minutes, 0.337796688079834 seconds

2025-03-06 00:02:02,481 | INFO : Validation runtime: 0.0 hours, 0.0 minutes, 0.337796688079834 seconds

2025-03-06 00:02:02,481 | INFO : Validation runtime: 0.0 hours, 0.0 minutes, 0.337796688079834 seconds

2025-03-06 00:02:02,481 | INFO : Validation runtime: 0.0 hours, 0.0 minutes, 0.337796688079834 seconds

2025-03-06 00:02:02,481 | INFO : Validation runtime: 0.0 hours, 0.0 minutes, 0.337796688079834 seconds

2025-03-06 00:02:02,481 | INFO : Validation runtime: 0.0 hours, 0.0 minutes, 0.337796688079834 seconds

2025-03-06 00:02:02,481 | INFO : Validation runtime: 0.0 hours, 0.0 minutes, 0.337796688079834 seconds

2025-03-06 00:02:02,481 | INFO : Validation runtime: 0.0 hours, 0.0 minutes, 0.337796688079834 seconds

2025-03-06 00:02:02,483 | INFO : Avg val. time: 0.0 hours, 0.0 minutes, 0.3399934665016506 seconds
2025-03-06 00:02:02,483 | INFO : Avg val. time: 0.0 hours, 0.0 minutes, 0.3399934665016506 seconds
2025-03-06 00:02:02,483 | INFO : Avg val. time: 0.0 hours, 0.0 minutes, 0.3399934665016506 seconds
2025-03-06 00:02:02,483 | INFO : Avg val. time: 0.0 hours, 0.0 minutes, 0.3399934665016506 seconds
2025-03-06 00:02:02,483 | INFO : Avg val. time: 0.0 hours, 0.0 minutes, 0.3399934665016506 seconds
2025-03-06 00:02:02,483 | INFO : Avg val. time: 0.0 hours, 0.0 minutes, 0.3399934665016506 seconds
2025-03-06 00:02:02,483 | INFO : Avg val. time: 0.0 hours, 0.0 minutes, 0.3399934665016506 seconds
2025-03-06 00:02:02,483 | INFO : Avg val. time: 0.0 hours, 0.0 minutes, 0.3399934665016506 seconds
2025-03-06 00:02:02,485 | INFO : Avg batch val. time: 0.008499836662541265 seconds
2025-03-06 00:02:02,485 | INFO : Avg batch val. time: 0.008499836662541265 seconds
2025-03-06 00:02:02,485 | INFO : Avg batch val. time: 0.008499836662541265 seconds
2025-03-06 00:02:02,485 | INFO : Avg batch val. time: 0.008499836662541265 seconds
2025-03-06 00:02:02,485 | INFO : Avg batch val. time: 0.008499836662541265 seconds
2025-03-06 00:02:02,485 | INFO : Avg batch val. time: 0.008499836662541265 seconds
2025-03-06 00:02:02,485 | INFO : Avg batch val. time: 0.008499836662541265 seconds
2025-03-06 00:02:02,485 | INFO : Avg batch val. time: 0.008499836662541265 seconds
2025-03-06 00:02:02,486 | INFO : Avg sample val. time: 0.008499836662541265 seconds
2025-03-06 00:02:02,486 | INFO : Avg sample val. time: 0.008499836662541265 seconds
2025-03-06 00:02:02,486 | INFO : Avg sample val. time: 0.008499836662541265 seconds
2025-03-06 00:02:02,486 | INFO : Avg sample val. time: 0.008499836662541265 seconds
2025-03-06 00:02:02,486 | INFO : Avg sample val. time: 0.008499836662541265 seconds
2025-03-06 00:02:02,486 | INFO : Avg sample val. time: 0.008499836662541265 seconds
2025-03-06 00:02:02,486 | INFO : Avg sample val. time: 0.008499836662541265 seconds
2025-03-06 00:02:02,486 | INFO : Avg sample val. time: 0.008499836662541265 seconds
2025-03-06 00:02:02,487 | INFO : Epoch 22 Validation Summary: epoch: 22.000000 | loss: 0.152298 | 
2025-03-06 00:02:02,487 | INFO : Epoch 22 Validation Summary: epoch: 22.000000 | loss: 0.152298 | 
2025-03-06 00:02:02,487 | INFO : Epoch 22 Validation Summary: epoch: 22.000000 | loss: 0.152298 | 
2025-03-06 00:02:02,487 | INFO : Epoch 22 Validation Summary: epoch: 22.000000 | loss: 0.152298 | 
2025-03-06 00:02:02,487 | INFO : Epoch 22 Validation Summary: epoch: 22.000000 | loss: 0.152298 | 
2025-03-06 00:02:02,487 | INFO : Epoch 22 Validation Summary: epoch: 22.000000 | loss: 0.152298 | 
2025-03-06 00:02:02,487 | INFO : Epoch 22 Validation Summary: epoch: 22.000000 | loss: 0.152298 | 
2025-03-06 00:02:02,487 | INFO : Epoch 22 Validation Summary: epoch: 22.000000 | loss: 0.152298 | 
2025-03-06 00:02:02,533 | INFO : Evaluating on validation set ...
2025-03-06 00:02:02,533 | INFO : Evaluating on validation set ...
2025-03-06 00:02:02,533 | INFO : Evaluating on validation set ...
2025-03-06 00:02:02,533 | INFO : Evaluating on validation set ...
2025-03-06 00:02:02,533 | INFO : Evaluating on validation set ...
2025-03-06 00:02:02,533 | INFO : Evaluating on validation set ...
2025-03-06 00:02:02,533 | INFO : Evaluating on validation set ...
2025-03-06 00:02:02,533 | INFO : Evaluating on validation set ...
2025-03-06 00:02:02,870 | INFO : Validation runtime: 0.0 hours, 0.0 minutes, 0.3360602855682373 seconds

2025-03-06 00:02:02,870 | INFO : Validation runtime: 0.0 hours, 0.0 minutes, 0.3360602855682373 seconds

2025-03-06 00:02:02,870 | INFO : Validation runtime: 0.0 hours, 0.0 minutes, 0.3360602855682373 seconds

2025-03-06 00:02:02,870 | INFO : Validation runtime: 0.0 hours, 0.0 minutes, 0.3360602855682373 seconds

2025-03-06 00:02:02,870 | INFO : Validation runtime: 0.0 hours, 0.0 minutes, 0.3360602855682373 seconds

2025-03-06 00:02:02,870 | INFO : Validation runtime: 0.0 hours, 0.0 minutes, 0.3360602855682373 seconds

2025-03-06 00:02:02,870 | INFO : Validation runtime: 0.0 hours, 0.0 minutes, 0.3360602855682373 seconds

2025-03-06 00:02:02,870 | INFO : Validation runtime: 0.0 hours, 0.0 minutes, 0.3360602855682373 seconds

2025-03-06 00:02:02,872 | INFO : Avg val. time: 0.0 hours, 0.0 minutes, 0.33982958396275836 seconds
2025-03-06 00:02:02,872 | INFO : Avg val. time: 0.0 hours, 0.0 minutes, 0.33982958396275836 seconds
2025-03-06 00:02:02,872 | INFO : Avg val. time: 0.0 hours, 0.0 minutes, 0.33982958396275836 seconds
2025-03-06 00:02:02,872 | INFO : Avg val. time: 0.0 hours, 0.0 minutes, 0.33982958396275836 seconds
2025-03-06 00:02:02,872 | INFO : Avg val. time: 0.0 hours, 0.0 minutes, 0.33982958396275836 seconds
2025-03-06 00:02:02,872 | INFO : Avg val. time: 0.0 hours, 0.0 minutes, 0.33982958396275836 seconds
2025-03-06 00:02:02,872 | INFO : Avg val. time: 0.0 hours, 0.0 minutes, 0.33982958396275836 seconds
2025-03-06 00:02:02,872 | INFO : Avg val. time: 0.0 hours, 0.0 minutes, 0.33982958396275836 seconds
2025-03-06 00:02:02,873 | INFO : Avg batch val. time: 0.00849573959906896 seconds
2025-03-06 00:02:02,873 | INFO : Avg batch val. time: 0.00849573959906896 seconds
2025-03-06 00:02:02,873 | INFO : Avg batch val. time: 0.00849573959906896 seconds
2025-03-06 00:02:02,873 | INFO : Avg batch val. time: 0.00849573959906896 seconds
2025-03-06 00:02:02,873 | INFO : Avg batch val. time: 0.00849573959906896 seconds
2025-03-06 00:02:02,873 | INFO : Avg batch val. time: 0.00849573959906896 seconds
2025-03-06 00:02:02,873 | INFO : Avg batch val. time: 0.00849573959906896 seconds
2025-03-06 00:02:02,873 | INFO : Avg batch val. time: 0.00849573959906896 seconds
2025-03-06 00:02:02,875 | INFO : Avg sample val. time: 0.00849573959906896 seconds
2025-03-06 00:02:02,875 | INFO : Avg sample val. time: 0.00849573959906896 seconds
2025-03-06 00:02:02,875 | INFO : Avg sample val. time: 0.00849573959906896 seconds
2025-03-06 00:02:02,875 | INFO : Avg sample val. time: 0.00849573959906896 seconds
2025-03-06 00:02:02,875 | INFO : Avg sample val. time: 0.00849573959906896 seconds
2025-03-06 00:02:02,875 | INFO : Avg sample val. time: 0.00849573959906896 seconds
2025-03-06 00:02:02,875 | INFO : Avg sample val. time: 0.00849573959906896 seconds
2025-03-06 00:02:02,875 | INFO : Avg sample val. time: 0.00849573959906896 seconds
2025-03-06 00:02:02,876 | INFO : Epoch 23 Validation Summary: epoch: 23.000000 | loss: 0.146099 | 
2025-03-06 00:02:02,876 | INFO : Epoch 23 Validation Summary: epoch: 23.000000 | loss: 0.146099 | 
2025-03-06 00:02:02,876 | INFO : Epoch 23 Validation Summary: epoch: 23.000000 | loss: 0.146099 | 
2025-03-06 00:02:02,876 | INFO : Epoch 23 Validation Summary: epoch: 23.000000 | loss: 0.146099 | 
2025-03-06 00:02:02,876 | INFO : Epoch 23 Validation Summary: epoch: 23.000000 | loss: 0.146099 | 
2025-03-06 00:02:02,876 | INFO : Epoch 23 Validation Summary: epoch: 23.000000 | loss: 0.146099 | 
2025-03-06 00:02:02,876 | INFO : Epoch 23 Validation Summary: epoch: 23.000000 | loss: 0.146099 | 
2025-03-06 00:02:02,876 | INFO : Epoch 23 Validation Summary: epoch: 23.000000 | loss: 0.146099 | 
2025-03-06 00:02:02,922 | INFO : Evaluating on validation set ...
2025-03-06 00:02:02,922 | INFO : Evaluating on validation set ...
2025-03-06 00:02:02,922 | INFO : Evaluating on validation set ...
2025-03-06 00:02:02,922 | INFO : Evaluating on validation set ...
2025-03-06 00:02:02,922 | INFO : Evaluating on validation set ...
2025-03-06 00:02:02,922 | INFO : Evaluating on validation set ...
2025-03-06 00:02:02,922 | INFO : Evaluating on validation set ...
2025-03-06 00:02:02,922 | INFO : Evaluating on validation set ...
2025-03-06 00:02:03,257 | INFO : Validation runtime: 0.0 hours, 0.0 minutes, 0.3336644172668457 seconds

2025-03-06 00:02:03,257 | INFO : Validation runtime: 0.0 hours, 0.0 minutes, 0.3336644172668457 seconds

2025-03-06 00:02:03,257 | INFO : Validation runtime: 0.0 hours, 0.0 minutes, 0.3336644172668457 seconds

2025-03-06 00:02:03,257 | INFO : Validation runtime: 0.0 hours, 0.0 minutes, 0.3336644172668457 seconds

2025-03-06 00:02:03,257 | INFO : Validation runtime: 0.0 hours, 0.0 minutes, 0.3336644172668457 seconds

2025-03-06 00:02:03,257 | INFO : Validation runtime: 0.0 hours, 0.0 minutes, 0.3336644172668457 seconds

2025-03-06 00:02:03,257 | INFO : Validation runtime: 0.0 hours, 0.0 minutes, 0.3336644172668457 seconds

2025-03-06 00:02:03,257 | INFO : Validation runtime: 0.0 hours, 0.0 minutes, 0.3336644172668457 seconds

2025-03-06 00:02:03,259 | INFO : Avg val. time: 0.0 hours, 0.0 minutes, 0.3395829772949219 seconds
2025-03-06 00:02:03,259 | INFO : Avg val. time: 0.0 hours, 0.0 minutes, 0.3395829772949219 seconds
2025-03-06 00:02:03,259 | INFO : Avg val. time: 0.0 hours, 0.0 minutes, 0.3395829772949219 seconds
2025-03-06 00:02:03,259 | INFO : Avg val. time: 0.0 hours, 0.0 minutes, 0.3395829772949219 seconds
2025-03-06 00:02:03,259 | INFO : Avg val. time: 0.0 hours, 0.0 minutes, 0.3395829772949219 seconds
2025-03-06 00:02:03,259 | INFO : Avg val. time: 0.0 hours, 0.0 minutes, 0.3395829772949219 seconds
2025-03-06 00:02:03,259 | INFO : Avg val. time: 0.0 hours, 0.0 minutes, 0.3395829772949219 seconds
2025-03-06 00:02:03,259 | INFO : Avg val. time: 0.0 hours, 0.0 minutes, 0.3395829772949219 seconds
2025-03-06 00:02:03,261 | INFO : Avg batch val. time: 0.008489574432373047 seconds
2025-03-06 00:02:03,261 | INFO : Avg batch val. time: 0.008489574432373047 seconds
2025-03-06 00:02:03,261 | INFO : Avg batch val. time: 0.008489574432373047 seconds
2025-03-06 00:02:03,261 | INFO : Avg batch val. time: 0.008489574432373047 seconds
2025-03-06 00:02:03,261 | INFO : Avg batch val. time: 0.008489574432373047 seconds
2025-03-06 00:02:03,261 | INFO : Avg batch val. time: 0.008489574432373047 seconds
2025-03-06 00:02:03,261 | INFO : Avg batch val. time: 0.008489574432373047 seconds
2025-03-06 00:02:03,261 | INFO : Avg batch val. time: 0.008489574432373047 seconds
2025-03-06 00:02:03,262 | INFO : Avg sample val. time: 0.008489574432373047 seconds
2025-03-06 00:02:03,262 | INFO : Avg sample val. time: 0.008489574432373047 seconds
2025-03-06 00:02:03,262 | INFO : Avg sample val. time: 0.008489574432373047 seconds
2025-03-06 00:02:03,262 | INFO : Avg sample val. time: 0.008489574432373047 seconds
2025-03-06 00:02:03,262 | INFO : Avg sample val. time: 0.008489574432373047 seconds
2025-03-06 00:02:03,262 | INFO : Avg sample val. time: 0.008489574432373047 seconds
2025-03-06 00:02:03,262 | INFO : Avg sample val. time: 0.008489574432373047 seconds
2025-03-06 00:02:03,262 | INFO : Avg sample val. time: 0.008489574432373047 seconds
2025-03-06 00:02:03,263 | INFO : Epoch 24 Validation Summary: epoch: 24.000000 | loss: 0.140726 | 
2025-03-06 00:02:03,263 | INFO : Epoch 24 Validation Summary: epoch: 24.000000 | loss: 0.140726 | 
2025-03-06 00:02:03,263 | INFO : Epoch 24 Validation Summary: epoch: 24.000000 | loss: 0.140726 | 
2025-03-06 00:02:03,263 | INFO : Epoch 24 Validation Summary: epoch: 24.000000 | loss: 0.140726 | 
2025-03-06 00:02:03,263 | INFO : Epoch 24 Validation Summary: epoch: 24.000000 | loss: 0.140726 | 
2025-03-06 00:02:03,263 | INFO : Epoch 24 Validation Summary: epoch: 24.000000 | loss: 0.140726 | 
2025-03-06 00:02:03,263 | INFO : Epoch 24 Validation Summary: epoch: 24.000000 | loss: 0.140726 | 
2025-03-06 00:02:03,263 | INFO : Epoch 24 Validation Summary: epoch: 24.000000 | loss: 0.140726 | 
2025-03-06 00:02:03,310 | INFO : Evaluating on validation set ...
2025-03-06 00:02:03,310 | INFO : Evaluating on validation set ...
2025-03-06 00:02:03,310 | INFO : Evaluating on validation set ...
2025-03-06 00:02:03,310 | INFO : Evaluating on validation set ...
2025-03-06 00:02:03,310 | INFO : Evaluating on validation set ...
2025-03-06 00:02:03,310 | INFO : Evaluating on validation set ...
2025-03-06 00:02:03,310 | INFO : Evaluating on validation set ...
2025-03-06 00:02:03,310 | INFO : Evaluating on validation set ...
2025-03-06 00:02:03,656 | INFO : Validation runtime: 0.0 hours, 0.0 minutes, 0.3448770046234131 seconds

2025-03-06 00:02:03,656 | INFO : Validation runtime: 0.0 hours, 0.0 minutes, 0.3448770046234131 seconds

2025-03-06 00:02:03,656 | INFO : Validation runtime: 0.0 hours, 0.0 minutes, 0.3448770046234131 seconds

2025-03-06 00:02:03,656 | INFO : Validation runtime: 0.0 hours, 0.0 minutes, 0.3448770046234131 seconds

2025-03-06 00:02:03,656 | INFO : Validation runtime: 0.0 hours, 0.0 minutes, 0.3448770046234131 seconds

2025-03-06 00:02:03,656 | INFO : Validation runtime: 0.0 hours, 0.0 minutes, 0.3448770046234131 seconds

2025-03-06 00:02:03,656 | INFO : Validation runtime: 0.0 hours, 0.0 minutes, 0.3448770046234131 seconds

2025-03-06 00:02:03,656 | INFO : Validation runtime: 0.0 hours, 0.0 minutes, 0.3448770046234131 seconds

2025-03-06 00:02:03,658 | INFO : Avg val. time: 0.0 hours, 0.0 minutes, 0.3397865937306331 seconds
2025-03-06 00:02:03,658 | INFO : Avg val. time: 0.0 hours, 0.0 minutes, 0.3397865937306331 seconds
2025-03-06 00:02:03,658 | INFO : Avg val. time: 0.0 hours, 0.0 minutes, 0.3397865937306331 seconds
2025-03-06 00:02:03,658 | INFO : Avg val. time: 0.0 hours, 0.0 minutes, 0.3397865937306331 seconds
2025-03-06 00:02:03,658 | INFO : Avg val. time: 0.0 hours, 0.0 minutes, 0.3397865937306331 seconds
2025-03-06 00:02:03,658 | INFO : Avg val. time: 0.0 hours, 0.0 minutes, 0.3397865937306331 seconds
2025-03-06 00:02:03,658 | INFO : Avg val. time: 0.0 hours, 0.0 minutes, 0.3397865937306331 seconds
2025-03-06 00:02:03,658 | INFO : Avg val. time: 0.0 hours, 0.0 minutes, 0.3397865937306331 seconds
2025-03-06 00:02:03,660 | INFO : Avg batch val. time: 0.008494664843265828 seconds
2025-03-06 00:02:03,660 | INFO : Avg batch val. time: 0.008494664843265828 seconds
2025-03-06 00:02:03,660 | INFO : Avg batch val. time: 0.008494664843265828 seconds
2025-03-06 00:02:03,660 | INFO : Avg batch val. time: 0.008494664843265828 seconds
2025-03-06 00:02:03,660 | INFO : Avg batch val. time: 0.008494664843265828 seconds
2025-03-06 00:02:03,660 | INFO : Avg batch val. time: 0.008494664843265828 seconds
2025-03-06 00:02:03,660 | INFO : Avg batch val. time: 0.008494664843265828 seconds
2025-03-06 00:02:03,660 | INFO : Avg batch val. time: 0.008494664843265828 seconds
2025-03-06 00:02:03,661 | INFO : Avg sample val. time: 0.008494664843265828 seconds
2025-03-06 00:02:03,661 | INFO : Avg sample val. time: 0.008494664843265828 seconds
2025-03-06 00:02:03,661 | INFO : Avg sample val. time: 0.008494664843265828 seconds
2025-03-06 00:02:03,661 | INFO : Avg sample val. time: 0.008494664843265828 seconds
2025-03-06 00:02:03,661 | INFO : Avg sample val. time: 0.008494664843265828 seconds
2025-03-06 00:02:03,661 | INFO : Avg sample val. time: 0.008494664843265828 seconds
2025-03-06 00:02:03,661 | INFO : Avg sample val. time: 0.008494664843265828 seconds
2025-03-06 00:02:03,661 | INFO : Avg sample val. time: 0.008494664843265828 seconds
2025-03-06 00:02:03,663 | INFO : Epoch 25 Validation Summary: epoch: 25.000000 | loss: 0.136042 | 
2025-03-06 00:02:03,663 | INFO : Epoch 25 Validation Summary: epoch: 25.000000 | loss: 0.136042 | 
2025-03-06 00:02:03,663 | INFO : Epoch 25 Validation Summary: epoch: 25.000000 | loss: 0.136042 | 
2025-03-06 00:02:03,663 | INFO : Epoch 25 Validation Summary: epoch: 25.000000 | loss: 0.136042 | 
2025-03-06 00:02:03,663 | INFO : Epoch 25 Validation Summary: epoch: 25.000000 | loss: 0.136042 | 
2025-03-06 00:02:03,663 | INFO : Epoch 25 Validation Summary: epoch: 25.000000 | loss: 0.136042 | 
2025-03-06 00:02:03,663 | INFO : Epoch 25 Validation Summary: epoch: 25.000000 | loss: 0.136042 | 
2025-03-06 00:02:03,663 | INFO : Epoch 25 Validation Summary: epoch: 25.000000 | loss: 0.136042 | 
2025-03-06 00:02:03,710 | INFO : Evaluating on validation set ...
2025-03-06 00:02:03,710 | INFO : Evaluating on validation set ...
2025-03-06 00:02:03,710 | INFO : Evaluating on validation set ...
2025-03-06 00:02:03,710 | INFO : Evaluating on validation set ...
2025-03-06 00:02:03,710 | INFO : Evaluating on validation set ...
2025-03-06 00:02:03,710 | INFO : Evaluating on validation set ...
2025-03-06 00:02:03,710 | INFO : Evaluating on validation set ...
2025-03-06 00:02:03,710 | INFO : Evaluating on validation set ...
2025-03-06 00:02:04,044 | INFO : Validation runtime: 0.0 hours, 0.0 minutes, 0.33306217193603516 seconds

2025-03-06 00:02:04,044 | INFO : Validation runtime: 0.0 hours, 0.0 minutes, 0.33306217193603516 seconds

2025-03-06 00:02:04,044 | INFO : Validation runtime: 0.0 hours, 0.0 minutes, 0.33306217193603516 seconds

2025-03-06 00:02:04,044 | INFO : Validation runtime: 0.0 hours, 0.0 minutes, 0.33306217193603516 seconds

2025-03-06 00:02:04,044 | INFO : Validation runtime: 0.0 hours, 0.0 minutes, 0.33306217193603516 seconds

2025-03-06 00:02:04,044 | INFO : Validation runtime: 0.0 hours, 0.0 minutes, 0.33306217193603516 seconds

2025-03-06 00:02:04,044 | INFO : Validation runtime: 0.0 hours, 0.0 minutes, 0.33306217193603516 seconds

2025-03-06 00:02:04,044 | INFO : Validation runtime: 0.0 hours, 0.0 minutes, 0.33306217193603516 seconds

2025-03-06 00:02:04,046 | INFO : Avg val. time: 0.0 hours, 0.0 minutes, 0.3395375410715739 seconds
2025-03-06 00:02:04,046 | INFO : Avg val. time: 0.0 hours, 0.0 minutes, 0.3395375410715739 seconds
2025-03-06 00:02:04,046 | INFO : Avg val. time: 0.0 hours, 0.0 minutes, 0.3395375410715739 seconds
2025-03-06 00:02:04,046 | INFO : Avg val. time: 0.0 hours, 0.0 minutes, 0.3395375410715739 seconds
2025-03-06 00:02:04,046 | INFO : Avg val. time: 0.0 hours, 0.0 minutes, 0.3395375410715739 seconds
2025-03-06 00:02:04,046 | INFO : Avg val. time: 0.0 hours, 0.0 minutes, 0.3395375410715739 seconds
2025-03-06 00:02:04,046 | INFO : Avg val. time: 0.0 hours, 0.0 minutes, 0.3395375410715739 seconds
2025-03-06 00:02:04,046 | INFO : Avg val. time: 0.0 hours, 0.0 minutes, 0.3395375410715739 seconds
2025-03-06 00:02:04,048 | INFO : Avg batch val. time: 0.008488438526789347 seconds
2025-03-06 00:02:04,048 | INFO : Avg batch val. time: 0.008488438526789347 seconds
2025-03-06 00:02:04,048 | INFO : Avg batch val. time: 0.008488438526789347 seconds
2025-03-06 00:02:04,048 | INFO : Avg batch val. time: 0.008488438526789347 seconds
2025-03-06 00:02:04,048 | INFO : Avg batch val. time: 0.008488438526789347 seconds
2025-03-06 00:02:04,048 | INFO : Avg batch val. time: 0.008488438526789347 seconds
2025-03-06 00:02:04,048 | INFO : Avg batch val. time: 0.008488438526789347 seconds
2025-03-06 00:02:04,048 | INFO : Avg batch val. time: 0.008488438526789347 seconds
2025-03-06 00:02:04,049 | INFO : Avg sample val. time: 0.008488438526789347 seconds
2025-03-06 00:02:04,049 | INFO : Avg sample val. time: 0.008488438526789347 seconds
2025-03-06 00:02:04,049 | INFO : Avg sample val. time: 0.008488438526789347 seconds
2025-03-06 00:02:04,049 | INFO : Avg sample val. time: 0.008488438526789347 seconds
2025-03-06 00:02:04,049 | INFO : Avg sample val. time: 0.008488438526789347 seconds
2025-03-06 00:02:04,049 | INFO : Avg sample val. time: 0.008488438526789347 seconds
2025-03-06 00:02:04,049 | INFO : Avg sample val. time: 0.008488438526789347 seconds
2025-03-06 00:02:04,049 | INFO : Avg sample val. time: 0.008488438526789347 seconds
2025-03-06 00:02:04,051 | INFO : Epoch 26 Validation Summary: epoch: 26.000000 | loss: 0.131945 | 
2025-03-06 00:02:04,051 | INFO : Epoch 26 Validation Summary: epoch: 26.000000 | loss: 0.131945 | 
2025-03-06 00:02:04,051 | INFO : Epoch 26 Validation Summary: epoch: 26.000000 | loss: 0.131945 | 
2025-03-06 00:02:04,051 | INFO : Epoch 26 Validation Summary: epoch: 26.000000 | loss: 0.131945 | 
2025-03-06 00:02:04,051 | INFO : Epoch 26 Validation Summary: epoch: 26.000000 | loss: 0.131945 | 
2025-03-06 00:02:04,051 | INFO : Epoch 26 Validation Summary: epoch: 26.000000 | loss: 0.131945 | 
2025-03-06 00:02:04,051 | INFO : Epoch 26 Validation Summary: epoch: 26.000000 | loss: 0.131945 | 
2025-03-06 00:02:04,051 | INFO : Epoch 26 Validation Summary: epoch: 26.000000 | loss: 0.131945 | 
2025-03-06 00:02:04,096 | INFO : Evaluating on validation set ...
2025-03-06 00:02:04,096 | INFO : Evaluating on validation set ...
2025-03-06 00:02:04,096 | INFO : Evaluating on validation set ...
2025-03-06 00:02:04,096 | INFO : Evaluating on validation set ...
2025-03-06 00:02:04,096 | INFO : Evaluating on validation set ...
2025-03-06 00:02:04,096 | INFO : Evaluating on validation set ...
2025-03-06 00:02:04,096 | INFO : Evaluating on validation set ...
2025-03-06 00:02:04,096 | INFO : Evaluating on validation set ...
2025-03-06 00:02:04,430 | INFO : Validation runtime: 0.0 hours, 0.0 minutes, 0.33252787590026855 seconds

2025-03-06 00:02:04,430 | INFO : Validation runtime: 0.0 hours, 0.0 minutes, 0.33252787590026855 seconds

2025-03-06 00:02:04,430 | INFO : Validation runtime: 0.0 hours, 0.0 minutes, 0.33252787590026855 seconds

2025-03-06 00:02:04,430 | INFO : Validation runtime: 0.0 hours, 0.0 minutes, 0.33252787590026855 seconds

2025-03-06 00:02:04,430 | INFO : Validation runtime: 0.0 hours, 0.0 minutes, 0.33252787590026855 seconds

2025-03-06 00:02:04,430 | INFO : Validation runtime: 0.0 hours, 0.0 minutes, 0.33252787590026855 seconds

2025-03-06 00:02:04,430 | INFO : Validation runtime: 0.0 hours, 0.0 minutes, 0.33252787590026855 seconds

2025-03-06 00:02:04,430 | INFO : Validation runtime: 0.0 hours, 0.0 minutes, 0.33252787590026855 seconds

2025-03-06 00:02:04,432 | INFO : Avg val. time: 0.0 hours, 0.0 minutes, 0.33928719588688444 seconds
2025-03-06 00:02:04,432 | INFO : Avg val. time: 0.0 hours, 0.0 minutes, 0.33928719588688444 seconds
2025-03-06 00:02:04,432 | INFO : Avg val. time: 0.0 hours, 0.0 minutes, 0.33928719588688444 seconds
2025-03-06 00:02:04,432 | INFO : Avg val. time: 0.0 hours, 0.0 minutes, 0.33928719588688444 seconds
2025-03-06 00:02:04,432 | INFO : Avg val. time: 0.0 hours, 0.0 minutes, 0.33928719588688444 seconds
2025-03-06 00:02:04,432 | INFO : Avg val. time: 0.0 hours, 0.0 minutes, 0.33928719588688444 seconds
2025-03-06 00:02:04,432 | INFO : Avg val. time: 0.0 hours, 0.0 minutes, 0.33928719588688444 seconds
2025-03-06 00:02:04,432 | INFO : Avg val. time: 0.0 hours, 0.0 minutes, 0.33928719588688444 seconds
2025-03-06 00:02:04,434 | INFO : Avg batch val. time: 0.00848217989717211 seconds
2025-03-06 00:02:04,434 | INFO : Avg batch val. time: 0.00848217989717211 seconds
2025-03-06 00:02:04,434 | INFO : Avg batch val. time: 0.00848217989717211 seconds
2025-03-06 00:02:04,434 | INFO : Avg batch val. time: 0.00848217989717211 seconds
2025-03-06 00:02:04,434 | INFO : Avg batch val. time: 0.00848217989717211 seconds
2025-03-06 00:02:04,434 | INFO : Avg batch val. time: 0.00848217989717211 seconds
2025-03-06 00:02:04,434 | INFO : Avg batch val. time: 0.00848217989717211 seconds
2025-03-06 00:02:04,434 | INFO : Avg batch val. time: 0.00848217989717211 seconds
2025-03-06 00:02:04,435 | INFO : Avg sample val. time: 0.00848217989717211 seconds
2025-03-06 00:02:04,435 | INFO : Avg sample val. time: 0.00848217989717211 seconds
2025-03-06 00:02:04,435 | INFO : Avg sample val. time: 0.00848217989717211 seconds
2025-03-06 00:02:04,435 | INFO : Avg sample val. time: 0.00848217989717211 seconds
2025-03-06 00:02:04,435 | INFO : Avg sample val. time: 0.00848217989717211 seconds
2025-03-06 00:02:04,435 | INFO : Avg sample val. time: 0.00848217989717211 seconds
2025-03-06 00:02:04,435 | INFO : Avg sample val. time: 0.00848217989717211 seconds
2025-03-06 00:02:04,435 | INFO : Avg sample val. time: 0.00848217989717211 seconds
2025-03-06 00:02:04,437 | INFO : Epoch 27 Validation Summary: epoch: 27.000000 | loss: 0.128322 | 
2025-03-06 00:02:04,437 | INFO : Epoch 27 Validation Summary: epoch: 27.000000 | loss: 0.128322 | 
2025-03-06 00:02:04,437 | INFO : Epoch 27 Validation Summary: epoch: 27.000000 | loss: 0.128322 | 
2025-03-06 00:02:04,437 | INFO : Epoch 27 Validation Summary: epoch: 27.000000 | loss: 0.128322 | 
2025-03-06 00:02:04,437 | INFO : Epoch 27 Validation Summary: epoch: 27.000000 | loss: 0.128322 | 
2025-03-06 00:02:04,437 | INFO : Epoch 27 Validation Summary: epoch: 27.000000 | loss: 0.128322 | 
2025-03-06 00:02:04,437 | INFO : Epoch 27 Validation Summary: epoch: 27.000000 | loss: 0.128322 | 
2025-03-06 00:02:04,437 | INFO : Epoch 27 Validation Summary: epoch: 27.000000 | loss: 0.128322 | 
2025-03-06 00:02:04,483 | INFO : Evaluating on validation set ...
2025-03-06 00:02:04,483 | INFO : Evaluating on validation set ...
2025-03-06 00:02:04,483 | INFO : Evaluating on validation set ...
2025-03-06 00:02:04,483 | INFO : Evaluating on validation set ...
2025-03-06 00:02:04,483 | INFO : Evaluating on validation set ...
2025-03-06 00:02:04,483 | INFO : Evaluating on validation set ...
2025-03-06 00:02:04,483 | INFO : Evaluating on validation set ...
2025-03-06 00:02:04,483 | INFO : Evaluating on validation set ...
2025-03-06 00:02:04,820 | INFO : Validation runtime: 0.0 hours, 0.0 minutes, 0.33573079109191895 seconds

2025-03-06 00:02:04,820 | INFO : Validation runtime: 0.0 hours, 0.0 minutes, 0.33573079109191895 seconds

2025-03-06 00:02:04,820 | INFO : Validation runtime: 0.0 hours, 0.0 minutes, 0.33573079109191895 seconds

2025-03-06 00:02:04,820 | INFO : Validation runtime: 0.0 hours, 0.0 minutes, 0.33573079109191895 seconds

2025-03-06 00:02:04,820 | INFO : Validation runtime: 0.0 hours, 0.0 minutes, 0.33573079109191895 seconds

2025-03-06 00:02:04,820 | INFO : Validation runtime: 0.0 hours, 0.0 minutes, 0.33573079109191895 seconds

2025-03-06 00:02:04,820 | INFO : Validation runtime: 0.0 hours, 0.0 minutes, 0.33573079109191895 seconds

2025-03-06 00:02:04,820 | INFO : Validation runtime: 0.0 hours, 0.0 minutes, 0.33573079109191895 seconds

2025-03-06 00:02:04,822 | INFO : Avg val. time: 0.0 hours, 0.0 minutes, 0.33916456123878214 seconds
2025-03-06 00:02:04,822 | INFO : Avg val. time: 0.0 hours, 0.0 minutes, 0.33916456123878214 seconds
2025-03-06 00:02:04,822 | INFO : Avg val. time: 0.0 hours, 0.0 minutes, 0.33916456123878214 seconds
2025-03-06 00:02:04,822 | INFO : Avg val. time: 0.0 hours, 0.0 minutes, 0.33916456123878214 seconds
2025-03-06 00:02:04,822 | INFO : Avg val. time: 0.0 hours, 0.0 minutes, 0.33916456123878214 seconds
2025-03-06 00:02:04,822 | INFO : Avg val. time: 0.0 hours, 0.0 minutes, 0.33916456123878214 seconds
2025-03-06 00:02:04,822 | INFO : Avg val. time: 0.0 hours, 0.0 minutes, 0.33916456123878214 seconds
2025-03-06 00:02:04,822 | INFO : Avg val. time: 0.0 hours, 0.0 minutes, 0.33916456123878214 seconds
2025-03-06 00:02:04,824 | INFO : Avg batch val. time: 0.008479114030969553 seconds
2025-03-06 00:02:04,824 | INFO : Avg batch val. time: 0.008479114030969553 seconds
2025-03-06 00:02:04,824 | INFO : Avg batch val. time: 0.008479114030969553 seconds
2025-03-06 00:02:04,824 | INFO : Avg batch val. time: 0.008479114030969553 seconds
2025-03-06 00:02:04,824 | INFO : Avg batch val. time: 0.008479114030969553 seconds
2025-03-06 00:02:04,824 | INFO : Avg batch val. time: 0.008479114030969553 seconds
2025-03-06 00:02:04,824 | INFO : Avg batch val. time: 0.008479114030969553 seconds
2025-03-06 00:02:04,824 | INFO : Avg batch val. time: 0.008479114030969553 seconds
2025-03-06 00:02:04,825 | INFO : Avg sample val. time: 0.008479114030969553 seconds
2025-03-06 00:02:04,825 | INFO : Avg sample val. time: 0.008479114030969553 seconds
2025-03-06 00:02:04,825 | INFO : Avg sample val. time: 0.008479114030969553 seconds
2025-03-06 00:02:04,825 | INFO : Avg sample val. time: 0.008479114030969553 seconds
2025-03-06 00:02:04,825 | INFO : Avg sample val. time: 0.008479114030969553 seconds
2025-03-06 00:02:04,825 | INFO : Avg sample val. time: 0.008479114030969553 seconds
2025-03-06 00:02:04,825 | INFO : Avg sample val. time: 0.008479114030969553 seconds
2025-03-06 00:02:04,825 | INFO : Avg sample val. time: 0.008479114030969553 seconds
2025-03-06 00:02:04,827 | INFO : Epoch 28 Validation Summary: epoch: 28.000000 | loss: 0.125100 | 
2025-03-06 00:02:04,827 | INFO : Epoch 28 Validation Summary: epoch: 28.000000 | loss: 0.125100 | 
2025-03-06 00:02:04,827 | INFO : Epoch 28 Validation Summary: epoch: 28.000000 | loss: 0.125100 | 
2025-03-06 00:02:04,827 | INFO : Epoch 28 Validation Summary: epoch: 28.000000 | loss: 0.125100 | 
2025-03-06 00:02:04,827 | INFO : Epoch 28 Validation Summary: epoch: 28.000000 | loss: 0.125100 | 
2025-03-06 00:02:04,827 | INFO : Epoch 28 Validation Summary: epoch: 28.000000 | loss: 0.125100 | 
2025-03-06 00:02:04,827 | INFO : Epoch 28 Validation Summary: epoch: 28.000000 | loss: 0.125100 | 
2025-03-06 00:02:04,827 | INFO : Epoch 28 Validation Summary: epoch: 28.000000 | loss: 0.125100 | 
2025-03-06 00:02:04,873 | INFO : Evaluating on validation set ...
2025-03-06 00:02:04,873 | INFO : Evaluating on validation set ...
2025-03-06 00:02:04,873 | INFO : Evaluating on validation set ...
2025-03-06 00:02:04,873 | INFO : Evaluating on validation set ...
2025-03-06 00:02:04,873 | INFO : Evaluating on validation set ...
2025-03-06 00:02:04,873 | INFO : Evaluating on validation set ...
2025-03-06 00:02:04,873 | INFO : Evaluating on validation set ...
2025-03-06 00:02:04,873 | INFO : Evaluating on validation set ...
2025-03-06 00:02:05,205 | INFO : Validation runtime: 0.0 hours, 0.0 minutes, 0.3303182125091553 seconds

2025-03-06 00:02:05,205 | INFO : Validation runtime: 0.0 hours, 0.0 minutes, 0.3303182125091553 seconds

2025-03-06 00:02:05,205 | INFO : Validation runtime: 0.0 hours, 0.0 minutes, 0.3303182125091553 seconds

2025-03-06 00:02:05,205 | INFO : Validation runtime: 0.0 hours, 0.0 minutes, 0.3303182125091553 seconds

2025-03-06 00:02:05,205 | INFO : Validation runtime: 0.0 hours, 0.0 minutes, 0.3303182125091553 seconds

2025-03-06 00:02:05,205 | INFO : Validation runtime: 0.0 hours, 0.0 minutes, 0.3303182125091553 seconds

2025-03-06 00:02:05,205 | INFO : Validation runtime: 0.0 hours, 0.0 minutes, 0.3303182125091553 seconds

2025-03-06 00:02:05,205 | INFO : Validation runtime: 0.0 hours, 0.0 minutes, 0.3303182125091553 seconds

2025-03-06 00:02:05,207 | INFO : Avg val. time: 0.0 hours, 0.0 minutes, 0.33886968294779457 seconds
2025-03-06 00:02:05,207 | INFO : Avg val. time: 0.0 hours, 0.0 minutes, 0.33886968294779457 seconds
2025-03-06 00:02:05,207 | INFO : Avg val. time: 0.0 hours, 0.0 minutes, 0.33886968294779457 seconds
2025-03-06 00:02:05,207 | INFO : Avg val. time: 0.0 hours, 0.0 minutes, 0.33886968294779457 seconds
2025-03-06 00:02:05,207 | INFO : Avg val. time: 0.0 hours, 0.0 minutes, 0.33886968294779457 seconds
2025-03-06 00:02:05,207 | INFO : Avg val. time: 0.0 hours, 0.0 minutes, 0.33886968294779457 seconds
2025-03-06 00:02:05,207 | INFO : Avg val. time: 0.0 hours, 0.0 minutes, 0.33886968294779457 seconds
2025-03-06 00:02:05,207 | INFO : Avg val. time: 0.0 hours, 0.0 minutes, 0.33886968294779457 seconds
2025-03-06 00:02:05,208 | INFO : Avg batch val. time: 0.008471742073694864 seconds
2025-03-06 00:02:05,208 | INFO : Avg batch val. time: 0.008471742073694864 seconds
2025-03-06 00:02:05,208 | INFO : Avg batch val. time: 0.008471742073694864 seconds
2025-03-06 00:02:05,208 | INFO : Avg batch val. time: 0.008471742073694864 seconds
2025-03-06 00:02:05,208 | INFO : Avg batch val. time: 0.008471742073694864 seconds
2025-03-06 00:02:05,208 | INFO : Avg batch val. time: 0.008471742073694864 seconds
2025-03-06 00:02:05,208 | INFO : Avg batch val. time: 0.008471742073694864 seconds
2025-03-06 00:02:05,208 | INFO : Avg batch val. time: 0.008471742073694864 seconds
2025-03-06 00:02:05,209 | INFO : Avg sample val. time: 0.008471742073694864 seconds
2025-03-06 00:02:05,209 | INFO : Avg sample val. time: 0.008471742073694864 seconds
2025-03-06 00:02:05,209 | INFO : Avg sample val. time: 0.008471742073694864 seconds
2025-03-06 00:02:05,209 | INFO : Avg sample val. time: 0.008471742073694864 seconds
2025-03-06 00:02:05,209 | INFO : Avg sample val. time: 0.008471742073694864 seconds
2025-03-06 00:02:05,209 | INFO : Avg sample val. time: 0.008471742073694864 seconds
2025-03-06 00:02:05,209 | INFO : Avg sample val. time: 0.008471742073694864 seconds
2025-03-06 00:02:05,209 | INFO : Avg sample val. time: 0.008471742073694864 seconds
2025-03-06 00:02:05,211 | INFO : Epoch 29 Validation Summary: epoch: 29.000000 | loss: 0.122199 | 
2025-03-06 00:02:05,211 | INFO : Epoch 29 Validation Summary: epoch: 29.000000 | loss: 0.122199 | 
2025-03-06 00:02:05,211 | INFO : Epoch 29 Validation Summary: epoch: 29.000000 | loss: 0.122199 | 
2025-03-06 00:02:05,211 | INFO : Epoch 29 Validation Summary: epoch: 29.000000 | loss: 0.122199 | 
2025-03-06 00:02:05,211 | INFO : Epoch 29 Validation Summary: epoch: 29.000000 | loss: 0.122199 | 
2025-03-06 00:02:05,211 | INFO : Epoch 29 Validation Summary: epoch: 29.000000 | loss: 0.122199 | 
2025-03-06 00:02:05,211 | INFO : Epoch 29 Validation Summary: epoch: 29.000000 | loss: 0.122199 | 
2025-03-06 00:02:05,211 | INFO : Epoch 29 Validation Summary: epoch: 29.000000 | loss: 0.122199 | 
2025-03-06 00:02:05,257 | INFO : Evaluating on validation set ...
2025-03-06 00:02:05,257 | INFO : Evaluating on validation set ...
2025-03-06 00:02:05,257 | INFO : Evaluating on validation set ...
2025-03-06 00:02:05,257 | INFO : Evaluating on validation set ...
2025-03-06 00:02:05,257 | INFO : Evaluating on validation set ...
2025-03-06 00:02:05,257 | INFO : Evaluating on validation set ...
2025-03-06 00:02:05,257 | INFO : Evaluating on validation set ...
2025-03-06 00:02:05,257 | INFO : Evaluating on validation set ...
2025-03-06 00:02:05,589 | INFO : Validation runtime: 0.0 hours, 0.0 minutes, 0.33106517791748047 seconds

2025-03-06 00:02:05,589 | INFO : Validation runtime: 0.0 hours, 0.0 minutes, 0.33106517791748047 seconds

2025-03-06 00:02:05,589 | INFO : Validation runtime: 0.0 hours, 0.0 minutes, 0.33106517791748047 seconds

2025-03-06 00:02:05,589 | INFO : Validation runtime: 0.0 hours, 0.0 minutes, 0.33106517791748047 seconds

2025-03-06 00:02:05,589 | INFO : Validation runtime: 0.0 hours, 0.0 minutes, 0.33106517791748047 seconds

2025-03-06 00:02:05,589 | INFO : Validation runtime: 0.0 hours, 0.0 minutes, 0.33106517791748047 seconds

2025-03-06 00:02:05,589 | INFO : Validation runtime: 0.0 hours, 0.0 minutes, 0.33106517791748047 seconds

2025-03-06 00:02:05,589 | INFO : Validation runtime: 0.0 hours, 0.0 minutes, 0.33106517791748047 seconds

2025-03-06 00:02:05,591 | INFO : Avg val. time: 0.0 hours, 0.0 minutes, 0.33861792472101027 seconds
2025-03-06 00:02:05,591 | INFO : Avg val. time: 0.0 hours, 0.0 minutes, 0.33861792472101027 seconds
2025-03-06 00:02:05,591 | INFO : Avg val. time: 0.0 hours, 0.0 minutes, 0.33861792472101027 seconds
2025-03-06 00:02:05,591 | INFO : Avg val. time: 0.0 hours, 0.0 minutes, 0.33861792472101027 seconds
2025-03-06 00:02:05,591 | INFO : Avg val. time: 0.0 hours, 0.0 minutes, 0.33861792472101027 seconds
2025-03-06 00:02:05,591 | INFO : Avg val. time: 0.0 hours, 0.0 minutes, 0.33861792472101027 seconds
2025-03-06 00:02:05,591 | INFO : Avg val. time: 0.0 hours, 0.0 minutes, 0.33861792472101027 seconds
2025-03-06 00:02:05,591 | INFO : Avg val. time: 0.0 hours, 0.0 minutes, 0.33861792472101027 seconds
2025-03-06 00:02:05,593 | INFO : Avg batch val. time: 0.008465448118025257 seconds
2025-03-06 00:02:05,593 | INFO : Avg batch val. time: 0.008465448118025257 seconds
2025-03-06 00:02:05,593 | INFO : Avg batch val. time: 0.008465448118025257 seconds
2025-03-06 00:02:05,593 | INFO : Avg batch val. time: 0.008465448118025257 seconds
2025-03-06 00:02:05,593 | INFO : Avg batch val. time: 0.008465448118025257 seconds
2025-03-06 00:02:05,593 | INFO : Avg batch val. time: 0.008465448118025257 seconds
2025-03-06 00:02:05,593 | INFO : Avg batch val. time: 0.008465448118025257 seconds
2025-03-06 00:02:05,593 | INFO : Avg batch val. time: 0.008465448118025257 seconds
2025-03-06 00:02:05,594 | INFO : Avg sample val. time: 0.008465448118025257 seconds
2025-03-06 00:02:05,594 | INFO : Avg sample val. time: 0.008465448118025257 seconds
2025-03-06 00:02:05,594 | INFO : Avg sample val. time: 0.008465448118025257 seconds
2025-03-06 00:02:05,594 | INFO : Avg sample val. time: 0.008465448118025257 seconds
2025-03-06 00:02:05,594 | INFO : Avg sample val. time: 0.008465448118025257 seconds
2025-03-06 00:02:05,594 | INFO : Avg sample val. time: 0.008465448118025257 seconds
2025-03-06 00:02:05,594 | INFO : Avg sample val. time: 0.008465448118025257 seconds
2025-03-06 00:02:05,594 | INFO : Avg sample val. time: 0.008465448118025257 seconds
2025-03-06 00:02:05,596 | INFO : Epoch 30 Validation Summary: epoch: 30.000000 | loss: 0.119566 | 
2025-03-06 00:02:05,596 | INFO : Epoch 30 Validation Summary: epoch: 30.000000 | loss: 0.119566 | 
2025-03-06 00:02:05,596 | INFO : Epoch 30 Validation Summary: epoch: 30.000000 | loss: 0.119566 | 
2025-03-06 00:02:05,596 | INFO : Epoch 30 Validation Summary: epoch: 30.000000 | loss: 0.119566 | 
2025-03-06 00:02:05,596 | INFO : Epoch 30 Validation Summary: epoch: 30.000000 | loss: 0.119566 | 
2025-03-06 00:02:05,596 | INFO : Epoch 30 Validation Summary: epoch: 30.000000 | loss: 0.119566 | 
2025-03-06 00:02:05,596 | INFO : Epoch 30 Validation Summary: epoch: 30.000000 | loss: 0.119566 | 
2025-03-06 00:02:05,596 | INFO : Epoch 30 Validation Summary: epoch: 30.000000 | loss: 0.119566 | 
2025-03-06 00:02:05,639 | INFO : Evaluating on validation set ...
2025-03-06 00:02:05,639 | INFO : Evaluating on validation set ...
2025-03-06 00:02:05,639 | INFO : Evaluating on validation set ...
2025-03-06 00:02:05,639 | INFO : Evaluating on validation set ...
2025-03-06 00:02:05,639 | INFO : Evaluating on validation set ...
2025-03-06 00:02:05,639 | INFO : Evaluating on validation set ...
2025-03-06 00:02:05,639 | INFO : Evaluating on validation set ...
2025-03-06 00:02:05,639 | INFO : Evaluating on validation set ...
2025-03-06 00:02:05,970 | INFO : Validation runtime: 0.0 hours, 0.0 minutes, 0.3303248882293701 seconds

2025-03-06 00:02:05,970 | INFO : Validation runtime: 0.0 hours, 0.0 minutes, 0.3303248882293701 seconds

2025-03-06 00:02:05,970 | INFO : Validation runtime: 0.0 hours, 0.0 minutes, 0.3303248882293701 seconds

2025-03-06 00:02:05,970 | INFO : Validation runtime: 0.0 hours, 0.0 minutes, 0.3303248882293701 seconds

2025-03-06 00:02:05,970 | INFO : Validation runtime: 0.0 hours, 0.0 minutes, 0.3303248882293701 seconds

2025-03-06 00:02:05,970 | INFO : Validation runtime: 0.0 hours, 0.0 minutes, 0.3303248882293701 seconds

2025-03-06 00:02:05,970 | INFO : Validation runtime: 0.0 hours, 0.0 minutes, 0.3303248882293701 seconds

2025-03-06 00:02:05,970 | INFO : Validation runtime: 0.0 hours, 0.0 minutes, 0.3303248882293701 seconds

2025-03-06 00:02:05,972 | INFO : Avg val. time: 0.0 hours, 0.0 minutes, 0.3383587673306465 seconds
2025-03-06 00:02:05,972 | INFO : Avg val. time: 0.0 hours, 0.0 minutes, 0.3383587673306465 seconds
2025-03-06 00:02:05,972 | INFO : Avg val. time: 0.0 hours, 0.0 minutes, 0.3383587673306465 seconds
2025-03-06 00:02:05,972 | INFO : Avg val. time: 0.0 hours, 0.0 minutes, 0.3383587673306465 seconds
2025-03-06 00:02:05,972 | INFO : Avg val. time: 0.0 hours, 0.0 minutes, 0.3383587673306465 seconds
2025-03-06 00:02:05,972 | INFO : Avg val. time: 0.0 hours, 0.0 minutes, 0.3383587673306465 seconds
2025-03-06 00:02:05,972 | INFO : Avg val. time: 0.0 hours, 0.0 minutes, 0.3383587673306465 seconds
2025-03-06 00:02:05,972 | INFO : Avg val. time: 0.0 hours, 0.0 minutes, 0.3383587673306465 seconds
2025-03-06 00:02:05,974 | INFO : Avg batch val. time: 0.008458969183266163 seconds
2025-03-06 00:02:05,974 | INFO : Avg batch val. time: 0.008458969183266163 seconds
2025-03-06 00:02:05,974 | INFO : Avg batch val. time: 0.008458969183266163 seconds
2025-03-06 00:02:05,974 | INFO : Avg batch val. time: 0.008458969183266163 seconds
2025-03-06 00:02:05,974 | INFO : Avg batch val. time: 0.008458969183266163 seconds
2025-03-06 00:02:05,974 | INFO : Avg batch val. time: 0.008458969183266163 seconds
2025-03-06 00:02:05,974 | INFO : Avg batch val. time: 0.008458969183266163 seconds
2025-03-06 00:02:05,974 | INFO : Avg batch val. time: 0.008458969183266163 seconds
2025-03-06 00:02:05,975 | INFO : Avg sample val. time: 0.008458969183266163 seconds
2025-03-06 00:02:05,975 | INFO : Avg sample val. time: 0.008458969183266163 seconds
2025-03-06 00:02:05,975 | INFO : Avg sample val. time: 0.008458969183266163 seconds
2025-03-06 00:02:05,975 | INFO : Avg sample val. time: 0.008458969183266163 seconds
2025-03-06 00:02:05,975 | INFO : Avg sample val. time: 0.008458969183266163 seconds
2025-03-06 00:02:05,975 | INFO : Avg sample val. time: 0.008458969183266163 seconds
2025-03-06 00:02:05,975 | INFO : Avg sample val. time: 0.008458969183266163 seconds
2025-03-06 00:02:05,975 | INFO : Avg sample val. time: 0.008458969183266163 seconds
2025-03-06 00:02:05,977 | INFO : Epoch 31 Validation Summary: epoch: 31.000000 | loss: 0.117155 | 
2025-03-06 00:02:05,977 | INFO : Epoch 31 Validation Summary: epoch: 31.000000 | loss: 0.117155 | 
2025-03-06 00:02:05,977 | INFO : Epoch 31 Validation Summary: epoch: 31.000000 | loss: 0.117155 | 
2025-03-06 00:02:05,977 | INFO : Epoch 31 Validation Summary: epoch: 31.000000 | loss: 0.117155 | 
2025-03-06 00:02:05,977 | INFO : Epoch 31 Validation Summary: epoch: 31.000000 | loss: 0.117155 | 
2025-03-06 00:02:05,977 | INFO : Epoch 31 Validation Summary: epoch: 31.000000 | loss: 0.117155 | 
2025-03-06 00:02:05,977 | INFO : Epoch 31 Validation Summary: epoch: 31.000000 | loss: 0.117155 | 
2025-03-06 00:02:05,977 | INFO : Epoch 31 Validation Summary: epoch: 31.000000 | loss: 0.117155 | 
2025-03-06 00:02:06,022 | INFO : Evaluating on validation set ...
2025-03-06 00:02:06,022 | INFO : Evaluating on validation set ...
2025-03-06 00:02:06,022 | INFO : Evaluating on validation set ...
2025-03-06 00:02:06,022 | INFO : Evaluating on validation set ...
2025-03-06 00:02:06,022 | INFO : Evaluating on validation set ...
2025-03-06 00:02:06,022 | INFO : Evaluating on validation set ...
2025-03-06 00:02:06,022 | INFO : Evaluating on validation set ...
2025-03-06 00:02:06,022 | INFO : Evaluating on validation set ...
2025-03-06 00:02:06,363 | INFO : Validation runtime: 0.0 hours, 0.0 minutes, 0.33898091316223145 seconds

2025-03-06 00:02:06,363 | INFO : Validation runtime: 0.0 hours, 0.0 minutes, 0.33898091316223145 seconds

2025-03-06 00:02:06,363 | INFO : Validation runtime: 0.0 hours, 0.0 minutes, 0.33898091316223145 seconds

2025-03-06 00:02:06,363 | INFO : Validation runtime: 0.0 hours, 0.0 minutes, 0.33898091316223145 seconds

2025-03-06 00:02:06,363 | INFO : Validation runtime: 0.0 hours, 0.0 minutes, 0.33898091316223145 seconds

2025-03-06 00:02:06,363 | INFO : Validation runtime: 0.0 hours, 0.0 minutes, 0.33898091316223145 seconds

2025-03-06 00:02:06,363 | INFO : Validation runtime: 0.0 hours, 0.0 minutes, 0.33898091316223145 seconds

2025-03-06 00:02:06,363 | INFO : Validation runtime: 0.0 hours, 0.0 minutes, 0.33898091316223145 seconds

2025-03-06 00:02:06,365 | INFO : Avg val. time: 0.0 hours, 0.0 minutes, 0.3383776202346339 seconds
2025-03-06 00:02:06,365 | INFO : Avg val. time: 0.0 hours, 0.0 minutes, 0.3383776202346339 seconds
2025-03-06 00:02:06,365 | INFO : Avg val. time: 0.0 hours, 0.0 minutes, 0.3383776202346339 seconds
2025-03-06 00:02:06,365 | INFO : Avg val. time: 0.0 hours, 0.0 minutes, 0.3383776202346339 seconds
2025-03-06 00:02:06,365 | INFO : Avg val. time: 0.0 hours, 0.0 minutes, 0.3383776202346339 seconds
2025-03-06 00:02:06,365 | INFO : Avg val. time: 0.0 hours, 0.0 minutes, 0.3383776202346339 seconds
2025-03-06 00:02:06,365 | INFO : Avg val. time: 0.0 hours, 0.0 minutes, 0.3383776202346339 seconds
2025-03-06 00:02:06,365 | INFO : Avg val. time: 0.0 hours, 0.0 minutes, 0.3383776202346339 seconds
2025-03-06 00:02:06,366 | INFO : Avg batch val. time: 0.008459440505865848 seconds
2025-03-06 00:02:06,366 | INFO : Avg batch val. time: 0.008459440505865848 seconds
2025-03-06 00:02:06,366 | INFO : Avg batch val. time: 0.008459440505865848 seconds
2025-03-06 00:02:06,366 | INFO : Avg batch val. time: 0.008459440505865848 seconds
2025-03-06 00:02:06,366 | INFO : Avg batch val. time: 0.008459440505865848 seconds
2025-03-06 00:02:06,366 | INFO : Avg batch val. time: 0.008459440505865848 seconds
2025-03-06 00:02:06,366 | INFO : Avg batch val. time: 0.008459440505865848 seconds
2025-03-06 00:02:06,366 | INFO : Avg batch val. time: 0.008459440505865848 seconds
2025-03-06 00:02:06,367 | INFO : Avg sample val. time: 0.008459440505865848 seconds
2025-03-06 00:02:06,367 | INFO : Avg sample val. time: 0.008459440505865848 seconds
2025-03-06 00:02:06,367 | INFO : Avg sample val. time: 0.008459440505865848 seconds
2025-03-06 00:02:06,367 | INFO : Avg sample val. time: 0.008459440505865848 seconds
2025-03-06 00:02:06,367 | INFO : Avg sample val. time: 0.008459440505865848 seconds
2025-03-06 00:02:06,367 | INFO : Avg sample val. time: 0.008459440505865848 seconds
2025-03-06 00:02:06,367 | INFO : Avg sample val. time: 0.008459440505865848 seconds
2025-03-06 00:02:06,367 | INFO : Avg sample val. time: 0.008459440505865848 seconds
2025-03-06 00:02:06,369 | INFO : Epoch 32 Validation Summary: epoch: 32.000000 | loss: 0.114934 | 
2025-03-06 00:02:06,369 | INFO : Epoch 32 Validation Summary: epoch: 32.000000 | loss: 0.114934 | 
2025-03-06 00:02:06,369 | INFO : Epoch 32 Validation Summary: epoch: 32.000000 | loss: 0.114934 | 
2025-03-06 00:02:06,369 | INFO : Epoch 32 Validation Summary: epoch: 32.000000 | loss: 0.114934 | 
2025-03-06 00:02:06,369 | INFO : Epoch 32 Validation Summary: epoch: 32.000000 | loss: 0.114934 | 
2025-03-06 00:02:06,369 | INFO : Epoch 32 Validation Summary: epoch: 32.000000 | loss: 0.114934 | 
2025-03-06 00:02:06,369 | INFO : Epoch 32 Validation Summary: epoch: 32.000000 | loss: 0.114934 | 
2025-03-06 00:02:06,369 | INFO : Epoch 32 Validation Summary: epoch: 32.000000 | loss: 0.114934 | 
2025-03-06 00:02:06,416 | INFO : Evaluating on validation set ...
2025-03-06 00:02:06,416 | INFO : Evaluating on validation set ...
2025-03-06 00:02:06,416 | INFO : Evaluating on validation set ...
2025-03-06 00:02:06,416 | INFO : Evaluating on validation set ...
2025-03-06 00:02:06,416 | INFO : Evaluating on validation set ...
2025-03-06 00:02:06,416 | INFO : Evaluating on validation set ...
2025-03-06 00:02:06,416 | INFO : Evaluating on validation set ...
2025-03-06 00:02:06,416 | INFO : Evaluating on validation set ...
2025-03-06 00:02:06,744 | INFO : Validation runtime: 0.0 hours, 0.0 minutes, 0.32689857482910156 seconds

2025-03-06 00:02:06,744 | INFO : Validation runtime: 0.0 hours, 0.0 minutes, 0.32689857482910156 seconds

2025-03-06 00:02:06,744 | INFO : Validation runtime: 0.0 hours, 0.0 minutes, 0.32689857482910156 seconds

2025-03-06 00:02:06,744 | INFO : Validation runtime: 0.0 hours, 0.0 minutes, 0.32689857482910156 seconds

2025-03-06 00:02:06,744 | INFO : Validation runtime: 0.0 hours, 0.0 minutes, 0.32689857482910156 seconds

2025-03-06 00:02:06,744 | INFO : Validation runtime: 0.0 hours, 0.0 minutes, 0.32689857482910156 seconds

2025-03-06 00:02:06,744 | INFO : Validation runtime: 0.0 hours, 0.0 minutes, 0.32689857482910156 seconds

2025-03-06 00:02:06,744 | INFO : Validation runtime: 0.0 hours, 0.0 minutes, 0.32689857482910156 seconds

2025-03-06 00:02:06,746 | INFO : Avg val. time: 0.0 hours, 0.0 minutes, 0.3380400012521183 seconds
2025-03-06 00:02:06,746 | INFO : Avg val. time: 0.0 hours, 0.0 minutes, 0.3380400012521183 seconds
2025-03-06 00:02:06,746 | INFO : Avg val. time: 0.0 hours, 0.0 minutes, 0.3380400012521183 seconds
2025-03-06 00:02:06,746 | INFO : Avg val. time: 0.0 hours, 0.0 minutes, 0.3380400012521183 seconds
2025-03-06 00:02:06,746 | INFO : Avg val. time: 0.0 hours, 0.0 minutes, 0.3380400012521183 seconds
2025-03-06 00:02:06,746 | INFO : Avg val. time: 0.0 hours, 0.0 minutes, 0.3380400012521183 seconds
2025-03-06 00:02:06,746 | INFO : Avg val. time: 0.0 hours, 0.0 minutes, 0.3380400012521183 seconds
2025-03-06 00:02:06,746 | INFO : Avg val. time: 0.0 hours, 0.0 minutes, 0.3380400012521183 seconds
2025-03-06 00:02:06,747 | INFO : Avg batch val. time: 0.008451000031302957 seconds
2025-03-06 00:02:06,747 | INFO : Avg batch val. time: 0.008451000031302957 seconds
2025-03-06 00:02:06,747 | INFO : Avg batch val. time: 0.008451000031302957 seconds
2025-03-06 00:02:06,747 | INFO : Avg batch val. time: 0.008451000031302957 seconds
2025-03-06 00:02:06,747 | INFO : Avg batch val. time: 0.008451000031302957 seconds
2025-03-06 00:02:06,747 | INFO : Avg batch val. time: 0.008451000031302957 seconds
2025-03-06 00:02:06,747 | INFO : Avg batch val. time: 0.008451000031302957 seconds
2025-03-06 00:02:06,747 | INFO : Avg batch val. time: 0.008451000031302957 seconds
2025-03-06 00:02:06,749 | INFO : Avg sample val. time: 0.008451000031302957 seconds
2025-03-06 00:02:06,749 | INFO : Avg sample val. time: 0.008451000031302957 seconds
2025-03-06 00:02:06,749 | INFO : Avg sample val. time: 0.008451000031302957 seconds
2025-03-06 00:02:06,749 | INFO : Avg sample val. time: 0.008451000031302957 seconds
2025-03-06 00:02:06,749 | INFO : Avg sample val. time: 0.008451000031302957 seconds
2025-03-06 00:02:06,749 | INFO : Avg sample val. time: 0.008451000031302957 seconds
2025-03-06 00:02:06,749 | INFO : Avg sample val. time: 0.008451000031302957 seconds
2025-03-06 00:02:06,749 | INFO : Avg sample val. time: 0.008451000031302957 seconds
2025-03-06 00:02:06,750 | INFO : Epoch 33 Validation Summary: epoch: 33.000000 | loss: 0.112871 | 
2025-03-06 00:02:06,750 | INFO : Epoch 33 Validation Summary: epoch: 33.000000 | loss: 0.112871 | 
2025-03-06 00:02:06,750 | INFO : Epoch 33 Validation Summary: epoch: 33.000000 | loss: 0.112871 | 
2025-03-06 00:02:06,750 | INFO : Epoch 33 Validation Summary: epoch: 33.000000 | loss: 0.112871 | 
2025-03-06 00:02:06,750 | INFO : Epoch 33 Validation Summary: epoch: 33.000000 | loss: 0.112871 | 
2025-03-06 00:02:06,750 | INFO : Epoch 33 Validation Summary: epoch: 33.000000 | loss: 0.112871 | 
2025-03-06 00:02:06,750 | INFO : Epoch 33 Validation Summary: epoch: 33.000000 | loss: 0.112871 | 
2025-03-06 00:02:06,750 | INFO : Epoch 33 Validation Summary: epoch: 33.000000 | loss: 0.112871 | 
2025-03-06 00:02:06,798 | INFO : Evaluating on validation set ...
2025-03-06 00:02:06,798 | INFO : Evaluating on validation set ...
2025-03-06 00:02:06,798 | INFO : Evaluating on validation set ...
2025-03-06 00:02:06,798 | INFO : Evaluating on validation set ...
2025-03-06 00:02:06,798 | INFO : Evaluating on validation set ...
2025-03-06 00:02:06,798 | INFO : Evaluating on validation set ...
2025-03-06 00:02:06,798 | INFO : Evaluating on validation set ...
2025-03-06 00:02:06,798 | INFO : Evaluating on validation set ...
2025-03-06 00:02:07,142 | INFO : Validation runtime: 0.0 hours, 0.0 minutes, 0.342944860458374 seconds

2025-03-06 00:02:07,142 | INFO : Validation runtime: 0.0 hours, 0.0 minutes, 0.342944860458374 seconds

2025-03-06 00:02:07,142 | INFO : Validation runtime: 0.0 hours, 0.0 minutes, 0.342944860458374 seconds

2025-03-06 00:02:07,142 | INFO : Validation runtime: 0.0 hours, 0.0 minutes, 0.342944860458374 seconds

2025-03-06 00:02:07,142 | INFO : Validation runtime: 0.0 hours, 0.0 minutes, 0.342944860458374 seconds

2025-03-06 00:02:07,142 | INFO : Validation runtime: 0.0 hours, 0.0 minutes, 0.342944860458374 seconds

2025-03-06 00:02:07,142 | INFO : Validation runtime: 0.0 hours, 0.0 minutes, 0.342944860458374 seconds

2025-03-06 00:02:07,142 | INFO : Validation runtime: 0.0 hours, 0.0 minutes, 0.342944860458374 seconds

2025-03-06 00:02:07,144 | INFO : Avg val. time: 0.0 hours, 0.0 minutes, 0.3381801400865827 seconds
2025-03-06 00:02:07,144 | INFO : Avg val. time: 0.0 hours, 0.0 minutes, 0.3381801400865827 seconds
2025-03-06 00:02:07,144 | INFO : Avg val. time: 0.0 hours, 0.0 minutes, 0.3381801400865827 seconds
2025-03-06 00:02:07,144 | INFO : Avg val. time: 0.0 hours, 0.0 minutes, 0.3381801400865827 seconds
2025-03-06 00:02:07,144 | INFO : Avg val. time: 0.0 hours, 0.0 minutes, 0.3381801400865827 seconds
2025-03-06 00:02:07,144 | INFO : Avg val. time: 0.0 hours, 0.0 minutes, 0.3381801400865827 seconds
2025-03-06 00:02:07,144 | INFO : Avg val. time: 0.0 hours, 0.0 minutes, 0.3381801400865827 seconds
2025-03-06 00:02:07,144 | INFO : Avg val. time: 0.0 hours, 0.0 minutes, 0.3381801400865827 seconds
2025-03-06 00:02:07,145 | INFO : Avg batch val. time: 0.008454503502164567 seconds
2025-03-06 00:02:07,145 | INFO : Avg batch val. time: 0.008454503502164567 seconds
2025-03-06 00:02:07,145 | INFO : Avg batch val. time: 0.008454503502164567 seconds
2025-03-06 00:02:07,145 | INFO : Avg batch val. time: 0.008454503502164567 seconds
2025-03-06 00:02:07,145 | INFO : Avg batch val. time: 0.008454503502164567 seconds
2025-03-06 00:02:07,145 | INFO : Avg batch val. time: 0.008454503502164567 seconds
2025-03-06 00:02:07,145 | INFO : Avg batch val. time: 0.008454503502164567 seconds
2025-03-06 00:02:07,145 | INFO : Avg batch val. time: 0.008454503502164567 seconds
2025-03-06 00:02:07,147 | INFO : Avg sample val. time: 0.008454503502164567 seconds
2025-03-06 00:02:07,147 | INFO : Avg sample val. time: 0.008454503502164567 seconds
2025-03-06 00:02:07,147 | INFO : Avg sample val. time: 0.008454503502164567 seconds
2025-03-06 00:02:07,147 | INFO : Avg sample val. time: 0.008454503502164567 seconds
2025-03-06 00:02:07,147 | INFO : Avg sample val. time: 0.008454503502164567 seconds
2025-03-06 00:02:07,147 | INFO : Avg sample val. time: 0.008454503502164567 seconds
2025-03-06 00:02:07,147 | INFO : Avg sample val. time: 0.008454503502164567 seconds
2025-03-06 00:02:07,147 | INFO : Avg sample val. time: 0.008454503502164567 seconds
2025-03-06 00:02:07,148 | INFO : Epoch 34 Validation Summary: epoch: 34.000000 | loss: 0.110945 | 
2025-03-06 00:02:07,148 | INFO : Epoch 34 Validation Summary: epoch: 34.000000 | loss: 0.110945 | 
2025-03-06 00:02:07,148 | INFO : Epoch 34 Validation Summary: epoch: 34.000000 | loss: 0.110945 | 
2025-03-06 00:02:07,148 | INFO : Epoch 34 Validation Summary: epoch: 34.000000 | loss: 0.110945 | 
2025-03-06 00:02:07,148 | INFO : Epoch 34 Validation Summary: epoch: 34.000000 | loss: 0.110945 | 
2025-03-06 00:02:07,148 | INFO : Epoch 34 Validation Summary: epoch: 34.000000 | loss: 0.110945 | 
2025-03-06 00:02:07,148 | INFO : Epoch 34 Validation Summary: epoch: 34.000000 | loss: 0.110945 | 
2025-03-06 00:02:07,148 | INFO : Epoch 34 Validation Summary: epoch: 34.000000 | loss: 0.110945 | 
2025-03-06 00:02:07,195 | INFO : Evaluating on validation set ...
2025-03-06 00:02:07,195 | INFO : Evaluating on validation set ...
2025-03-06 00:02:07,195 | INFO : Evaluating on validation set ...
2025-03-06 00:02:07,195 | INFO : Evaluating on validation set ...
2025-03-06 00:02:07,195 | INFO : Evaluating on validation set ...
2025-03-06 00:02:07,195 | INFO : Evaluating on validation set ...
2025-03-06 00:02:07,195 | INFO : Evaluating on validation set ...
2025-03-06 00:02:07,195 | INFO : Evaluating on validation set ...
2025-03-06 00:02:07,531 | INFO : Validation runtime: 0.0 hours, 0.0 minutes, 0.3347587585449219 seconds

2025-03-06 00:02:07,531 | INFO : Validation runtime: 0.0 hours, 0.0 minutes, 0.3347587585449219 seconds

2025-03-06 00:02:07,531 | INFO : Validation runtime: 0.0 hours, 0.0 minutes, 0.3347587585449219 seconds

2025-03-06 00:02:07,531 | INFO : Validation runtime: 0.0 hours, 0.0 minutes, 0.3347587585449219 seconds

2025-03-06 00:02:07,531 | INFO : Validation runtime: 0.0 hours, 0.0 minutes, 0.3347587585449219 seconds

2025-03-06 00:02:07,531 | INFO : Validation runtime: 0.0 hours, 0.0 minutes, 0.3347587585449219 seconds

2025-03-06 00:02:07,531 | INFO : Validation runtime: 0.0 hours, 0.0 minutes, 0.3347587585449219 seconds

2025-03-06 00:02:07,531 | INFO : Validation runtime: 0.0 hours, 0.0 minutes, 0.3347587585449219 seconds

2025-03-06 00:02:07,533 | INFO : Avg val. time: 0.0 hours, 0.0 minutes, 0.3380851017104255 seconds
2025-03-06 00:02:07,533 | INFO : Avg val. time: 0.0 hours, 0.0 minutes, 0.3380851017104255 seconds
2025-03-06 00:02:07,533 | INFO : Avg val. time: 0.0 hours, 0.0 minutes, 0.3380851017104255 seconds
2025-03-06 00:02:07,533 | INFO : Avg val. time: 0.0 hours, 0.0 minutes, 0.3380851017104255 seconds
2025-03-06 00:02:07,533 | INFO : Avg val. time: 0.0 hours, 0.0 minutes, 0.3380851017104255 seconds
2025-03-06 00:02:07,533 | INFO : Avg val. time: 0.0 hours, 0.0 minutes, 0.3380851017104255 seconds
2025-03-06 00:02:07,533 | INFO : Avg val. time: 0.0 hours, 0.0 minutes, 0.3380851017104255 seconds
2025-03-06 00:02:07,533 | INFO : Avg val. time: 0.0 hours, 0.0 minutes, 0.3380851017104255 seconds
2025-03-06 00:02:07,535 | INFO : Avg batch val. time: 0.008452127542760637 seconds
2025-03-06 00:02:07,535 | INFO : Avg batch val. time: 0.008452127542760637 seconds
2025-03-06 00:02:07,535 | INFO : Avg batch val. time: 0.008452127542760637 seconds
2025-03-06 00:02:07,535 | INFO : Avg batch val. time: 0.008452127542760637 seconds
2025-03-06 00:02:07,535 | INFO : Avg batch val. time: 0.008452127542760637 seconds
2025-03-06 00:02:07,535 | INFO : Avg batch val. time: 0.008452127542760637 seconds
2025-03-06 00:02:07,535 | INFO : Avg batch val. time: 0.008452127542760637 seconds
2025-03-06 00:02:07,535 | INFO : Avg batch val. time: 0.008452127542760637 seconds
2025-03-06 00:02:07,536 | INFO : Avg sample val. time: 0.008452127542760637 seconds
2025-03-06 00:02:07,536 | INFO : Avg sample val. time: 0.008452127542760637 seconds
2025-03-06 00:02:07,536 | INFO : Avg sample val. time: 0.008452127542760637 seconds
2025-03-06 00:02:07,536 | INFO : Avg sample val. time: 0.008452127542760637 seconds
2025-03-06 00:02:07,536 | INFO : Avg sample val. time: 0.008452127542760637 seconds
2025-03-06 00:02:07,536 | INFO : Avg sample val. time: 0.008452127542760637 seconds
2025-03-06 00:02:07,536 | INFO : Avg sample val. time: 0.008452127542760637 seconds
2025-03-06 00:02:07,536 | INFO : Avg sample val. time: 0.008452127542760637 seconds
2025-03-06 00:02:07,538 | INFO : Epoch 35 Validation Summary: epoch: 35.000000 | loss: 0.109133 | 
2025-03-06 00:02:07,538 | INFO : Epoch 35 Validation Summary: epoch: 35.000000 | loss: 0.109133 | 
2025-03-06 00:02:07,538 | INFO : Epoch 35 Validation Summary: epoch: 35.000000 | loss: 0.109133 | 
2025-03-06 00:02:07,538 | INFO : Epoch 35 Validation Summary: epoch: 35.000000 | loss: 0.109133 | 
2025-03-06 00:02:07,538 | INFO : Epoch 35 Validation Summary: epoch: 35.000000 | loss: 0.109133 | 
2025-03-06 00:02:07,538 | INFO : Epoch 35 Validation Summary: epoch: 35.000000 | loss: 0.109133 | 
2025-03-06 00:02:07,538 | INFO : Epoch 35 Validation Summary: epoch: 35.000000 | loss: 0.109133 | 
2025-03-06 00:02:07,538 | INFO : Epoch 35 Validation Summary: epoch: 35.000000 | loss: 0.109133 | 
2025-03-06 00:02:07,584 | INFO : Evaluating on validation set ...
2025-03-06 00:02:07,584 | INFO : Evaluating on validation set ...
2025-03-06 00:02:07,584 | INFO : Evaluating on validation set ...
2025-03-06 00:02:07,584 | INFO : Evaluating on validation set ...
2025-03-06 00:02:07,584 | INFO : Evaluating on validation set ...
2025-03-06 00:02:07,584 | INFO : Evaluating on validation set ...
2025-03-06 00:02:07,584 | INFO : Evaluating on validation set ...
2025-03-06 00:02:07,584 | INFO : Evaluating on validation set ...
2025-03-06 00:02:07,928 | INFO : Validation runtime: 0.0 hours, 0.0 minutes, 0.34267354011535645 seconds

2025-03-06 00:02:07,928 | INFO : Validation runtime: 0.0 hours, 0.0 minutes, 0.34267354011535645 seconds

2025-03-06 00:02:07,928 | INFO : Validation runtime: 0.0 hours, 0.0 minutes, 0.34267354011535645 seconds

2025-03-06 00:02:07,928 | INFO : Validation runtime: 0.0 hours, 0.0 minutes, 0.34267354011535645 seconds

2025-03-06 00:02:07,928 | INFO : Validation runtime: 0.0 hours, 0.0 minutes, 0.34267354011535645 seconds

2025-03-06 00:02:07,928 | INFO : Validation runtime: 0.0 hours, 0.0 minutes, 0.34267354011535645 seconds

2025-03-06 00:02:07,928 | INFO : Validation runtime: 0.0 hours, 0.0 minutes, 0.34267354011535645 seconds

2025-03-06 00:02:07,928 | INFO : Validation runtime: 0.0 hours, 0.0 minutes, 0.34267354011535645 seconds

2025-03-06 00:02:07,930 | INFO : Avg val. time: 0.0 hours, 0.0 minutes, 0.3382091135592074 seconds
2025-03-06 00:02:07,930 | INFO : Avg val. time: 0.0 hours, 0.0 minutes, 0.3382091135592074 seconds
2025-03-06 00:02:07,930 | INFO : Avg val. time: 0.0 hours, 0.0 minutes, 0.3382091135592074 seconds
2025-03-06 00:02:07,930 | INFO : Avg val. time: 0.0 hours, 0.0 minutes, 0.3382091135592074 seconds
2025-03-06 00:02:07,930 | INFO : Avg val. time: 0.0 hours, 0.0 minutes, 0.3382091135592074 seconds
2025-03-06 00:02:07,930 | INFO : Avg val. time: 0.0 hours, 0.0 minutes, 0.3382091135592074 seconds
2025-03-06 00:02:07,930 | INFO : Avg val. time: 0.0 hours, 0.0 minutes, 0.3382091135592074 seconds
2025-03-06 00:02:07,930 | INFO : Avg val. time: 0.0 hours, 0.0 minutes, 0.3382091135592074 seconds
2025-03-06 00:02:07,931 | INFO : Avg batch val. time: 0.008455227838980185 seconds
2025-03-06 00:02:07,931 | INFO : Avg batch val. time: 0.008455227838980185 seconds
2025-03-06 00:02:07,931 | INFO : Avg batch val. time: 0.008455227838980185 seconds
2025-03-06 00:02:07,931 | INFO : Avg batch val. time: 0.008455227838980185 seconds
2025-03-06 00:02:07,931 | INFO : Avg batch val. time: 0.008455227838980185 seconds
2025-03-06 00:02:07,931 | INFO : Avg batch val. time: 0.008455227838980185 seconds
2025-03-06 00:02:07,931 | INFO : Avg batch val. time: 0.008455227838980185 seconds
2025-03-06 00:02:07,931 | INFO : Avg batch val. time: 0.008455227838980185 seconds
2025-03-06 00:02:07,933 | INFO : Avg sample val. time: 0.008455227838980185 seconds
2025-03-06 00:02:07,933 | INFO : Avg sample val. time: 0.008455227838980185 seconds
2025-03-06 00:02:07,933 | INFO : Avg sample val. time: 0.008455227838980185 seconds
2025-03-06 00:02:07,933 | INFO : Avg sample val. time: 0.008455227838980185 seconds
2025-03-06 00:02:07,933 | INFO : Avg sample val. time: 0.008455227838980185 seconds
2025-03-06 00:02:07,933 | INFO : Avg sample val. time: 0.008455227838980185 seconds
2025-03-06 00:02:07,933 | INFO : Avg sample val. time: 0.008455227838980185 seconds
2025-03-06 00:02:07,933 | INFO : Avg sample val. time: 0.008455227838980185 seconds
2025-03-06 00:02:07,934 | INFO : Epoch 36 Validation Summary: epoch: 36.000000 | loss: 0.107423 | 
2025-03-06 00:02:07,934 | INFO : Epoch 36 Validation Summary: epoch: 36.000000 | loss: 0.107423 | 
2025-03-06 00:02:07,934 | INFO : Epoch 36 Validation Summary: epoch: 36.000000 | loss: 0.107423 | 
2025-03-06 00:02:07,934 | INFO : Epoch 36 Validation Summary: epoch: 36.000000 | loss: 0.107423 | 
2025-03-06 00:02:07,934 | INFO : Epoch 36 Validation Summary: epoch: 36.000000 | loss: 0.107423 | 
2025-03-06 00:02:07,934 | INFO : Epoch 36 Validation Summary: epoch: 36.000000 | loss: 0.107423 | 
2025-03-06 00:02:07,934 | INFO : Epoch 36 Validation Summary: epoch: 36.000000 | loss: 0.107423 | 
2025-03-06 00:02:07,934 | INFO : Epoch 36 Validation Summary: epoch: 36.000000 | loss: 0.107423 | 
2025-03-06 00:02:07,982 | INFO : Evaluating on validation set ...
2025-03-06 00:02:07,982 | INFO : Evaluating on validation set ...
2025-03-06 00:02:07,982 | INFO : Evaluating on validation set ...
2025-03-06 00:02:07,982 | INFO : Evaluating on validation set ...
2025-03-06 00:02:07,982 | INFO : Evaluating on validation set ...
2025-03-06 00:02:07,982 | INFO : Evaluating on validation set ...
2025-03-06 00:02:07,982 | INFO : Evaluating on validation set ...
2025-03-06 00:02:07,982 | INFO : Evaluating on validation set ...
2025-03-06 00:02:08,317 | INFO : Validation runtime: 0.0 hours, 0.0 minutes, 0.3342432975769043 seconds

2025-03-06 00:02:08,317 | INFO : Validation runtime: 0.0 hours, 0.0 minutes, 0.3342432975769043 seconds

2025-03-06 00:02:08,317 | INFO : Validation runtime: 0.0 hours, 0.0 minutes, 0.3342432975769043 seconds

2025-03-06 00:02:08,317 | INFO : Validation runtime: 0.0 hours, 0.0 minutes, 0.3342432975769043 seconds

2025-03-06 00:02:08,317 | INFO : Validation runtime: 0.0 hours, 0.0 minutes, 0.3342432975769043 seconds

2025-03-06 00:02:08,317 | INFO : Validation runtime: 0.0 hours, 0.0 minutes, 0.3342432975769043 seconds

2025-03-06 00:02:08,317 | INFO : Validation runtime: 0.0 hours, 0.0 minutes, 0.3342432975769043 seconds

2025-03-06 00:02:08,317 | INFO : Validation runtime: 0.0 hours, 0.0 minutes, 0.3342432975769043 seconds

2025-03-06 00:02:08,319 | INFO : Avg val. time: 0.0 hours, 0.0 minutes, 0.33810474998072576 seconds
2025-03-06 00:02:08,319 | INFO : Avg val. time: 0.0 hours, 0.0 minutes, 0.33810474998072576 seconds
2025-03-06 00:02:08,319 | INFO : Avg val. time: 0.0 hours, 0.0 minutes, 0.33810474998072576 seconds
2025-03-06 00:02:08,319 | INFO : Avg val. time: 0.0 hours, 0.0 minutes, 0.33810474998072576 seconds
2025-03-06 00:02:08,319 | INFO : Avg val. time: 0.0 hours, 0.0 minutes, 0.33810474998072576 seconds
2025-03-06 00:02:08,319 | INFO : Avg val. time: 0.0 hours, 0.0 minutes, 0.33810474998072576 seconds
2025-03-06 00:02:08,319 | INFO : Avg val. time: 0.0 hours, 0.0 minutes, 0.33810474998072576 seconds
2025-03-06 00:02:08,319 | INFO : Avg val. time: 0.0 hours, 0.0 minutes, 0.33810474998072576 seconds
2025-03-06 00:02:08,321 | INFO : Avg batch val. time: 0.008452618749518144 seconds
2025-03-06 00:02:08,321 | INFO : Avg batch val. time: 0.008452618749518144 seconds
2025-03-06 00:02:08,321 | INFO : Avg batch val. time: 0.008452618749518144 seconds
2025-03-06 00:02:08,321 | INFO : Avg batch val. time: 0.008452618749518144 seconds
2025-03-06 00:02:08,321 | INFO : Avg batch val. time: 0.008452618749518144 seconds
2025-03-06 00:02:08,321 | INFO : Avg batch val. time: 0.008452618749518144 seconds
2025-03-06 00:02:08,321 | INFO : Avg batch val. time: 0.008452618749518144 seconds
2025-03-06 00:02:08,321 | INFO : Avg batch val. time: 0.008452618749518144 seconds
2025-03-06 00:02:08,322 | INFO : Avg sample val. time: 0.008452618749518144 seconds
2025-03-06 00:02:08,322 | INFO : Avg sample val. time: 0.008452618749518144 seconds
2025-03-06 00:02:08,322 | INFO : Avg sample val. time: 0.008452618749518144 seconds
2025-03-06 00:02:08,322 | INFO : Avg sample val. time: 0.008452618749518144 seconds
2025-03-06 00:02:08,322 | INFO : Avg sample val. time: 0.008452618749518144 seconds
2025-03-06 00:02:08,322 | INFO : Avg sample val. time: 0.008452618749518144 seconds
2025-03-06 00:02:08,322 | INFO : Avg sample val. time: 0.008452618749518144 seconds
2025-03-06 00:02:08,322 | INFO : Avg sample val. time: 0.008452618749518144 seconds
2025-03-06 00:02:08,324 | INFO : Epoch 37 Validation Summary: epoch: 37.000000 | loss: 0.105798 | 
2025-03-06 00:02:08,324 | INFO : Epoch 37 Validation Summary: epoch: 37.000000 | loss: 0.105798 | 
2025-03-06 00:02:08,324 | INFO : Epoch 37 Validation Summary: epoch: 37.000000 | loss: 0.105798 | 
2025-03-06 00:02:08,324 | INFO : Epoch 37 Validation Summary: epoch: 37.000000 | loss: 0.105798 | 
2025-03-06 00:02:08,324 | INFO : Epoch 37 Validation Summary: epoch: 37.000000 | loss: 0.105798 | 
2025-03-06 00:02:08,324 | INFO : Epoch 37 Validation Summary: epoch: 37.000000 | loss: 0.105798 | 
2025-03-06 00:02:08,324 | INFO : Epoch 37 Validation Summary: epoch: 37.000000 | loss: 0.105798 | 
2025-03-06 00:02:08,324 | INFO : Epoch 37 Validation Summary: epoch: 37.000000 | loss: 0.105798 | 
2025-03-06 00:02:08,370 | INFO : Evaluating on validation set ...
2025-03-06 00:02:08,370 | INFO : Evaluating on validation set ...
2025-03-06 00:02:08,370 | INFO : Evaluating on validation set ...
2025-03-06 00:02:08,370 | INFO : Evaluating on validation set ...
2025-03-06 00:02:08,370 | INFO : Evaluating on validation set ...
2025-03-06 00:02:08,370 | INFO : Evaluating on validation set ...
2025-03-06 00:02:08,370 | INFO : Evaluating on validation set ...
2025-03-06 00:02:08,370 | INFO : Evaluating on validation set ...
2025-03-06 00:02:08,703 | INFO : Validation runtime: 0.0 hours, 0.0 minutes, 0.3315749168395996 seconds

2025-03-06 00:02:08,703 | INFO : Validation runtime: 0.0 hours, 0.0 minutes, 0.3315749168395996 seconds

2025-03-06 00:02:08,703 | INFO : Validation runtime: 0.0 hours, 0.0 minutes, 0.3315749168395996 seconds

2025-03-06 00:02:08,703 | INFO : Validation runtime: 0.0 hours, 0.0 minutes, 0.3315749168395996 seconds

2025-03-06 00:02:08,703 | INFO : Validation runtime: 0.0 hours, 0.0 minutes, 0.3315749168395996 seconds

2025-03-06 00:02:08,703 | INFO : Validation runtime: 0.0 hours, 0.0 minutes, 0.3315749168395996 seconds

2025-03-06 00:02:08,703 | INFO : Validation runtime: 0.0 hours, 0.0 minutes, 0.3315749168395996 seconds

2025-03-06 00:02:08,703 | INFO : Validation runtime: 0.0 hours, 0.0 minutes, 0.3315749168395996 seconds

2025-03-06 00:02:08,705 | INFO : Avg val. time: 0.0 hours, 0.0 minutes, 0.3379373183617225 seconds
2025-03-06 00:02:08,705 | INFO : Avg val. time: 0.0 hours, 0.0 minutes, 0.3379373183617225 seconds
2025-03-06 00:02:08,705 | INFO : Avg val. time: 0.0 hours, 0.0 minutes, 0.3379373183617225 seconds
2025-03-06 00:02:08,705 | INFO : Avg val. time: 0.0 hours, 0.0 minutes, 0.3379373183617225 seconds
2025-03-06 00:02:08,705 | INFO : Avg val. time: 0.0 hours, 0.0 minutes, 0.3379373183617225 seconds
2025-03-06 00:02:08,705 | INFO : Avg val. time: 0.0 hours, 0.0 minutes, 0.3379373183617225 seconds
2025-03-06 00:02:08,705 | INFO : Avg val. time: 0.0 hours, 0.0 minutes, 0.3379373183617225 seconds
2025-03-06 00:02:08,705 | INFO : Avg val. time: 0.0 hours, 0.0 minutes, 0.3379373183617225 seconds
2025-03-06 00:02:08,706 | INFO : Avg batch val. time: 0.008448432959043062 seconds
2025-03-06 00:02:08,706 | INFO : Avg batch val. time: 0.008448432959043062 seconds
2025-03-06 00:02:08,706 | INFO : Avg batch val. time: 0.008448432959043062 seconds
2025-03-06 00:02:08,706 | INFO : Avg batch val. time: 0.008448432959043062 seconds
2025-03-06 00:02:08,706 | INFO : Avg batch val. time: 0.008448432959043062 seconds
2025-03-06 00:02:08,706 | INFO : Avg batch val. time: 0.008448432959043062 seconds
2025-03-06 00:02:08,706 | INFO : Avg batch val. time: 0.008448432959043062 seconds
2025-03-06 00:02:08,706 | INFO : Avg batch val. time: 0.008448432959043062 seconds
2025-03-06 00:02:08,708 | INFO : Avg sample val. time: 0.008448432959043062 seconds
2025-03-06 00:02:08,708 | INFO : Avg sample val. time: 0.008448432959043062 seconds
2025-03-06 00:02:08,708 | INFO : Avg sample val. time: 0.008448432959043062 seconds
2025-03-06 00:02:08,708 | INFO : Avg sample val. time: 0.008448432959043062 seconds
2025-03-06 00:02:08,708 | INFO : Avg sample val. time: 0.008448432959043062 seconds
2025-03-06 00:02:08,708 | INFO : Avg sample val. time: 0.008448432959043062 seconds
2025-03-06 00:02:08,708 | INFO : Avg sample val. time: 0.008448432959043062 seconds
2025-03-06 00:02:08,708 | INFO : Avg sample val. time: 0.008448432959043062 seconds
2025-03-06 00:02:08,709 | INFO : Epoch 38 Validation Summary: epoch: 38.000000 | loss: 0.104245 | 
2025-03-06 00:02:08,709 | INFO : Epoch 38 Validation Summary: epoch: 38.000000 | loss: 0.104245 | 
2025-03-06 00:02:08,709 | INFO : Epoch 38 Validation Summary: epoch: 38.000000 | loss: 0.104245 | 
2025-03-06 00:02:08,709 | INFO : Epoch 38 Validation Summary: epoch: 38.000000 | loss: 0.104245 | 
2025-03-06 00:02:08,709 | INFO : Epoch 38 Validation Summary: epoch: 38.000000 | loss: 0.104245 | 
2025-03-06 00:02:08,709 | INFO : Epoch 38 Validation Summary: epoch: 38.000000 | loss: 0.104245 | 
2025-03-06 00:02:08,709 | INFO : Epoch 38 Validation Summary: epoch: 38.000000 | loss: 0.104245 | 
2025-03-06 00:02:08,709 | INFO : Epoch 38 Validation Summary: epoch: 38.000000 | loss: 0.104245 | 
2025-03-06 00:02:08,756 | INFO : Evaluating on validation set ...
2025-03-06 00:02:08,756 | INFO : Evaluating on validation set ...
2025-03-06 00:02:08,756 | INFO : Evaluating on validation set ...
2025-03-06 00:02:08,756 | INFO : Evaluating on validation set ...
2025-03-06 00:02:08,756 | INFO : Evaluating on validation set ...
2025-03-06 00:02:08,756 | INFO : Evaluating on validation set ...
2025-03-06 00:02:08,756 | INFO : Evaluating on validation set ...
2025-03-06 00:02:08,756 | INFO : Evaluating on validation set ...
2025-03-06 00:02:09,094 | INFO : Validation runtime: 0.0 hours, 0.0 minutes, 0.33701372146606445 seconds

2025-03-06 00:02:09,094 | INFO : Validation runtime: 0.0 hours, 0.0 minutes, 0.33701372146606445 seconds

2025-03-06 00:02:09,094 | INFO : Validation runtime: 0.0 hours, 0.0 minutes, 0.33701372146606445 seconds

2025-03-06 00:02:09,094 | INFO : Validation runtime: 0.0 hours, 0.0 minutes, 0.33701372146606445 seconds

2025-03-06 00:02:09,094 | INFO : Validation runtime: 0.0 hours, 0.0 minutes, 0.33701372146606445 seconds

2025-03-06 00:02:09,094 | INFO : Validation runtime: 0.0 hours, 0.0 minutes, 0.33701372146606445 seconds

2025-03-06 00:02:09,094 | INFO : Validation runtime: 0.0 hours, 0.0 minutes, 0.33701372146606445 seconds

2025-03-06 00:02:09,094 | INFO : Validation runtime: 0.0 hours, 0.0 minutes, 0.33701372146606445 seconds

2025-03-06 00:02:09,096 | INFO : Avg val. time: 0.0 hours, 0.0 minutes, 0.33791422843933105 seconds
2025-03-06 00:02:09,096 | INFO : Avg val. time: 0.0 hours, 0.0 minutes, 0.33791422843933105 seconds
2025-03-06 00:02:09,096 | INFO : Avg val. time: 0.0 hours, 0.0 minutes, 0.33791422843933105 seconds
2025-03-06 00:02:09,096 | INFO : Avg val. time: 0.0 hours, 0.0 minutes, 0.33791422843933105 seconds
2025-03-06 00:02:09,096 | INFO : Avg val. time: 0.0 hours, 0.0 minutes, 0.33791422843933105 seconds
2025-03-06 00:02:09,096 | INFO : Avg val. time: 0.0 hours, 0.0 minutes, 0.33791422843933105 seconds
2025-03-06 00:02:09,096 | INFO : Avg val. time: 0.0 hours, 0.0 minutes, 0.33791422843933105 seconds
2025-03-06 00:02:09,096 | INFO : Avg val. time: 0.0 hours, 0.0 minutes, 0.33791422843933105 seconds
2025-03-06 00:02:09,098 | INFO : Avg batch val. time: 0.008447855710983276 seconds
2025-03-06 00:02:09,098 | INFO : Avg batch val. time: 0.008447855710983276 seconds
2025-03-06 00:02:09,098 | INFO : Avg batch val. time: 0.008447855710983276 seconds
2025-03-06 00:02:09,098 | INFO : Avg batch val. time: 0.008447855710983276 seconds
2025-03-06 00:02:09,098 | INFO : Avg batch val. time: 0.008447855710983276 seconds
2025-03-06 00:02:09,098 | INFO : Avg batch val. time: 0.008447855710983276 seconds
2025-03-06 00:02:09,098 | INFO : Avg batch val. time: 0.008447855710983276 seconds
2025-03-06 00:02:09,098 | INFO : Avg batch val. time: 0.008447855710983276 seconds
2025-03-06 00:02:09,099 | INFO : Avg sample val. time: 0.008447855710983276 seconds
2025-03-06 00:02:09,099 | INFO : Avg sample val. time: 0.008447855710983276 seconds
2025-03-06 00:02:09,099 | INFO : Avg sample val. time: 0.008447855710983276 seconds
2025-03-06 00:02:09,099 | INFO : Avg sample val. time: 0.008447855710983276 seconds
2025-03-06 00:02:09,099 | INFO : Avg sample val. time: 0.008447855710983276 seconds
2025-03-06 00:02:09,099 | INFO : Avg sample val. time: 0.008447855710983276 seconds
2025-03-06 00:02:09,099 | INFO : Avg sample val. time: 0.008447855710983276 seconds
2025-03-06 00:02:09,099 | INFO : Avg sample val. time: 0.008447855710983276 seconds
2025-03-06 00:02:09,101 | INFO : Epoch 39 Validation Summary: epoch: 39.000000 | loss: 0.102759 | 
2025-03-06 00:02:09,101 | INFO : Epoch 39 Validation Summary: epoch: 39.000000 | loss: 0.102759 | 
2025-03-06 00:02:09,101 | INFO : Epoch 39 Validation Summary: epoch: 39.000000 | loss: 0.102759 | 
2025-03-06 00:02:09,101 | INFO : Epoch 39 Validation Summary: epoch: 39.000000 | loss: 0.102759 | 
2025-03-06 00:02:09,101 | INFO : Epoch 39 Validation Summary: epoch: 39.000000 | loss: 0.102759 | 
2025-03-06 00:02:09,101 | INFO : Epoch 39 Validation Summary: epoch: 39.000000 | loss: 0.102759 | 
2025-03-06 00:02:09,101 | INFO : Epoch 39 Validation Summary: epoch: 39.000000 | loss: 0.102759 | 
2025-03-06 00:02:09,101 | INFO : Epoch 39 Validation Summary: epoch: 39.000000 | loss: 0.102759 | 
2025-03-06 00:02:09,147 | INFO : Evaluating on validation set ...
2025-03-06 00:02:09,147 | INFO : Evaluating on validation set ...
2025-03-06 00:02:09,147 | INFO : Evaluating on validation set ...
2025-03-06 00:02:09,147 | INFO : Evaluating on validation set ...
2025-03-06 00:02:09,147 | INFO : Evaluating on validation set ...
2025-03-06 00:02:09,147 | INFO : Evaluating on validation set ...
2025-03-06 00:02:09,147 | INFO : Evaluating on validation set ...
2025-03-06 00:02:09,147 | INFO : Evaluating on validation set ...
2025-03-06 00:02:09,486 | INFO : Validation runtime: 0.0 hours, 0.0 minutes, 0.3379178047180176 seconds

2025-03-06 00:02:09,486 | INFO : Validation runtime: 0.0 hours, 0.0 minutes, 0.3379178047180176 seconds

2025-03-06 00:02:09,486 | INFO : Validation runtime: 0.0 hours, 0.0 minutes, 0.3379178047180176 seconds

2025-03-06 00:02:09,486 | INFO : Validation runtime: 0.0 hours, 0.0 minutes, 0.3379178047180176 seconds

2025-03-06 00:02:09,486 | INFO : Validation runtime: 0.0 hours, 0.0 minutes, 0.3379178047180176 seconds

2025-03-06 00:02:09,486 | INFO : Validation runtime: 0.0 hours, 0.0 minutes, 0.3379178047180176 seconds

2025-03-06 00:02:09,486 | INFO : Validation runtime: 0.0 hours, 0.0 minutes, 0.3379178047180176 seconds

2025-03-06 00:02:09,486 | INFO : Validation runtime: 0.0 hours, 0.0 minutes, 0.3379178047180176 seconds

2025-03-06 00:02:09,488 | INFO : Avg val. time: 0.0 hours, 0.0 minutes, 0.3379143156656405 seconds
2025-03-06 00:02:09,488 | INFO : Avg val. time: 0.0 hours, 0.0 minutes, 0.3379143156656405 seconds
2025-03-06 00:02:09,488 | INFO : Avg val. time: 0.0 hours, 0.0 minutes, 0.3379143156656405 seconds
2025-03-06 00:02:09,488 | INFO : Avg val. time: 0.0 hours, 0.0 minutes, 0.3379143156656405 seconds
2025-03-06 00:02:09,488 | INFO : Avg val. time: 0.0 hours, 0.0 minutes, 0.3379143156656405 seconds
2025-03-06 00:02:09,488 | INFO : Avg val. time: 0.0 hours, 0.0 minutes, 0.3379143156656405 seconds
2025-03-06 00:02:09,488 | INFO : Avg val. time: 0.0 hours, 0.0 minutes, 0.3379143156656405 seconds
2025-03-06 00:02:09,488 | INFO : Avg val. time: 0.0 hours, 0.0 minutes, 0.3379143156656405 seconds
2025-03-06 00:02:09,490 | INFO : Avg batch val. time: 0.008447857891641012 seconds
2025-03-06 00:02:09,490 | INFO : Avg batch val. time: 0.008447857891641012 seconds
2025-03-06 00:02:09,490 | INFO : Avg batch val. time: 0.008447857891641012 seconds
2025-03-06 00:02:09,490 | INFO : Avg batch val. time: 0.008447857891641012 seconds
2025-03-06 00:02:09,490 | INFO : Avg batch val. time: 0.008447857891641012 seconds
2025-03-06 00:02:09,490 | INFO : Avg batch val. time: 0.008447857891641012 seconds
2025-03-06 00:02:09,490 | INFO : Avg batch val. time: 0.008447857891641012 seconds
2025-03-06 00:02:09,490 | INFO : Avg batch val. time: 0.008447857891641012 seconds
2025-03-06 00:02:09,491 | INFO : Avg sample val. time: 0.008447857891641012 seconds
2025-03-06 00:02:09,491 | INFO : Avg sample val. time: 0.008447857891641012 seconds
2025-03-06 00:02:09,491 | INFO : Avg sample val. time: 0.008447857891641012 seconds
2025-03-06 00:02:09,491 | INFO : Avg sample val. time: 0.008447857891641012 seconds
2025-03-06 00:02:09,491 | INFO : Avg sample val. time: 0.008447857891641012 seconds
2025-03-06 00:02:09,491 | INFO : Avg sample val. time: 0.008447857891641012 seconds
2025-03-06 00:02:09,491 | INFO : Avg sample val. time: 0.008447857891641012 seconds
2025-03-06 00:02:09,491 | INFO : Avg sample val. time: 0.008447857891641012 seconds
2025-03-06 00:02:09,493 | INFO : Epoch 40 Validation Summary: epoch: 40.000000 | loss: 0.101333 | 
2025-03-06 00:02:09,493 | INFO : Epoch 40 Validation Summary: epoch: 40.000000 | loss: 0.101333 | 
2025-03-06 00:02:09,493 | INFO : Epoch 40 Validation Summary: epoch: 40.000000 | loss: 0.101333 | 
2025-03-06 00:02:09,493 | INFO : Epoch 40 Validation Summary: epoch: 40.000000 | loss: 0.101333 | 
2025-03-06 00:02:09,493 | INFO : Epoch 40 Validation Summary: epoch: 40.000000 | loss: 0.101333 | 
2025-03-06 00:02:09,493 | INFO : Epoch 40 Validation Summary: epoch: 40.000000 | loss: 0.101333 | 
2025-03-06 00:02:09,493 | INFO : Epoch 40 Validation Summary: epoch: 40.000000 | loss: 0.101333 | 
2025-03-06 00:02:09,493 | INFO : Epoch 40 Validation Summary: epoch: 40.000000 | loss: 0.101333 | 
2025-03-06 00:02:09,541 | INFO : Evaluating on validation set ...
2025-03-06 00:02:09,541 | INFO : Evaluating on validation set ...
2025-03-06 00:02:09,541 | INFO : Evaluating on validation set ...
2025-03-06 00:02:09,541 | INFO : Evaluating on validation set ...
2025-03-06 00:02:09,541 | INFO : Evaluating on validation set ...
2025-03-06 00:02:09,541 | INFO : Evaluating on validation set ...
2025-03-06 00:02:09,541 | INFO : Evaluating on validation set ...
2025-03-06 00:02:09,541 | INFO : Evaluating on validation set ...
2025-03-06 00:02:09,880 | INFO : Validation runtime: 0.0 hours, 0.0 minutes, 0.33801817893981934 seconds

2025-03-06 00:02:09,880 | INFO : Validation runtime: 0.0 hours, 0.0 minutes, 0.33801817893981934 seconds

2025-03-06 00:02:09,880 | INFO : Validation runtime: 0.0 hours, 0.0 minutes, 0.33801817893981934 seconds

2025-03-06 00:02:09,880 | INFO : Validation runtime: 0.0 hours, 0.0 minutes, 0.33801817893981934 seconds

2025-03-06 00:02:09,880 | INFO : Validation runtime: 0.0 hours, 0.0 minutes, 0.33801817893981934 seconds

2025-03-06 00:02:09,880 | INFO : Validation runtime: 0.0 hours, 0.0 minutes, 0.33801817893981934 seconds

2025-03-06 00:02:09,880 | INFO : Validation runtime: 0.0 hours, 0.0 minutes, 0.33801817893981934 seconds

2025-03-06 00:02:09,880 | INFO : Validation runtime: 0.0 hours, 0.0 minutes, 0.33801817893981934 seconds

2025-03-06 00:02:09,882 | INFO : Avg val. time: 0.0 hours, 0.0 minutes, 0.33791678860074 seconds
2025-03-06 00:02:09,882 | INFO : Avg val. time: 0.0 hours, 0.0 minutes, 0.33791678860074 seconds
2025-03-06 00:02:09,882 | INFO : Avg val. time: 0.0 hours, 0.0 minutes, 0.33791678860074 seconds
2025-03-06 00:02:09,882 | INFO : Avg val. time: 0.0 hours, 0.0 minutes, 0.33791678860074 seconds
2025-03-06 00:02:09,882 | INFO : Avg val. time: 0.0 hours, 0.0 minutes, 0.33791678860074 seconds
2025-03-06 00:02:09,882 | INFO : Avg val. time: 0.0 hours, 0.0 minutes, 0.33791678860074 seconds
2025-03-06 00:02:09,882 | INFO : Avg val. time: 0.0 hours, 0.0 minutes, 0.33791678860074 seconds
2025-03-06 00:02:09,882 | INFO : Avg val. time: 0.0 hours, 0.0 minutes, 0.33791678860074 seconds
2025-03-06 00:02:09,884 | INFO : Avg batch val. time: 0.0084479197150185 seconds
2025-03-06 00:02:09,884 | INFO : Avg batch val. time: 0.0084479197150185 seconds
2025-03-06 00:02:09,884 | INFO : Avg batch val. time: 0.0084479197150185 seconds
2025-03-06 00:02:09,884 | INFO : Avg batch val. time: 0.0084479197150185 seconds
2025-03-06 00:02:09,884 | INFO : Avg batch val. time: 0.0084479197150185 seconds
2025-03-06 00:02:09,884 | INFO : Avg batch val. time: 0.0084479197150185 seconds
2025-03-06 00:02:09,884 | INFO : Avg batch val. time: 0.0084479197150185 seconds
2025-03-06 00:02:09,884 | INFO : Avg batch val. time: 0.0084479197150185 seconds
2025-03-06 00:02:09,885 | INFO : Avg sample val. time: 0.0084479197150185 seconds
2025-03-06 00:02:09,885 | INFO : Avg sample val. time: 0.0084479197150185 seconds
2025-03-06 00:02:09,885 | INFO : Avg sample val. time: 0.0084479197150185 seconds
2025-03-06 00:02:09,885 | INFO : Avg sample val. time: 0.0084479197150185 seconds
2025-03-06 00:02:09,885 | INFO : Avg sample val. time: 0.0084479197150185 seconds
2025-03-06 00:02:09,885 | INFO : Avg sample val. time: 0.0084479197150185 seconds
2025-03-06 00:02:09,885 | INFO : Avg sample val. time: 0.0084479197150185 seconds
2025-03-06 00:02:09,885 | INFO : Avg sample val. time: 0.0084479197150185 seconds
2025-03-06 00:02:09,887 | INFO : Epoch 41 Validation Summary: epoch: 41.000000 | loss: 0.099959 | 
2025-03-06 00:02:09,887 | INFO : Epoch 41 Validation Summary: epoch: 41.000000 | loss: 0.099959 | 
2025-03-06 00:02:09,887 | INFO : Epoch 41 Validation Summary: epoch: 41.000000 | loss: 0.099959 | 
2025-03-06 00:02:09,887 | INFO : Epoch 41 Validation Summary: epoch: 41.000000 | loss: 0.099959 | 
2025-03-06 00:02:09,887 | INFO : Epoch 41 Validation Summary: epoch: 41.000000 | loss: 0.099959 | 
2025-03-06 00:02:09,887 | INFO : Epoch 41 Validation Summary: epoch: 41.000000 | loss: 0.099959 | 
2025-03-06 00:02:09,887 | INFO : Epoch 41 Validation Summary: epoch: 41.000000 | loss: 0.099959 | 
2025-03-06 00:02:09,887 | INFO : Epoch 41 Validation Summary: epoch: 41.000000 | loss: 0.099959 | 
2025-03-06 00:02:09,932 | INFO : Evaluating on validation set ...
2025-03-06 00:02:09,932 | INFO : Evaluating on validation set ...
2025-03-06 00:02:09,932 | INFO : Evaluating on validation set ...
2025-03-06 00:02:09,932 | INFO : Evaluating on validation set ...
2025-03-06 00:02:09,932 | INFO : Evaluating on validation set ...
2025-03-06 00:02:09,932 | INFO : Evaluating on validation set ...
2025-03-06 00:02:09,932 | INFO : Evaluating on validation set ...
2025-03-06 00:02:09,932 | INFO : Evaluating on validation set ...
2025-03-06 00:02:10,262 | INFO : Validation runtime: 0.0 hours, 0.0 minutes, 0.3282191753387451 seconds

2025-03-06 00:02:10,262 | INFO : Validation runtime: 0.0 hours, 0.0 minutes, 0.3282191753387451 seconds

2025-03-06 00:02:10,262 | INFO : Validation runtime: 0.0 hours, 0.0 minutes, 0.3282191753387451 seconds

2025-03-06 00:02:10,262 | INFO : Validation runtime: 0.0 hours, 0.0 minutes, 0.3282191753387451 seconds

2025-03-06 00:02:10,262 | INFO : Validation runtime: 0.0 hours, 0.0 minutes, 0.3282191753387451 seconds

2025-03-06 00:02:10,262 | INFO : Validation runtime: 0.0 hours, 0.0 minutes, 0.3282191753387451 seconds

2025-03-06 00:02:10,262 | INFO : Validation runtime: 0.0 hours, 0.0 minutes, 0.3282191753387451 seconds

2025-03-06 00:02:10,262 | INFO : Validation runtime: 0.0 hours, 0.0 minutes, 0.3282191753387451 seconds

2025-03-06 00:02:10,264 | INFO : Avg val. time: 0.0 hours, 0.0 minutes, 0.33769126271092614 seconds
2025-03-06 00:02:10,264 | INFO : Avg val. time: 0.0 hours, 0.0 minutes, 0.33769126271092614 seconds
2025-03-06 00:02:10,264 | INFO : Avg val. time: 0.0 hours, 0.0 minutes, 0.33769126271092614 seconds
2025-03-06 00:02:10,264 | INFO : Avg val. time: 0.0 hours, 0.0 minutes, 0.33769126271092614 seconds
2025-03-06 00:02:10,264 | INFO : Avg val. time: 0.0 hours, 0.0 minutes, 0.33769126271092614 seconds
2025-03-06 00:02:10,264 | INFO : Avg val. time: 0.0 hours, 0.0 minutes, 0.33769126271092614 seconds
2025-03-06 00:02:10,264 | INFO : Avg val. time: 0.0 hours, 0.0 minutes, 0.33769126271092614 seconds
2025-03-06 00:02:10,264 | INFO : Avg val. time: 0.0 hours, 0.0 minutes, 0.33769126271092614 seconds
2025-03-06 00:02:10,265 | INFO : Avg batch val. time: 0.008442281567773154 seconds
2025-03-06 00:02:10,265 | INFO : Avg batch val. time: 0.008442281567773154 seconds
2025-03-06 00:02:10,265 | INFO : Avg batch val. time: 0.008442281567773154 seconds
2025-03-06 00:02:10,265 | INFO : Avg batch val. time: 0.008442281567773154 seconds
2025-03-06 00:02:10,265 | INFO : Avg batch val. time: 0.008442281567773154 seconds
2025-03-06 00:02:10,265 | INFO : Avg batch val. time: 0.008442281567773154 seconds
2025-03-06 00:02:10,265 | INFO : Avg batch val. time: 0.008442281567773154 seconds
2025-03-06 00:02:10,265 | INFO : Avg batch val. time: 0.008442281567773154 seconds
2025-03-06 00:02:10,267 | INFO : Avg sample val. time: 0.008442281567773154 seconds
2025-03-06 00:02:10,267 | INFO : Avg sample val. time: 0.008442281567773154 seconds
2025-03-06 00:02:10,267 | INFO : Avg sample val. time: 0.008442281567773154 seconds
2025-03-06 00:02:10,267 | INFO : Avg sample val. time: 0.008442281567773154 seconds
2025-03-06 00:02:10,267 | INFO : Avg sample val. time: 0.008442281567773154 seconds
2025-03-06 00:02:10,267 | INFO : Avg sample val. time: 0.008442281567773154 seconds
2025-03-06 00:02:10,267 | INFO : Avg sample val. time: 0.008442281567773154 seconds
2025-03-06 00:02:10,267 | INFO : Avg sample val. time: 0.008442281567773154 seconds
2025-03-06 00:02:10,268 | INFO : Epoch 42 Validation Summary: epoch: 42.000000 | loss: 0.098631 | 
2025-03-06 00:02:10,268 | INFO : Epoch 42 Validation Summary: epoch: 42.000000 | loss: 0.098631 | 
2025-03-06 00:02:10,268 | INFO : Epoch 42 Validation Summary: epoch: 42.000000 | loss: 0.098631 | 
2025-03-06 00:02:10,268 | INFO : Epoch 42 Validation Summary: epoch: 42.000000 | loss: 0.098631 | 
2025-03-06 00:02:10,268 | INFO : Epoch 42 Validation Summary: epoch: 42.000000 | loss: 0.098631 | 
2025-03-06 00:02:10,268 | INFO : Epoch 42 Validation Summary: epoch: 42.000000 | loss: 0.098631 | 
2025-03-06 00:02:10,268 | INFO : Epoch 42 Validation Summary: epoch: 42.000000 | loss: 0.098631 | 
2025-03-06 00:02:10,268 | INFO : Epoch 42 Validation Summary: epoch: 42.000000 | loss: 0.098631 | 
2025-03-06 00:02:10,314 | INFO : Evaluating on validation set ...
2025-03-06 00:02:10,314 | INFO : Evaluating on validation set ...
2025-03-06 00:02:10,314 | INFO : Evaluating on validation set ...
2025-03-06 00:02:10,314 | INFO : Evaluating on validation set ...
2025-03-06 00:02:10,314 | INFO : Evaluating on validation set ...
2025-03-06 00:02:10,314 | INFO : Evaluating on validation set ...
2025-03-06 00:02:10,314 | INFO : Evaluating on validation set ...
2025-03-06 00:02:10,314 | INFO : Evaluating on validation set ...
2025-03-06 00:02:10,650 | INFO : Validation runtime: 0.0 hours, 0.0 minutes, 0.33411121368408203 seconds

2025-03-06 00:02:10,650 | INFO : Validation runtime: 0.0 hours, 0.0 minutes, 0.33411121368408203 seconds

2025-03-06 00:02:10,650 | INFO : Validation runtime: 0.0 hours, 0.0 minutes, 0.33411121368408203 seconds

2025-03-06 00:02:10,650 | INFO : Validation runtime: 0.0 hours, 0.0 minutes, 0.33411121368408203 seconds

2025-03-06 00:02:10,650 | INFO : Validation runtime: 0.0 hours, 0.0 minutes, 0.33411121368408203 seconds

2025-03-06 00:02:10,650 | INFO : Validation runtime: 0.0 hours, 0.0 minutes, 0.33411121368408203 seconds

2025-03-06 00:02:10,650 | INFO : Validation runtime: 0.0 hours, 0.0 minutes, 0.33411121368408203 seconds

2025-03-06 00:02:10,650 | INFO : Validation runtime: 0.0 hours, 0.0 minutes, 0.33411121368408203 seconds

2025-03-06 00:02:10,651 | INFO : Avg val. time: 0.0 hours, 0.0 minutes, 0.33760989796031604 seconds
2025-03-06 00:02:10,651 | INFO : Avg val. time: 0.0 hours, 0.0 minutes, 0.33760989796031604 seconds
2025-03-06 00:02:10,651 | INFO : Avg val. time: 0.0 hours, 0.0 minutes, 0.33760989796031604 seconds
2025-03-06 00:02:10,651 | INFO : Avg val. time: 0.0 hours, 0.0 minutes, 0.33760989796031604 seconds
2025-03-06 00:02:10,651 | INFO : Avg val. time: 0.0 hours, 0.0 minutes, 0.33760989796031604 seconds
2025-03-06 00:02:10,651 | INFO : Avg val. time: 0.0 hours, 0.0 minutes, 0.33760989796031604 seconds
2025-03-06 00:02:10,651 | INFO : Avg val. time: 0.0 hours, 0.0 minutes, 0.33760989796031604 seconds
2025-03-06 00:02:10,651 | INFO : Avg val. time: 0.0 hours, 0.0 minutes, 0.33760989796031604 seconds
2025-03-06 00:02:10,653 | INFO : Avg batch val. time: 0.008440247449007902 seconds
2025-03-06 00:02:10,653 | INFO : Avg batch val. time: 0.008440247449007902 seconds
2025-03-06 00:02:10,653 | INFO : Avg batch val. time: 0.008440247449007902 seconds
2025-03-06 00:02:10,653 | INFO : Avg batch val. time: 0.008440247449007902 seconds
2025-03-06 00:02:10,653 | INFO : Avg batch val. time: 0.008440247449007902 seconds
2025-03-06 00:02:10,653 | INFO : Avg batch val. time: 0.008440247449007902 seconds
2025-03-06 00:02:10,653 | INFO : Avg batch val. time: 0.008440247449007902 seconds
2025-03-06 00:02:10,653 | INFO : Avg batch val. time: 0.008440247449007902 seconds
2025-03-06 00:02:10,655 | INFO : Avg sample val. time: 0.008440247449007902 seconds
2025-03-06 00:02:10,655 | INFO : Avg sample val. time: 0.008440247449007902 seconds
2025-03-06 00:02:10,655 | INFO : Avg sample val. time: 0.008440247449007902 seconds
2025-03-06 00:02:10,655 | INFO : Avg sample val. time: 0.008440247449007902 seconds
2025-03-06 00:02:10,655 | INFO : Avg sample val. time: 0.008440247449007902 seconds
2025-03-06 00:02:10,655 | INFO : Avg sample val. time: 0.008440247449007902 seconds
2025-03-06 00:02:10,655 | INFO : Avg sample val. time: 0.008440247449007902 seconds
2025-03-06 00:02:10,655 | INFO : Avg sample val. time: 0.008440247449007902 seconds
2025-03-06 00:02:10,656 | INFO : Epoch 43 Validation Summary: epoch: 43.000000 | loss: 0.097350 | 
2025-03-06 00:02:10,656 | INFO : Epoch 43 Validation Summary: epoch: 43.000000 | loss: 0.097350 | 
2025-03-06 00:02:10,656 | INFO : Epoch 43 Validation Summary: epoch: 43.000000 | loss: 0.097350 | 
2025-03-06 00:02:10,656 | INFO : Epoch 43 Validation Summary: epoch: 43.000000 | loss: 0.097350 | 
2025-03-06 00:02:10,656 | INFO : Epoch 43 Validation Summary: epoch: 43.000000 | loss: 0.097350 | 
2025-03-06 00:02:10,656 | INFO : Epoch 43 Validation Summary: epoch: 43.000000 | loss: 0.097350 | 
2025-03-06 00:02:10,656 | INFO : Epoch 43 Validation Summary: epoch: 43.000000 | loss: 0.097350 | 
2025-03-06 00:02:10,656 | INFO : Epoch 43 Validation Summary: epoch: 43.000000 | loss: 0.097350 | 
2025-03-06 00:02:10,702 | INFO : Evaluating on validation set ...
2025-03-06 00:02:10,702 | INFO : Evaluating on validation set ...
2025-03-06 00:02:10,702 | INFO : Evaluating on validation set ...
2025-03-06 00:02:10,702 | INFO : Evaluating on validation set ...
2025-03-06 00:02:10,702 | INFO : Evaluating on validation set ...
2025-03-06 00:02:10,702 | INFO : Evaluating on validation set ...
2025-03-06 00:02:10,702 | INFO : Evaluating on validation set ...
2025-03-06 00:02:10,702 | INFO : Evaluating on validation set ...
2025-03-06 00:02:11,042 | INFO : Validation runtime: 0.0 hours, 0.0 minutes, 0.338228702545166 seconds

2025-03-06 00:02:11,042 | INFO : Validation runtime: 0.0 hours, 0.0 minutes, 0.338228702545166 seconds

2025-03-06 00:02:11,042 | INFO : Validation runtime: 0.0 hours, 0.0 minutes, 0.338228702545166 seconds

2025-03-06 00:02:11,042 | INFO : Validation runtime: 0.0 hours, 0.0 minutes, 0.338228702545166 seconds

2025-03-06 00:02:11,042 | INFO : Validation runtime: 0.0 hours, 0.0 minutes, 0.338228702545166 seconds

2025-03-06 00:02:11,042 | INFO : Validation runtime: 0.0 hours, 0.0 minutes, 0.338228702545166 seconds

2025-03-06 00:02:11,042 | INFO : Validation runtime: 0.0 hours, 0.0 minutes, 0.338228702545166 seconds

2025-03-06 00:02:11,042 | INFO : Validation runtime: 0.0 hours, 0.0 minutes, 0.338228702545166 seconds

2025-03-06 00:02:11,044 | INFO : Avg val. time: 0.0 hours, 0.0 minutes, 0.3376236491733127 seconds
2025-03-06 00:02:11,044 | INFO : Avg val. time: 0.0 hours, 0.0 minutes, 0.3376236491733127 seconds
2025-03-06 00:02:11,044 | INFO : Avg val. time: 0.0 hours, 0.0 minutes, 0.3376236491733127 seconds
2025-03-06 00:02:11,044 | INFO : Avg val. time: 0.0 hours, 0.0 minutes, 0.3376236491733127 seconds
2025-03-06 00:02:11,044 | INFO : Avg val. time: 0.0 hours, 0.0 minutes, 0.3376236491733127 seconds
2025-03-06 00:02:11,044 | INFO : Avg val. time: 0.0 hours, 0.0 minutes, 0.3376236491733127 seconds
2025-03-06 00:02:11,044 | INFO : Avg val. time: 0.0 hours, 0.0 minutes, 0.3376236491733127 seconds
2025-03-06 00:02:11,044 | INFO : Avg val. time: 0.0 hours, 0.0 minutes, 0.3376236491733127 seconds
2025-03-06 00:02:11,045 | INFO : Avg batch val. time: 0.008440591229332817 seconds
2025-03-06 00:02:11,045 | INFO : Avg batch val. time: 0.008440591229332817 seconds
2025-03-06 00:02:11,045 | INFO : Avg batch val. time: 0.008440591229332817 seconds
2025-03-06 00:02:11,045 | INFO : Avg batch val. time: 0.008440591229332817 seconds
2025-03-06 00:02:11,045 | INFO : Avg batch val. time: 0.008440591229332817 seconds
2025-03-06 00:02:11,045 | INFO : Avg batch val. time: 0.008440591229332817 seconds
2025-03-06 00:02:11,045 | INFO : Avg batch val. time: 0.008440591229332817 seconds
2025-03-06 00:02:11,045 | INFO : Avg batch val. time: 0.008440591229332817 seconds
2025-03-06 00:02:11,051 | INFO : Avg sample val. time: 0.008440591229332817 seconds
2025-03-06 00:02:11,051 | INFO : Avg sample val. time: 0.008440591229332817 seconds
2025-03-06 00:02:11,051 | INFO : Avg sample val. time: 0.008440591229332817 seconds
2025-03-06 00:02:11,051 | INFO : Avg sample val. time: 0.008440591229332817 seconds
2025-03-06 00:02:11,051 | INFO : Avg sample val. time: 0.008440591229332817 seconds
2025-03-06 00:02:11,051 | INFO : Avg sample val. time: 0.008440591229332817 seconds
2025-03-06 00:02:11,051 | INFO : Avg sample val. time: 0.008440591229332817 seconds
2025-03-06 00:02:11,051 | INFO : Avg sample val. time: 0.008440591229332817 seconds
2025-03-06 00:02:11,052 | INFO : Epoch 44 Validation Summary: epoch: 44.000000 | loss: 0.096115 | 
2025-03-06 00:02:11,052 | INFO : Epoch 44 Validation Summary: epoch: 44.000000 | loss: 0.096115 | 
2025-03-06 00:02:11,052 | INFO : Epoch 44 Validation Summary: epoch: 44.000000 | loss: 0.096115 | 
2025-03-06 00:02:11,052 | INFO : Epoch 44 Validation Summary: epoch: 44.000000 | loss: 0.096115 | 
2025-03-06 00:02:11,052 | INFO : Epoch 44 Validation Summary: epoch: 44.000000 | loss: 0.096115 | 
2025-03-06 00:02:11,052 | INFO : Epoch 44 Validation Summary: epoch: 44.000000 | loss: 0.096115 | 
2025-03-06 00:02:11,052 | INFO : Epoch 44 Validation Summary: epoch: 44.000000 | loss: 0.096115 | 
2025-03-06 00:02:11,052 | INFO : Epoch 44 Validation Summary: epoch: 44.000000 | loss: 0.096115 | 
2025-03-06 00:02:11,105 | INFO : Evaluating on validation set ...
2025-03-06 00:02:11,105 | INFO : Evaluating on validation set ...
2025-03-06 00:02:11,105 | INFO : Evaluating on validation set ...
2025-03-06 00:02:11,105 | INFO : Evaluating on validation set ...
2025-03-06 00:02:11,105 | INFO : Evaluating on validation set ...
2025-03-06 00:02:11,105 | INFO : Evaluating on validation set ...
2025-03-06 00:02:11,105 | INFO : Evaluating on validation set ...
2025-03-06 00:02:11,105 | INFO : Evaluating on validation set ...
2025-03-06 00:02:11,444 | INFO : Validation runtime: 0.0 hours, 0.0 minutes, 0.3379945755004883 seconds

2025-03-06 00:02:11,444 | INFO : Validation runtime: 0.0 hours, 0.0 minutes, 0.3379945755004883 seconds

2025-03-06 00:02:11,444 | INFO : Validation runtime: 0.0 hours, 0.0 minutes, 0.3379945755004883 seconds

2025-03-06 00:02:11,444 | INFO : Validation runtime: 0.0 hours, 0.0 minutes, 0.3379945755004883 seconds

2025-03-06 00:02:11,444 | INFO : Validation runtime: 0.0 hours, 0.0 minutes, 0.3379945755004883 seconds

2025-03-06 00:02:11,444 | INFO : Validation runtime: 0.0 hours, 0.0 minutes, 0.3379945755004883 seconds

2025-03-06 00:02:11,444 | INFO : Validation runtime: 0.0 hours, 0.0 minutes, 0.3379945755004883 seconds

2025-03-06 00:02:11,444 | INFO : Validation runtime: 0.0 hours, 0.0 minutes, 0.3379945755004883 seconds

2025-03-06 00:02:11,446 | INFO : Avg val. time: 0.0 hours, 0.0 minutes, 0.3376317127891209 seconds
2025-03-06 00:02:11,446 | INFO : Avg val. time: 0.0 hours, 0.0 minutes, 0.3376317127891209 seconds
2025-03-06 00:02:11,446 | INFO : Avg val. time: 0.0 hours, 0.0 minutes, 0.3376317127891209 seconds
2025-03-06 00:02:11,446 | INFO : Avg val. time: 0.0 hours, 0.0 minutes, 0.3376317127891209 seconds
2025-03-06 00:02:11,446 | INFO : Avg val. time: 0.0 hours, 0.0 minutes, 0.3376317127891209 seconds
2025-03-06 00:02:11,446 | INFO : Avg val. time: 0.0 hours, 0.0 minutes, 0.3376317127891209 seconds
2025-03-06 00:02:11,446 | INFO : Avg val. time: 0.0 hours, 0.0 minutes, 0.3376317127891209 seconds
2025-03-06 00:02:11,446 | INFO : Avg val. time: 0.0 hours, 0.0 minutes, 0.3376317127891209 seconds
2025-03-06 00:02:11,448 | INFO : Avg batch val. time: 0.008440792819728022 seconds
2025-03-06 00:02:11,448 | INFO : Avg batch val. time: 0.008440792819728022 seconds
2025-03-06 00:02:11,448 | INFO : Avg batch val. time: 0.008440792819728022 seconds
2025-03-06 00:02:11,448 | INFO : Avg batch val. time: 0.008440792819728022 seconds
2025-03-06 00:02:11,448 | INFO : Avg batch val. time: 0.008440792819728022 seconds
2025-03-06 00:02:11,448 | INFO : Avg batch val. time: 0.008440792819728022 seconds
2025-03-06 00:02:11,448 | INFO : Avg batch val. time: 0.008440792819728022 seconds
2025-03-06 00:02:11,448 | INFO : Avg batch val. time: 0.008440792819728022 seconds
2025-03-06 00:02:11,449 | INFO : Avg sample val. time: 0.008440792819728022 seconds
2025-03-06 00:02:11,449 | INFO : Avg sample val. time: 0.008440792819728022 seconds
2025-03-06 00:02:11,449 | INFO : Avg sample val. time: 0.008440792819728022 seconds
2025-03-06 00:02:11,449 | INFO : Avg sample val. time: 0.008440792819728022 seconds
2025-03-06 00:02:11,449 | INFO : Avg sample val. time: 0.008440792819728022 seconds
2025-03-06 00:02:11,449 | INFO : Avg sample val. time: 0.008440792819728022 seconds
2025-03-06 00:02:11,449 | INFO : Avg sample val. time: 0.008440792819728022 seconds
2025-03-06 00:02:11,449 | INFO : Avg sample val. time: 0.008440792819728022 seconds
2025-03-06 00:02:11,450 | INFO : Epoch 45 Validation Summary: epoch: 45.000000 | loss: 0.094939 | 
2025-03-06 00:02:11,450 | INFO : Epoch 45 Validation Summary: epoch: 45.000000 | loss: 0.094939 | 
2025-03-06 00:02:11,450 | INFO : Epoch 45 Validation Summary: epoch: 45.000000 | loss: 0.094939 | 
2025-03-06 00:02:11,450 | INFO : Epoch 45 Validation Summary: epoch: 45.000000 | loss: 0.094939 | 
2025-03-06 00:02:11,450 | INFO : Epoch 45 Validation Summary: epoch: 45.000000 | loss: 0.094939 | 
2025-03-06 00:02:11,450 | INFO : Epoch 45 Validation Summary: epoch: 45.000000 | loss: 0.094939 | 
2025-03-06 00:02:11,450 | INFO : Epoch 45 Validation Summary: epoch: 45.000000 | loss: 0.094939 | 
2025-03-06 00:02:11,450 | INFO : Epoch 45 Validation Summary: epoch: 45.000000 | loss: 0.094939 | 
2025-03-06 00:02:11,497 | INFO : Evaluating on validation set ...
2025-03-06 00:02:11,497 | INFO : Evaluating on validation set ...
2025-03-06 00:02:11,497 | INFO : Evaluating on validation set ...
2025-03-06 00:02:11,497 | INFO : Evaluating on validation set ...
2025-03-06 00:02:11,497 | INFO : Evaluating on validation set ...
2025-03-06 00:02:11,497 | INFO : Evaluating on validation set ...
2025-03-06 00:02:11,497 | INFO : Evaluating on validation set ...
2025-03-06 00:02:11,497 | INFO : Evaluating on validation set ...
2025-03-06 00:02:11,833 | INFO : Validation runtime: 0.0 hours, 0.0 minutes, 0.33453798294067383 seconds

2025-03-06 00:02:11,833 | INFO : Validation runtime: 0.0 hours, 0.0 minutes, 0.33453798294067383 seconds

2025-03-06 00:02:11,833 | INFO : Validation runtime: 0.0 hours, 0.0 minutes, 0.33453798294067383 seconds

2025-03-06 00:02:11,833 | INFO : Validation runtime: 0.0 hours, 0.0 minutes, 0.33453798294067383 seconds

2025-03-06 00:02:11,833 | INFO : Validation runtime: 0.0 hours, 0.0 minutes, 0.33453798294067383 seconds

2025-03-06 00:02:11,833 | INFO : Validation runtime: 0.0 hours, 0.0 minutes, 0.33453798294067383 seconds

2025-03-06 00:02:11,833 | INFO : Validation runtime: 0.0 hours, 0.0 minutes, 0.33453798294067383 seconds

2025-03-06 00:02:11,833 | INFO : Validation runtime: 0.0 hours, 0.0 minutes, 0.33453798294067383 seconds

2025-03-06 00:02:11,835 | INFO : Avg val. time: 0.0 hours, 0.0 minutes, 0.3375658887497922 seconds
2025-03-06 00:02:11,835 | INFO : Avg val. time: 0.0 hours, 0.0 minutes, 0.3375658887497922 seconds
2025-03-06 00:02:11,835 | INFO : Avg val. time: 0.0 hours, 0.0 minutes, 0.3375658887497922 seconds
2025-03-06 00:02:11,835 | INFO : Avg val. time: 0.0 hours, 0.0 minutes, 0.3375658887497922 seconds
2025-03-06 00:02:11,835 | INFO : Avg val. time: 0.0 hours, 0.0 minutes, 0.3375658887497922 seconds
2025-03-06 00:02:11,835 | INFO : Avg val. time: 0.0 hours, 0.0 minutes, 0.3375658887497922 seconds
2025-03-06 00:02:11,835 | INFO : Avg val. time: 0.0 hours, 0.0 minutes, 0.3375658887497922 seconds
2025-03-06 00:02:11,835 | INFO : Avg val. time: 0.0 hours, 0.0 minutes, 0.3375658887497922 seconds
2025-03-06 00:02:11,836 | INFO : Avg batch val. time: 0.008439147218744805 seconds
2025-03-06 00:02:11,836 | INFO : Avg batch val. time: 0.008439147218744805 seconds
2025-03-06 00:02:11,836 | INFO : Avg batch val. time: 0.008439147218744805 seconds
2025-03-06 00:02:11,836 | INFO : Avg batch val. time: 0.008439147218744805 seconds
2025-03-06 00:02:11,836 | INFO : Avg batch val. time: 0.008439147218744805 seconds
2025-03-06 00:02:11,836 | INFO : Avg batch val. time: 0.008439147218744805 seconds
2025-03-06 00:02:11,836 | INFO : Avg batch val. time: 0.008439147218744805 seconds
2025-03-06 00:02:11,836 | INFO : Avg batch val. time: 0.008439147218744805 seconds
2025-03-06 00:02:11,838 | INFO : Avg sample val. time: 0.008439147218744805 seconds
2025-03-06 00:02:11,838 | INFO : Avg sample val. time: 0.008439147218744805 seconds
2025-03-06 00:02:11,838 | INFO : Avg sample val. time: 0.008439147218744805 seconds
2025-03-06 00:02:11,838 | INFO : Avg sample val. time: 0.008439147218744805 seconds
2025-03-06 00:02:11,838 | INFO : Avg sample val. time: 0.008439147218744805 seconds
2025-03-06 00:02:11,838 | INFO : Avg sample val. time: 0.008439147218744805 seconds
2025-03-06 00:02:11,838 | INFO : Avg sample val. time: 0.008439147218744805 seconds
2025-03-06 00:02:11,838 | INFO : Avg sample val. time: 0.008439147218744805 seconds
2025-03-06 00:02:11,839 | INFO : Epoch 46 Validation Summary: epoch: 46.000000 | loss: 0.093810 | 
2025-03-06 00:02:11,839 | INFO : Epoch 46 Validation Summary: epoch: 46.000000 | loss: 0.093810 | 
2025-03-06 00:02:11,839 | INFO : Epoch 46 Validation Summary: epoch: 46.000000 | loss: 0.093810 | 
2025-03-06 00:02:11,839 | INFO : Epoch 46 Validation Summary: epoch: 46.000000 | loss: 0.093810 | 
2025-03-06 00:02:11,839 | INFO : Epoch 46 Validation Summary: epoch: 46.000000 | loss: 0.093810 | 
2025-03-06 00:02:11,839 | INFO : Epoch 46 Validation Summary: epoch: 46.000000 | loss: 0.093810 | 
2025-03-06 00:02:11,839 | INFO : Epoch 46 Validation Summary: epoch: 46.000000 | loss: 0.093810 | 
2025-03-06 00:02:11,839 | INFO : Epoch 46 Validation Summary: epoch: 46.000000 | loss: 0.093810 | 
2025-03-06 00:02:11,885 | INFO : Evaluating on validation set ...
2025-03-06 00:02:11,885 | INFO : Evaluating on validation set ...
2025-03-06 00:02:11,885 | INFO : Evaluating on validation set ...
2025-03-06 00:02:11,885 | INFO : Evaluating on validation set ...
2025-03-06 00:02:11,885 | INFO : Evaluating on validation set ...
2025-03-06 00:02:11,885 | INFO : Evaluating on validation set ...
2025-03-06 00:02:11,885 | INFO : Evaluating on validation set ...
2025-03-06 00:02:11,885 | INFO : Evaluating on validation set ...
2025-03-06 00:02:12,219 | INFO : Validation runtime: 0.0 hours, 0.0 minutes, 0.3330214023590088 seconds

2025-03-06 00:02:12,219 | INFO : Validation runtime: 0.0 hours, 0.0 minutes, 0.3330214023590088 seconds

2025-03-06 00:02:12,219 | INFO : Validation runtime: 0.0 hours, 0.0 minutes, 0.3330214023590088 seconds

2025-03-06 00:02:12,219 | INFO : Validation runtime: 0.0 hours, 0.0 minutes, 0.3330214023590088 seconds

2025-03-06 00:02:12,219 | INFO : Validation runtime: 0.0 hours, 0.0 minutes, 0.3330214023590088 seconds

2025-03-06 00:02:12,219 | INFO : Validation runtime: 0.0 hours, 0.0 minutes, 0.3330214023590088 seconds

2025-03-06 00:02:12,219 | INFO : Validation runtime: 0.0 hours, 0.0 minutes, 0.3330214023590088 seconds

2025-03-06 00:02:12,219 | INFO : Validation runtime: 0.0 hours, 0.0 minutes, 0.3330214023590088 seconds

2025-03-06 00:02:12,221 | INFO : Avg val. time: 0.0 hours, 0.0 minutes, 0.33747121194998425 seconds
2025-03-06 00:02:12,221 | INFO : Avg val. time: 0.0 hours, 0.0 minutes, 0.33747121194998425 seconds
2025-03-06 00:02:12,221 | INFO : Avg val. time: 0.0 hours, 0.0 minutes, 0.33747121194998425 seconds
2025-03-06 00:02:12,221 | INFO : Avg val. time: 0.0 hours, 0.0 minutes, 0.33747121194998425 seconds
2025-03-06 00:02:12,221 | INFO : Avg val. time: 0.0 hours, 0.0 minutes, 0.33747121194998425 seconds
2025-03-06 00:02:12,221 | INFO : Avg val. time: 0.0 hours, 0.0 minutes, 0.33747121194998425 seconds
2025-03-06 00:02:12,221 | INFO : Avg val. time: 0.0 hours, 0.0 minutes, 0.33747121194998425 seconds
2025-03-06 00:02:12,221 | INFO : Avg val. time: 0.0 hours, 0.0 minutes, 0.33747121194998425 seconds
2025-03-06 00:02:12,223 | INFO : Avg batch val. time: 0.008436780298749606 seconds
2025-03-06 00:02:12,223 | INFO : Avg batch val. time: 0.008436780298749606 seconds
2025-03-06 00:02:12,223 | INFO : Avg batch val. time: 0.008436780298749606 seconds
2025-03-06 00:02:12,223 | INFO : Avg batch val. time: 0.008436780298749606 seconds
2025-03-06 00:02:12,223 | INFO : Avg batch val. time: 0.008436780298749606 seconds
2025-03-06 00:02:12,223 | INFO : Avg batch val. time: 0.008436780298749606 seconds
2025-03-06 00:02:12,223 | INFO : Avg batch val. time: 0.008436780298749606 seconds
2025-03-06 00:02:12,223 | INFO : Avg batch val. time: 0.008436780298749606 seconds
2025-03-06 00:02:12,224 | INFO : Avg sample val. time: 0.008436780298749606 seconds
2025-03-06 00:02:12,224 | INFO : Avg sample val. time: 0.008436780298749606 seconds
2025-03-06 00:02:12,224 | INFO : Avg sample val. time: 0.008436780298749606 seconds
2025-03-06 00:02:12,224 | INFO : Avg sample val. time: 0.008436780298749606 seconds
2025-03-06 00:02:12,224 | INFO : Avg sample val. time: 0.008436780298749606 seconds
2025-03-06 00:02:12,224 | INFO : Avg sample val. time: 0.008436780298749606 seconds
2025-03-06 00:02:12,224 | INFO : Avg sample val. time: 0.008436780298749606 seconds
2025-03-06 00:02:12,224 | INFO : Avg sample val. time: 0.008436780298749606 seconds
2025-03-06 00:02:12,226 | INFO : Epoch 47 Validation Summary: epoch: 47.000000 | loss: 0.092721 | 
2025-03-06 00:02:12,226 | INFO : Epoch 47 Validation Summary: epoch: 47.000000 | loss: 0.092721 | 
2025-03-06 00:02:12,226 | INFO : Epoch 47 Validation Summary: epoch: 47.000000 | loss: 0.092721 | 
2025-03-06 00:02:12,226 | INFO : Epoch 47 Validation Summary: epoch: 47.000000 | loss: 0.092721 | 
2025-03-06 00:02:12,226 | INFO : Epoch 47 Validation Summary: epoch: 47.000000 | loss: 0.092721 | 
2025-03-06 00:02:12,226 | INFO : Epoch 47 Validation Summary: epoch: 47.000000 | loss: 0.092721 | 
2025-03-06 00:02:12,226 | INFO : Epoch 47 Validation Summary: epoch: 47.000000 | loss: 0.092721 | 
2025-03-06 00:02:12,226 | INFO : Epoch 47 Validation Summary: epoch: 47.000000 | loss: 0.092721 | 
2025-03-06 00:02:12,271 | INFO : Evaluating on validation set ...
2025-03-06 00:02:12,271 | INFO : Evaluating on validation set ...
2025-03-06 00:02:12,271 | INFO : Evaluating on validation set ...
2025-03-06 00:02:12,271 | INFO : Evaluating on validation set ...
2025-03-06 00:02:12,271 | INFO : Evaluating on validation set ...
2025-03-06 00:02:12,271 | INFO : Evaluating on validation set ...
2025-03-06 00:02:12,271 | INFO : Evaluating on validation set ...
2025-03-06 00:02:12,271 | INFO : Evaluating on validation set ...
2025-03-06 00:02:12,607 | INFO : Validation runtime: 0.0 hours, 0.0 minutes, 0.33416056632995605 seconds

2025-03-06 00:02:12,607 | INFO : Validation runtime: 0.0 hours, 0.0 minutes, 0.33416056632995605 seconds

2025-03-06 00:02:12,607 | INFO : Validation runtime: 0.0 hours, 0.0 minutes, 0.33416056632995605 seconds

2025-03-06 00:02:12,607 | INFO : Validation runtime: 0.0 hours, 0.0 minutes, 0.33416056632995605 seconds

2025-03-06 00:02:12,607 | INFO : Validation runtime: 0.0 hours, 0.0 minutes, 0.33416056632995605 seconds

2025-03-06 00:02:12,607 | INFO : Validation runtime: 0.0 hours, 0.0 minutes, 0.33416056632995605 seconds

2025-03-06 00:02:12,607 | INFO : Validation runtime: 0.0 hours, 0.0 minutes, 0.33416056632995605 seconds

2025-03-06 00:02:12,607 | INFO : Validation runtime: 0.0 hours, 0.0 minutes, 0.33416056632995605 seconds

2025-03-06 00:02:12,609 | INFO : Avg val. time: 0.0 hours, 0.0 minutes, 0.3374036477536571 seconds
2025-03-06 00:02:12,609 | INFO : Avg val. time: 0.0 hours, 0.0 minutes, 0.3374036477536571 seconds
2025-03-06 00:02:12,609 | INFO : Avg val. time: 0.0 hours, 0.0 minutes, 0.3374036477536571 seconds
2025-03-06 00:02:12,609 | INFO : Avg val. time: 0.0 hours, 0.0 minutes, 0.3374036477536571 seconds
2025-03-06 00:02:12,609 | INFO : Avg val. time: 0.0 hours, 0.0 minutes, 0.3374036477536571 seconds
2025-03-06 00:02:12,609 | INFO : Avg val. time: 0.0 hours, 0.0 minutes, 0.3374036477536571 seconds
2025-03-06 00:02:12,609 | INFO : Avg val. time: 0.0 hours, 0.0 minutes, 0.3374036477536571 seconds
2025-03-06 00:02:12,609 | INFO : Avg val. time: 0.0 hours, 0.0 minutes, 0.3374036477536571 seconds
2025-03-06 00:02:12,610 | INFO : Avg batch val. time: 0.008435091193841428 seconds
2025-03-06 00:02:12,610 | INFO : Avg batch val. time: 0.008435091193841428 seconds
2025-03-06 00:02:12,610 | INFO : Avg batch val. time: 0.008435091193841428 seconds
2025-03-06 00:02:12,610 | INFO : Avg batch val. time: 0.008435091193841428 seconds
2025-03-06 00:02:12,610 | INFO : Avg batch val. time: 0.008435091193841428 seconds
2025-03-06 00:02:12,610 | INFO : Avg batch val. time: 0.008435091193841428 seconds
2025-03-06 00:02:12,610 | INFO : Avg batch val. time: 0.008435091193841428 seconds
2025-03-06 00:02:12,610 | INFO : Avg batch val. time: 0.008435091193841428 seconds
2025-03-06 00:02:12,612 | INFO : Avg sample val. time: 0.008435091193841428 seconds
2025-03-06 00:02:12,612 | INFO : Avg sample val. time: 0.008435091193841428 seconds
2025-03-06 00:02:12,612 | INFO : Avg sample val. time: 0.008435091193841428 seconds
2025-03-06 00:02:12,612 | INFO : Avg sample val. time: 0.008435091193841428 seconds
2025-03-06 00:02:12,612 | INFO : Avg sample val. time: 0.008435091193841428 seconds
2025-03-06 00:02:12,612 | INFO : Avg sample val. time: 0.008435091193841428 seconds
2025-03-06 00:02:12,612 | INFO : Avg sample val. time: 0.008435091193841428 seconds
2025-03-06 00:02:12,612 | INFO : Avg sample val. time: 0.008435091193841428 seconds
2025-03-06 00:02:12,613 | INFO : Epoch 48 Validation Summary: epoch: 48.000000 | loss: 0.091677 | 
2025-03-06 00:02:12,613 | INFO : Epoch 48 Validation Summary: epoch: 48.000000 | loss: 0.091677 | 
2025-03-06 00:02:12,613 | INFO : Epoch 48 Validation Summary: epoch: 48.000000 | loss: 0.091677 | 
2025-03-06 00:02:12,613 | INFO : Epoch 48 Validation Summary: epoch: 48.000000 | loss: 0.091677 | 
2025-03-06 00:02:12,613 | INFO : Epoch 48 Validation Summary: epoch: 48.000000 | loss: 0.091677 | 
2025-03-06 00:02:12,613 | INFO : Epoch 48 Validation Summary: epoch: 48.000000 | loss: 0.091677 | 
2025-03-06 00:02:12,613 | INFO : Epoch 48 Validation Summary: epoch: 48.000000 | loss: 0.091677 | 
2025-03-06 00:02:12,613 | INFO : Epoch 48 Validation Summary: epoch: 48.000000 | loss: 0.091677 | 
2025-03-06 00:02:12,657 | INFO : Evaluating on validation set ...
2025-03-06 00:02:12,657 | INFO : Evaluating on validation set ...
2025-03-06 00:02:12,657 | INFO : Evaluating on validation set ...
2025-03-06 00:02:12,657 | INFO : Evaluating on validation set ...
2025-03-06 00:02:12,657 | INFO : Evaluating on validation set ...
2025-03-06 00:02:12,657 | INFO : Evaluating on validation set ...
2025-03-06 00:02:12,657 | INFO : Evaluating on validation set ...
2025-03-06 00:02:12,657 | INFO : Evaluating on validation set ...
2025-03-06 00:02:13,000 | INFO : Validation runtime: 0.0 hours, 0.0 minutes, 0.3407716751098633 seconds

2025-03-06 00:02:13,000 | INFO : Validation runtime: 0.0 hours, 0.0 minutes, 0.3407716751098633 seconds

2025-03-06 00:02:13,000 | INFO : Validation runtime: 0.0 hours, 0.0 minutes, 0.3407716751098633 seconds

2025-03-06 00:02:13,000 | INFO : Validation runtime: 0.0 hours, 0.0 minutes, 0.3407716751098633 seconds

2025-03-06 00:02:13,000 | INFO : Validation runtime: 0.0 hours, 0.0 minutes, 0.3407716751098633 seconds

2025-03-06 00:02:13,000 | INFO : Validation runtime: 0.0 hours, 0.0 minutes, 0.3407716751098633 seconds

2025-03-06 00:02:13,000 | INFO : Validation runtime: 0.0 hours, 0.0 minutes, 0.3407716751098633 seconds

2025-03-06 00:02:13,000 | INFO : Validation runtime: 0.0 hours, 0.0 minutes, 0.3407716751098633 seconds

2025-03-06 00:02:13,001 | INFO : Avg val. time: 0.0 hours, 0.0 minutes, 0.33747100830078125 seconds
2025-03-06 00:02:13,001 | INFO : Avg val. time: 0.0 hours, 0.0 minutes, 0.33747100830078125 seconds
2025-03-06 00:02:13,001 | INFO : Avg val. time: 0.0 hours, 0.0 minutes, 0.33747100830078125 seconds
2025-03-06 00:02:13,001 | INFO : Avg val. time: 0.0 hours, 0.0 minutes, 0.33747100830078125 seconds
2025-03-06 00:02:13,001 | INFO : Avg val. time: 0.0 hours, 0.0 minutes, 0.33747100830078125 seconds
2025-03-06 00:02:13,001 | INFO : Avg val. time: 0.0 hours, 0.0 minutes, 0.33747100830078125 seconds
2025-03-06 00:02:13,001 | INFO : Avg val. time: 0.0 hours, 0.0 minutes, 0.33747100830078125 seconds
2025-03-06 00:02:13,001 | INFO : Avg val. time: 0.0 hours, 0.0 minutes, 0.33747100830078125 seconds
2025-03-06 00:02:13,003 | INFO : Avg batch val. time: 0.008436775207519532 seconds
2025-03-06 00:02:13,003 | INFO : Avg batch val. time: 0.008436775207519532 seconds
2025-03-06 00:02:13,003 | INFO : Avg batch val. time: 0.008436775207519532 seconds
2025-03-06 00:02:13,003 | INFO : Avg batch val. time: 0.008436775207519532 seconds
2025-03-06 00:02:13,003 | INFO : Avg batch val. time: 0.008436775207519532 seconds
2025-03-06 00:02:13,003 | INFO : Avg batch val. time: 0.008436775207519532 seconds
2025-03-06 00:02:13,003 | INFO : Avg batch val. time: 0.008436775207519532 seconds
2025-03-06 00:02:13,003 | INFO : Avg batch val. time: 0.008436775207519532 seconds
2025-03-06 00:02:13,004 | INFO : Avg sample val. time: 0.008436775207519532 seconds
2025-03-06 00:02:13,004 | INFO : Avg sample val. time: 0.008436775207519532 seconds
2025-03-06 00:02:13,004 | INFO : Avg sample val. time: 0.008436775207519532 seconds
2025-03-06 00:02:13,004 | INFO : Avg sample val. time: 0.008436775207519532 seconds
2025-03-06 00:02:13,004 | INFO : Avg sample val. time: 0.008436775207519532 seconds
2025-03-06 00:02:13,004 | INFO : Avg sample val. time: 0.008436775207519532 seconds
2025-03-06 00:02:13,004 | INFO : Avg sample val. time: 0.008436775207519532 seconds
2025-03-06 00:02:13,004 | INFO : Avg sample val. time: 0.008436775207519532 seconds
2025-03-06 00:02:13,006 | INFO : Epoch 49 Validation Summary: epoch: 49.000000 | loss: 0.090673 | 
2025-03-06 00:02:13,006 | INFO : Epoch 49 Validation Summary: epoch: 49.000000 | loss: 0.090673 | 
2025-03-06 00:02:13,006 | INFO : Epoch 49 Validation Summary: epoch: 49.000000 | loss: 0.090673 | 
2025-03-06 00:02:13,006 | INFO : Epoch 49 Validation Summary: epoch: 49.000000 | loss: 0.090673 | 
2025-03-06 00:02:13,006 | INFO : Epoch 49 Validation Summary: epoch: 49.000000 | loss: 0.090673 | 
2025-03-06 00:02:13,006 | INFO : Epoch 49 Validation Summary: epoch: 49.000000 | loss: 0.090673 | 
2025-03-06 00:02:13,006 | INFO : Epoch 49 Validation Summary: epoch: 49.000000 | loss: 0.090673 | 
2025-03-06 00:02:13,006 | INFO : Epoch 49 Validation Summary: epoch: 49.000000 | loss: 0.090673 | 
2025-03-06 00:02:13,053 | INFO : Evaluating on validation set ...
2025-03-06 00:02:13,053 | INFO : Evaluating on validation set ...
2025-03-06 00:02:13,053 | INFO : Evaluating on validation set ...
2025-03-06 00:02:13,053 | INFO : Evaluating on validation set ...
2025-03-06 00:02:13,053 | INFO : Evaluating on validation set ...
2025-03-06 00:02:13,053 | INFO : Evaluating on validation set ...
2025-03-06 00:02:13,053 | INFO : Evaluating on validation set ...
2025-03-06 00:02:13,053 | INFO : Evaluating on validation set ...
2025-03-06 00:02:13,387 | INFO : Validation runtime: 0.0 hours, 0.0 minutes, 0.3325068950653076 seconds

2025-03-06 00:02:13,387 | INFO : Validation runtime: 0.0 hours, 0.0 minutes, 0.3325068950653076 seconds

2025-03-06 00:02:13,387 | INFO : Validation runtime: 0.0 hours, 0.0 minutes, 0.3325068950653076 seconds

2025-03-06 00:02:13,387 | INFO : Validation runtime: 0.0 hours, 0.0 minutes, 0.3325068950653076 seconds

2025-03-06 00:02:13,387 | INFO : Validation runtime: 0.0 hours, 0.0 minutes, 0.3325068950653076 seconds

2025-03-06 00:02:13,387 | INFO : Validation runtime: 0.0 hours, 0.0 minutes, 0.3325068950653076 seconds

2025-03-06 00:02:13,387 | INFO : Validation runtime: 0.0 hours, 0.0 minutes, 0.3325068950653076 seconds

2025-03-06 00:02:13,387 | INFO : Validation runtime: 0.0 hours, 0.0 minutes, 0.3325068950653076 seconds

2025-03-06 00:02:13,388 | INFO : Avg val. time: 0.0 hours, 0.0 minutes, 0.3373736727471445 seconds
2025-03-06 00:02:13,388 | INFO : Avg val. time: 0.0 hours, 0.0 minutes, 0.3373736727471445 seconds
2025-03-06 00:02:13,388 | INFO : Avg val. time: 0.0 hours, 0.0 minutes, 0.3373736727471445 seconds
2025-03-06 00:02:13,388 | INFO : Avg val. time: 0.0 hours, 0.0 minutes, 0.3373736727471445 seconds
2025-03-06 00:02:13,388 | INFO : Avg val. time: 0.0 hours, 0.0 minutes, 0.3373736727471445 seconds
2025-03-06 00:02:13,388 | INFO : Avg val. time: 0.0 hours, 0.0 minutes, 0.3373736727471445 seconds
2025-03-06 00:02:13,388 | INFO : Avg val. time: 0.0 hours, 0.0 minutes, 0.3373736727471445 seconds
2025-03-06 00:02:13,388 | INFO : Avg val. time: 0.0 hours, 0.0 minutes, 0.3373736727471445 seconds
2025-03-06 00:02:13,390 | INFO : Avg batch val. time: 0.008434341818678612 seconds
2025-03-06 00:02:13,390 | INFO : Avg batch val. time: 0.008434341818678612 seconds
2025-03-06 00:02:13,390 | INFO : Avg batch val. time: 0.008434341818678612 seconds
2025-03-06 00:02:13,390 | INFO : Avg batch val. time: 0.008434341818678612 seconds
2025-03-06 00:02:13,390 | INFO : Avg batch val. time: 0.008434341818678612 seconds
2025-03-06 00:02:13,390 | INFO : Avg batch val. time: 0.008434341818678612 seconds
2025-03-06 00:02:13,390 | INFO : Avg batch val. time: 0.008434341818678612 seconds
2025-03-06 00:02:13,390 | INFO : Avg batch val. time: 0.008434341818678612 seconds
2025-03-06 00:02:13,391 | INFO : Avg sample val. time: 0.008434341818678612 seconds
2025-03-06 00:02:13,391 | INFO : Avg sample val. time: 0.008434341818678612 seconds
2025-03-06 00:02:13,391 | INFO : Avg sample val. time: 0.008434341818678612 seconds
2025-03-06 00:02:13,391 | INFO : Avg sample val. time: 0.008434341818678612 seconds
2025-03-06 00:02:13,391 | INFO : Avg sample val. time: 0.008434341818678612 seconds
2025-03-06 00:02:13,391 | INFO : Avg sample val. time: 0.008434341818678612 seconds
2025-03-06 00:02:13,391 | INFO : Avg sample val. time: 0.008434341818678612 seconds
2025-03-06 00:02:13,391 | INFO : Avg sample val. time: 0.008434341818678612 seconds
2025-03-06 00:02:13,393 | INFO : Epoch 50 Validation Summary: epoch: 50.000000 | loss: 0.089711 | 
2025-03-06 00:02:13,393 | INFO : Epoch 50 Validation Summary: epoch: 50.000000 | loss: 0.089711 | 
2025-03-06 00:02:13,393 | INFO : Epoch 50 Validation Summary: epoch: 50.000000 | loss: 0.089711 | 
2025-03-06 00:02:13,393 | INFO : Epoch 50 Validation Summary: epoch: 50.000000 | loss: 0.089711 | 
2025-03-06 00:02:13,393 | INFO : Epoch 50 Validation Summary: epoch: 50.000000 | loss: 0.089711 | 
2025-03-06 00:02:13,393 | INFO : Epoch 50 Validation Summary: epoch: 50.000000 | loss: 0.089711 | 
2025-03-06 00:02:13,393 | INFO : Epoch 50 Validation Summary: epoch: 50.000000 | loss: 0.089711 | 
2025-03-06 00:02:13,393 | INFO : Epoch 50 Validation Summary: epoch: 50.000000 | loss: 0.089711 | 
2025-03-06 00:02:13,434 | INFO : Evaluating on validation set ...
2025-03-06 00:02:13,434 | INFO : Evaluating on validation set ...
2025-03-06 00:02:13,434 | INFO : Evaluating on validation set ...
2025-03-06 00:02:13,434 | INFO : Evaluating on validation set ...
2025-03-06 00:02:13,434 | INFO : Evaluating on validation set ...
2025-03-06 00:02:13,434 | INFO : Evaluating on validation set ...
2025-03-06 00:02:13,434 | INFO : Evaluating on validation set ...
2025-03-06 00:02:13,434 | INFO : Evaluating on validation set ...
2025-03-06 00:02:13,769 | INFO : Validation runtime: 0.0 hours, 0.0 minutes, 0.33347415924072266 seconds

2025-03-06 00:02:13,769 | INFO : Validation runtime: 0.0 hours, 0.0 minutes, 0.33347415924072266 seconds

2025-03-06 00:02:13,769 | INFO : Validation runtime: 0.0 hours, 0.0 minutes, 0.33347415924072266 seconds

2025-03-06 00:02:13,769 | INFO : Validation runtime: 0.0 hours, 0.0 minutes, 0.33347415924072266 seconds

2025-03-06 00:02:13,769 | INFO : Validation runtime: 0.0 hours, 0.0 minutes, 0.33347415924072266 seconds

2025-03-06 00:02:13,769 | INFO : Validation runtime: 0.0 hours, 0.0 minutes, 0.33347415924072266 seconds

2025-03-06 00:02:13,769 | INFO : Validation runtime: 0.0 hours, 0.0 minutes, 0.33347415924072266 seconds

2025-03-06 00:02:13,769 | INFO : Validation runtime: 0.0 hours, 0.0 minutes, 0.33347415924072266 seconds

2025-03-06 00:02:13,771 | INFO : Avg val. time: 0.0 hours, 0.0 minutes, 0.33729868210279024 seconds
2025-03-06 00:02:13,771 | INFO : Avg val. time: 0.0 hours, 0.0 minutes, 0.33729868210279024 seconds
2025-03-06 00:02:13,771 | INFO : Avg val. time: 0.0 hours, 0.0 minutes, 0.33729868210279024 seconds
2025-03-06 00:02:13,771 | INFO : Avg val. time: 0.0 hours, 0.0 minutes, 0.33729868210279024 seconds
2025-03-06 00:02:13,771 | INFO : Avg val. time: 0.0 hours, 0.0 minutes, 0.33729868210279024 seconds
2025-03-06 00:02:13,771 | INFO : Avg val. time: 0.0 hours, 0.0 minutes, 0.33729868210279024 seconds
2025-03-06 00:02:13,771 | INFO : Avg val. time: 0.0 hours, 0.0 minutes, 0.33729868210279024 seconds
2025-03-06 00:02:13,771 | INFO : Avg val. time: 0.0 hours, 0.0 minutes, 0.33729868210279024 seconds
2025-03-06 00:02:13,772 | INFO : Avg batch val. time: 0.008432467052569757 seconds
2025-03-06 00:02:13,772 | INFO : Avg batch val. time: 0.008432467052569757 seconds
2025-03-06 00:02:13,772 | INFO : Avg batch val. time: 0.008432467052569757 seconds
2025-03-06 00:02:13,772 | INFO : Avg batch val. time: 0.008432467052569757 seconds
2025-03-06 00:02:13,772 | INFO : Avg batch val. time: 0.008432467052569757 seconds
2025-03-06 00:02:13,772 | INFO : Avg batch val. time: 0.008432467052569757 seconds
2025-03-06 00:02:13,772 | INFO : Avg batch val. time: 0.008432467052569757 seconds
2025-03-06 00:02:13,772 | INFO : Avg batch val. time: 0.008432467052569757 seconds
2025-03-06 00:02:13,774 | INFO : Avg sample val. time: 0.008432467052569757 seconds
2025-03-06 00:02:13,774 | INFO : Avg sample val. time: 0.008432467052569757 seconds
2025-03-06 00:02:13,774 | INFO : Avg sample val. time: 0.008432467052569757 seconds
2025-03-06 00:02:13,774 | INFO : Avg sample val. time: 0.008432467052569757 seconds
2025-03-06 00:02:13,774 | INFO : Avg sample val. time: 0.008432467052569757 seconds
2025-03-06 00:02:13,774 | INFO : Avg sample val. time: 0.008432467052569757 seconds
2025-03-06 00:02:13,774 | INFO : Avg sample val. time: 0.008432467052569757 seconds
2025-03-06 00:02:13,774 | INFO : Avg sample val. time: 0.008432467052569757 seconds
2025-03-06 00:02:13,775 | INFO : Epoch 51 Validation Summary: epoch: 51.000000 | loss: 0.088786 | 
2025-03-06 00:02:13,775 | INFO : Epoch 51 Validation Summary: epoch: 51.000000 | loss: 0.088786 | 
2025-03-06 00:02:13,775 | INFO : Epoch 51 Validation Summary: epoch: 51.000000 | loss: 0.088786 | 
2025-03-06 00:02:13,775 | INFO : Epoch 51 Validation Summary: epoch: 51.000000 | loss: 0.088786 | 
2025-03-06 00:02:13,775 | INFO : Epoch 51 Validation Summary: epoch: 51.000000 | loss: 0.088786 | 
2025-03-06 00:02:13,775 | INFO : Epoch 51 Validation Summary: epoch: 51.000000 | loss: 0.088786 | 
2025-03-06 00:02:13,775 | INFO : Epoch 51 Validation Summary: epoch: 51.000000 | loss: 0.088786 | 
2025-03-06 00:02:13,775 | INFO : Epoch 51 Validation Summary: epoch: 51.000000 | loss: 0.088786 | 
2025-03-06 00:02:13,821 | INFO : Evaluating on validation set ...
2025-03-06 00:02:13,821 | INFO : Evaluating on validation set ...
2025-03-06 00:02:13,821 | INFO : Evaluating on validation set ...
2025-03-06 00:02:13,821 | INFO : Evaluating on validation set ...
2025-03-06 00:02:13,821 | INFO : Evaluating on validation set ...
2025-03-06 00:02:13,821 | INFO : Evaluating on validation set ...
2025-03-06 00:02:13,821 | INFO : Evaluating on validation set ...
2025-03-06 00:02:13,821 | INFO : Evaluating on validation set ...
2025-03-06 00:02:14,155 | INFO : Validation runtime: 0.0 hours, 0.0 minutes, 0.33245086669921875 seconds

2025-03-06 00:02:14,155 | INFO : Validation runtime: 0.0 hours, 0.0 minutes, 0.33245086669921875 seconds

2025-03-06 00:02:14,155 | INFO : Validation runtime: 0.0 hours, 0.0 minutes, 0.33245086669921875 seconds

2025-03-06 00:02:14,155 | INFO : Validation runtime: 0.0 hours, 0.0 minutes, 0.33245086669921875 seconds

2025-03-06 00:02:14,155 | INFO : Validation runtime: 0.0 hours, 0.0 minutes, 0.33245086669921875 seconds

2025-03-06 00:02:14,155 | INFO : Validation runtime: 0.0 hours, 0.0 minutes, 0.33245086669921875 seconds

2025-03-06 00:02:14,155 | INFO : Validation runtime: 0.0 hours, 0.0 minutes, 0.33245086669921875 seconds

2025-03-06 00:02:14,155 | INFO : Validation runtime: 0.0 hours, 0.0 minutes, 0.33245086669921875 seconds

2025-03-06 00:02:14,157 | INFO : Avg val. time: 0.0 hours, 0.0 minutes, 0.33720721388762853 seconds
2025-03-06 00:02:14,157 | INFO : Avg val. time: 0.0 hours, 0.0 minutes, 0.33720721388762853 seconds
2025-03-06 00:02:14,157 | INFO : Avg val. time: 0.0 hours, 0.0 minutes, 0.33720721388762853 seconds
2025-03-06 00:02:14,157 | INFO : Avg val. time: 0.0 hours, 0.0 minutes, 0.33720721388762853 seconds
2025-03-06 00:02:14,157 | INFO : Avg val. time: 0.0 hours, 0.0 minutes, 0.33720721388762853 seconds
2025-03-06 00:02:14,157 | INFO : Avg val. time: 0.0 hours, 0.0 minutes, 0.33720721388762853 seconds
2025-03-06 00:02:14,157 | INFO : Avg val. time: 0.0 hours, 0.0 minutes, 0.33720721388762853 seconds
2025-03-06 00:02:14,157 | INFO : Avg val. time: 0.0 hours, 0.0 minutes, 0.33720721388762853 seconds
2025-03-06 00:02:14,159 | INFO : Avg batch val. time: 0.008430180347190713 seconds
2025-03-06 00:02:14,159 | INFO : Avg batch val. time: 0.008430180347190713 seconds
2025-03-06 00:02:14,159 | INFO : Avg batch val. time: 0.008430180347190713 seconds
2025-03-06 00:02:14,159 | INFO : Avg batch val. time: 0.008430180347190713 seconds
2025-03-06 00:02:14,159 | INFO : Avg batch val. time: 0.008430180347190713 seconds
2025-03-06 00:02:14,159 | INFO : Avg batch val. time: 0.008430180347190713 seconds
2025-03-06 00:02:14,159 | INFO : Avg batch val. time: 0.008430180347190713 seconds
2025-03-06 00:02:14,159 | INFO : Avg batch val. time: 0.008430180347190713 seconds
2025-03-06 00:02:14,160 | INFO : Avg sample val. time: 0.008430180347190713 seconds
2025-03-06 00:02:14,160 | INFO : Avg sample val. time: 0.008430180347190713 seconds
2025-03-06 00:02:14,160 | INFO : Avg sample val. time: 0.008430180347190713 seconds
2025-03-06 00:02:14,160 | INFO : Avg sample val. time: 0.008430180347190713 seconds
2025-03-06 00:02:14,160 | INFO : Avg sample val. time: 0.008430180347190713 seconds
2025-03-06 00:02:14,160 | INFO : Avg sample val. time: 0.008430180347190713 seconds
2025-03-06 00:02:14,160 | INFO : Avg sample val. time: 0.008430180347190713 seconds
2025-03-06 00:02:14,160 | INFO : Avg sample val. time: 0.008430180347190713 seconds
2025-03-06 00:02:14,162 | INFO : Epoch 52 Validation Summary: epoch: 52.000000 | loss: 0.087899 | 
2025-03-06 00:02:14,162 | INFO : Epoch 52 Validation Summary: epoch: 52.000000 | loss: 0.087899 | 
2025-03-06 00:02:14,162 | INFO : Epoch 52 Validation Summary: epoch: 52.000000 | loss: 0.087899 | 
2025-03-06 00:02:14,162 | INFO : Epoch 52 Validation Summary: epoch: 52.000000 | loss: 0.087899 | 
2025-03-06 00:02:14,162 | INFO : Epoch 52 Validation Summary: epoch: 52.000000 | loss: 0.087899 | 
2025-03-06 00:02:14,162 | INFO : Epoch 52 Validation Summary: epoch: 52.000000 | loss: 0.087899 | 
2025-03-06 00:02:14,162 | INFO : Epoch 52 Validation Summary: epoch: 52.000000 | loss: 0.087899 | 
2025-03-06 00:02:14,162 | INFO : Epoch 52 Validation Summary: epoch: 52.000000 | loss: 0.087899 | 
2025-03-06 00:02:14,208 | INFO : Evaluating on validation set ...
2025-03-06 00:02:14,208 | INFO : Evaluating on validation set ...
2025-03-06 00:02:14,208 | INFO : Evaluating on validation set ...
2025-03-06 00:02:14,208 | INFO : Evaluating on validation set ...
2025-03-06 00:02:14,208 | INFO : Evaluating on validation set ...
2025-03-06 00:02:14,208 | INFO : Evaluating on validation set ...
2025-03-06 00:02:14,208 | INFO : Evaluating on validation set ...
2025-03-06 00:02:14,208 | INFO : Evaluating on validation set ...
2025-03-06 00:02:14,538 | INFO : Validation runtime: 0.0 hours, 0.0 minutes, 0.3284289836883545 seconds

2025-03-06 00:02:14,538 | INFO : Validation runtime: 0.0 hours, 0.0 minutes, 0.3284289836883545 seconds

2025-03-06 00:02:14,538 | INFO : Validation runtime: 0.0 hours, 0.0 minutes, 0.3284289836883545 seconds

2025-03-06 00:02:14,538 | INFO : Validation runtime: 0.0 hours, 0.0 minutes, 0.3284289836883545 seconds

2025-03-06 00:02:14,538 | INFO : Validation runtime: 0.0 hours, 0.0 minutes, 0.3284289836883545 seconds

2025-03-06 00:02:14,538 | INFO : Validation runtime: 0.0 hours, 0.0 minutes, 0.3284289836883545 seconds

2025-03-06 00:02:14,538 | INFO : Validation runtime: 0.0 hours, 0.0 minutes, 0.3284289836883545 seconds

2025-03-06 00:02:14,538 | INFO : Validation runtime: 0.0 hours, 0.0 minutes, 0.3284289836883545 seconds

2025-03-06 00:02:14,540 | INFO : Avg val. time: 0.0 hours, 0.0 minutes, 0.33704465406912343 seconds
2025-03-06 00:02:14,540 | INFO : Avg val. time: 0.0 hours, 0.0 minutes, 0.33704465406912343 seconds
2025-03-06 00:02:14,540 | INFO : Avg val. time: 0.0 hours, 0.0 minutes, 0.33704465406912343 seconds
2025-03-06 00:02:14,540 | INFO : Avg val. time: 0.0 hours, 0.0 minutes, 0.33704465406912343 seconds
2025-03-06 00:02:14,540 | INFO : Avg val. time: 0.0 hours, 0.0 minutes, 0.33704465406912343 seconds
2025-03-06 00:02:14,540 | INFO : Avg val. time: 0.0 hours, 0.0 minutes, 0.33704465406912343 seconds
2025-03-06 00:02:14,540 | INFO : Avg val. time: 0.0 hours, 0.0 minutes, 0.33704465406912343 seconds
2025-03-06 00:02:14,540 | INFO : Avg val. time: 0.0 hours, 0.0 minutes, 0.33704465406912343 seconds
2025-03-06 00:02:14,541 | INFO : Avg batch val. time: 0.008426116351728085 seconds
2025-03-06 00:02:14,541 | INFO : Avg batch val. time: 0.008426116351728085 seconds
2025-03-06 00:02:14,541 | INFO : Avg batch val. time: 0.008426116351728085 seconds
2025-03-06 00:02:14,541 | INFO : Avg batch val. time: 0.008426116351728085 seconds
2025-03-06 00:02:14,541 | INFO : Avg batch val. time: 0.008426116351728085 seconds
2025-03-06 00:02:14,541 | INFO : Avg batch val. time: 0.008426116351728085 seconds
2025-03-06 00:02:14,541 | INFO : Avg batch val. time: 0.008426116351728085 seconds
2025-03-06 00:02:14,541 | INFO : Avg batch val. time: 0.008426116351728085 seconds
2025-03-06 00:02:14,543 | INFO : Avg sample val. time: 0.008426116351728085 seconds
2025-03-06 00:02:14,543 | INFO : Avg sample val. time: 0.008426116351728085 seconds
2025-03-06 00:02:14,543 | INFO : Avg sample val. time: 0.008426116351728085 seconds
2025-03-06 00:02:14,543 | INFO : Avg sample val. time: 0.008426116351728085 seconds
2025-03-06 00:02:14,543 | INFO : Avg sample val. time: 0.008426116351728085 seconds
2025-03-06 00:02:14,543 | INFO : Avg sample val. time: 0.008426116351728085 seconds
2025-03-06 00:02:14,543 | INFO : Avg sample val. time: 0.008426116351728085 seconds
2025-03-06 00:02:14,543 | INFO : Avg sample val. time: 0.008426116351728085 seconds
2025-03-06 00:02:14,544 | INFO : Epoch 53 Validation Summary: epoch: 53.000000 | loss: 0.087047 | 
2025-03-06 00:02:14,544 | INFO : Epoch 53 Validation Summary: epoch: 53.000000 | loss: 0.087047 | 
2025-03-06 00:02:14,544 | INFO : Epoch 53 Validation Summary: epoch: 53.000000 | loss: 0.087047 | 
2025-03-06 00:02:14,544 | INFO : Epoch 53 Validation Summary: epoch: 53.000000 | loss: 0.087047 | 
2025-03-06 00:02:14,544 | INFO : Epoch 53 Validation Summary: epoch: 53.000000 | loss: 0.087047 | 
2025-03-06 00:02:14,544 | INFO : Epoch 53 Validation Summary: epoch: 53.000000 | loss: 0.087047 | 
2025-03-06 00:02:14,544 | INFO : Epoch 53 Validation Summary: epoch: 53.000000 | loss: 0.087047 | 
2025-03-06 00:02:14,544 | INFO : Epoch 53 Validation Summary: epoch: 53.000000 | loss: 0.087047 | 
2025-03-06 00:02:14,590 | INFO : Evaluating on validation set ...
2025-03-06 00:02:14,590 | INFO : Evaluating on validation set ...
2025-03-06 00:02:14,590 | INFO : Evaluating on validation set ...
2025-03-06 00:02:14,590 | INFO : Evaluating on validation set ...
2025-03-06 00:02:14,590 | INFO : Evaluating on validation set ...
2025-03-06 00:02:14,590 | INFO : Evaluating on validation set ...
2025-03-06 00:02:14,590 | INFO : Evaluating on validation set ...
2025-03-06 00:02:14,590 | INFO : Evaluating on validation set ...
2025-03-06 00:02:14,933 | INFO : Validation runtime: 0.0 hours, 0.0 minutes, 0.3417174816131592 seconds

2025-03-06 00:02:14,933 | INFO : Validation runtime: 0.0 hours, 0.0 minutes, 0.3417174816131592 seconds

2025-03-06 00:02:14,933 | INFO : Validation runtime: 0.0 hours, 0.0 minutes, 0.3417174816131592 seconds

2025-03-06 00:02:14,933 | INFO : Validation runtime: 0.0 hours, 0.0 minutes, 0.3417174816131592 seconds

2025-03-06 00:02:14,933 | INFO : Validation runtime: 0.0 hours, 0.0 minutes, 0.3417174816131592 seconds

2025-03-06 00:02:14,933 | INFO : Validation runtime: 0.0 hours, 0.0 minutes, 0.3417174816131592 seconds

2025-03-06 00:02:14,933 | INFO : Validation runtime: 0.0 hours, 0.0 minutes, 0.3417174816131592 seconds

2025-03-06 00:02:14,933 | INFO : Validation runtime: 0.0 hours, 0.0 minutes, 0.3417174816131592 seconds

2025-03-06 00:02:14,935 | INFO : Avg val. time: 0.0 hours, 0.0 minutes, 0.3371296145699241 seconds
2025-03-06 00:02:14,935 | INFO : Avg val. time: 0.0 hours, 0.0 minutes, 0.3371296145699241 seconds
2025-03-06 00:02:14,935 | INFO : Avg val. time: 0.0 hours, 0.0 minutes, 0.3371296145699241 seconds
2025-03-06 00:02:14,935 | INFO : Avg val. time: 0.0 hours, 0.0 minutes, 0.3371296145699241 seconds
2025-03-06 00:02:14,935 | INFO : Avg val. time: 0.0 hours, 0.0 minutes, 0.3371296145699241 seconds
2025-03-06 00:02:14,935 | INFO : Avg val. time: 0.0 hours, 0.0 minutes, 0.3371296145699241 seconds
2025-03-06 00:02:14,935 | INFO : Avg val. time: 0.0 hours, 0.0 minutes, 0.3371296145699241 seconds
2025-03-06 00:02:14,935 | INFO : Avg val. time: 0.0 hours, 0.0 minutes, 0.3371296145699241 seconds
2025-03-06 00:02:14,937 | INFO : Avg batch val. time: 0.008428240364248102 seconds
2025-03-06 00:02:14,937 | INFO : Avg batch val. time: 0.008428240364248102 seconds
2025-03-06 00:02:14,937 | INFO : Avg batch val. time: 0.008428240364248102 seconds
2025-03-06 00:02:14,937 | INFO : Avg batch val. time: 0.008428240364248102 seconds
2025-03-06 00:02:14,937 | INFO : Avg batch val. time: 0.008428240364248102 seconds
2025-03-06 00:02:14,937 | INFO : Avg batch val. time: 0.008428240364248102 seconds
2025-03-06 00:02:14,937 | INFO : Avg batch val. time: 0.008428240364248102 seconds
2025-03-06 00:02:14,937 | INFO : Avg batch val. time: 0.008428240364248102 seconds
2025-03-06 00:02:14,938 | INFO : Avg sample val. time: 0.008428240364248102 seconds
2025-03-06 00:02:14,938 | INFO : Avg sample val. time: 0.008428240364248102 seconds
2025-03-06 00:02:14,938 | INFO : Avg sample val. time: 0.008428240364248102 seconds
2025-03-06 00:02:14,938 | INFO : Avg sample val. time: 0.008428240364248102 seconds
2025-03-06 00:02:14,938 | INFO : Avg sample val. time: 0.008428240364248102 seconds
2025-03-06 00:02:14,938 | INFO : Avg sample val. time: 0.008428240364248102 seconds
2025-03-06 00:02:14,938 | INFO : Avg sample val. time: 0.008428240364248102 seconds
2025-03-06 00:02:14,938 | INFO : Avg sample val. time: 0.008428240364248102 seconds
2025-03-06 00:02:14,940 | INFO : Epoch 54 Validation Summary: epoch: 54.000000 | loss: 0.086231 | 
2025-03-06 00:02:14,940 | INFO : Epoch 54 Validation Summary: epoch: 54.000000 | loss: 0.086231 | 
2025-03-06 00:02:14,940 | INFO : Epoch 54 Validation Summary: epoch: 54.000000 | loss: 0.086231 | 
2025-03-06 00:02:14,940 | INFO : Epoch 54 Validation Summary: epoch: 54.000000 | loss: 0.086231 | 
2025-03-06 00:02:14,940 | INFO : Epoch 54 Validation Summary: epoch: 54.000000 | loss: 0.086231 | 
2025-03-06 00:02:14,940 | INFO : Epoch 54 Validation Summary: epoch: 54.000000 | loss: 0.086231 | 
2025-03-06 00:02:14,940 | INFO : Epoch 54 Validation Summary: epoch: 54.000000 | loss: 0.086231 | 
2025-03-06 00:02:14,940 | INFO : Epoch 54 Validation Summary: epoch: 54.000000 | loss: 0.086231 | 
2025-03-06 00:02:14,986 | INFO : Evaluating on validation set ...
2025-03-06 00:02:14,986 | INFO : Evaluating on validation set ...
2025-03-06 00:02:14,986 | INFO : Evaluating on validation set ...
2025-03-06 00:02:14,986 | INFO : Evaluating on validation set ...
2025-03-06 00:02:14,986 | INFO : Evaluating on validation set ...
2025-03-06 00:02:14,986 | INFO : Evaluating on validation set ...
2025-03-06 00:02:14,986 | INFO : Evaluating on validation set ...
2025-03-06 00:02:14,986 | INFO : Evaluating on validation set ...
2025-03-06 00:02:15,326 | INFO : Validation runtime: 0.0 hours, 0.0 minutes, 0.33853864669799805 seconds

2025-03-06 00:02:15,326 | INFO : Validation runtime: 0.0 hours, 0.0 minutes, 0.33853864669799805 seconds

2025-03-06 00:02:15,326 | INFO : Validation runtime: 0.0 hours, 0.0 minutes, 0.33853864669799805 seconds

2025-03-06 00:02:15,326 | INFO : Validation runtime: 0.0 hours, 0.0 minutes, 0.33853864669799805 seconds

2025-03-06 00:02:15,326 | INFO : Validation runtime: 0.0 hours, 0.0 minutes, 0.33853864669799805 seconds

2025-03-06 00:02:15,326 | INFO : Validation runtime: 0.0 hours, 0.0 minutes, 0.33853864669799805 seconds

2025-03-06 00:02:15,326 | INFO : Validation runtime: 0.0 hours, 0.0 minutes, 0.33853864669799805 seconds

2025-03-06 00:02:15,326 | INFO : Validation runtime: 0.0 hours, 0.0 minutes, 0.33853864669799805 seconds

2025-03-06 00:02:15,328 | INFO : Avg val. time: 0.0 hours, 0.0 minutes, 0.3371547758579254 seconds
2025-03-06 00:02:15,328 | INFO : Avg val. time: 0.0 hours, 0.0 minutes, 0.3371547758579254 seconds
2025-03-06 00:02:15,328 | INFO : Avg val. time: 0.0 hours, 0.0 minutes, 0.3371547758579254 seconds
2025-03-06 00:02:15,328 | INFO : Avg val. time: 0.0 hours, 0.0 minutes, 0.3371547758579254 seconds
2025-03-06 00:02:15,328 | INFO : Avg val. time: 0.0 hours, 0.0 minutes, 0.3371547758579254 seconds
2025-03-06 00:02:15,328 | INFO : Avg val. time: 0.0 hours, 0.0 minutes, 0.3371547758579254 seconds
2025-03-06 00:02:15,328 | INFO : Avg val. time: 0.0 hours, 0.0 minutes, 0.3371547758579254 seconds
2025-03-06 00:02:15,328 | INFO : Avg val. time: 0.0 hours, 0.0 minutes, 0.3371547758579254 seconds
2025-03-06 00:02:15,329 | INFO : Avg batch val. time: 0.008428869396448135 seconds
2025-03-06 00:02:15,329 | INFO : Avg batch val. time: 0.008428869396448135 seconds
2025-03-06 00:02:15,329 | INFO : Avg batch val. time: 0.008428869396448135 seconds
2025-03-06 00:02:15,329 | INFO : Avg batch val. time: 0.008428869396448135 seconds
2025-03-06 00:02:15,329 | INFO : Avg batch val. time: 0.008428869396448135 seconds
2025-03-06 00:02:15,329 | INFO : Avg batch val. time: 0.008428869396448135 seconds
2025-03-06 00:02:15,329 | INFO : Avg batch val. time: 0.008428869396448135 seconds
2025-03-06 00:02:15,329 | INFO : Avg batch val. time: 0.008428869396448135 seconds
2025-03-06 00:02:15,331 | INFO : Avg sample val. time: 0.008428869396448135 seconds
2025-03-06 00:02:15,331 | INFO : Avg sample val. time: 0.008428869396448135 seconds
2025-03-06 00:02:15,331 | INFO : Avg sample val. time: 0.008428869396448135 seconds
2025-03-06 00:02:15,331 | INFO : Avg sample val. time: 0.008428869396448135 seconds
2025-03-06 00:02:15,331 | INFO : Avg sample val. time: 0.008428869396448135 seconds
2025-03-06 00:02:15,331 | INFO : Avg sample val. time: 0.008428869396448135 seconds
2025-03-06 00:02:15,331 | INFO : Avg sample val. time: 0.008428869396448135 seconds
2025-03-06 00:02:15,331 | INFO : Avg sample val. time: 0.008428869396448135 seconds
2025-03-06 00:02:15,332 | INFO : Epoch 55 Validation Summary: epoch: 55.000000 | loss: 0.085450 | 
2025-03-06 00:02:15,332 | INFO : Epoch 55 Validation Summary: epoch: 55.000000 | loss: 0.085450 | 
2025-03-06 00:02:15,332 | INFO : Epoch 55 Validation Summary: epoch: 55.000000 | loss: 0.085450 | 
2025-03-06 00:02:15,332 | INFO : Epoch 55 Validation Summary: epoch: 55.000000 | loss: 0.085450 | 
2025-03-06 00:02:15,332 | INFO : Epoch 55 Validation Summary: epoch: 55.000000 | loss: 0.085450 | 
2025-03-06 00:02:15,332 | INFO : Epoch 55 Validation Summary: epoch: 55.000000 | loss: 0.085450 | 
2025-03-06 00:02:15,332 | INFO : Epoch 55 Validation Summary: epoch: 55.000000 | loss: 0.085450 | 
2025-03-06 00:02:15,332 | INFO : Epoch 55 Validation Summary: epoch: 55.000000 | loss: 0.085450 | 
2025-03-06 00:02:15,379 | INFO : Evaluating on validation set ...
2025-03-06 00:02:15,379 | INFO : Evaluating on validation set ...
2025-03-06 00:02:15,379 | INFO : Evaluating on validation set ...
2025-03-06 00:02:15,379 | INFO : Evaluating on validation set ...
2025-03-06 00:02:15,379 | INFO : Evaluating on validation set ...
2025-03-06 00:02:15,379 | INFO : Evaluating on validation set ...
2025-03-06 00:02:15,379 | INFO : Evaluating on validation set ...
2025-03-06 00:02:15,379 | INFO : Evaluating on validation set ...
2025-03-06 00:02:15,713 | INFO : Validation runtime: 0.0 hours, 0.0 minutes, 0.3322453498840332 seconds

2025-03-06 00:02:15,713 | INFO : Validation runtime: 0.0 hours, 0.0 minutes, 0.3322453498840332 seconds

2025-03-06 00:02:15,713 | INFO : Validation runtime: 0.0 hours, 0.0 minutes, 0.3322453498840332 seconds

2025-03-06 00:02:15,713 | INFO : Validation runtime: 0.0 hours, 0.0 minutes, 0.3322453498840332 seconds

2025-03-06 00:02:15,713 | INFO : Validation runtime: 0.0 hours, 0.0 minutes, 0.3322453498840332 seconds

2025-03-06 00:02:15,713 | INFO : Validation runtime: 0.0 hours, 0.0 minutes, 0.3322453498840332 seconds

2025-03-06 00:02:15,713 | INFO : Validation runtime: 0.0 hours, 0.0 minutes, 0.3322453498840332 seconds

2025-03-06 00:02:15,713 | INFO : Validation runtime: 0.0 hours, 0.0 minutes, 0.3322453498840332 seconds

2025-03-06 00:02:15,714 | INFO : Avg val. time: 0.0 hours, 0.0 minutes, 0.3370686455776817 seconds
2025-03-06 00:02:15,714 | INFO : Avg val. time: 0.0 hours, 0.0 minutes, 0.3370686455776817 seconds
2025-03-06 00:02:15,714 | INFO : Avg val. time: 0.0 hours, 0.0 minutes, 0.3370686455776817 seconds
2025-03-06 00:02:15,714 | INFO : Avg val. time: 0.0 hours, 0.0 minutes, 0.3370686455776817 seconds
2025-03-06 00:02:15,714 | INFO : Avg val. time: 0.0 hours, 0.0 minutes, 0.3370686455776817 seconds
2025-03-06 00:02:15,714 | INFO : Avg val. time: 0.0 hours, 0.0 minutes, 0.3370686455776817 seconds
2025-03-06 00:02:15,714 | INFO : Avg val. time: 0.0 hours, 0.0 minutes, 0.3370686455776817 seconds
2025-03-06 00:02:15,714 | INFO : Avg val. time: 0.0 hours, 0.0 minutes, 0.3370686455776817 seconds
2025-03-06 00:02:15,716 | INFO : Avg batch val. time: 0.008426716139442042 seconds
2025-03-06 00:02:15,716 | INFO : Avg batch val. time: 0.008426716139442042 seconds
2025-03-06 00:02:15,716 | INFO : Avg batch val. time: 0.008426716139442042 seconds
2025-03-06 00:02:15,716 | INFO : Avg batch val. time: 0.008426716139442042 seconds
2025-03-06 00:02:15,716 | INFO : Avg batch val. time: 0.008426716139442042 seconds
2025-03-06 00:02:15,716 | INFO : Avg batch val. time: 0.008426716139442042 seconds
2025-03-06 00:02:15,716 | INFO : Avg batch val. time: 0.008426716139442042 seconds
2025-03-06 00:02:15,716 | INFO : Avg batch val. time: 0.008426716139442042 seconds
2025-03-06 00:02:15,717 | INFO : Avg sample val. time: 0.008426716139442042 seconds
2025-03-06 00:02:15,717 | INFO : Avg sample val. time: 0.008426716139442042 seconds
2025-03-06 00:02:15,717 | INFO : Avg sample val. time: 0.008426716139442042 seconds
2025-03-06 00:02:15,717 | INFO : Avg sample val. time: 0.008426716139442042 seconds
2025-03-06 00:02:15,717 | INFO : Avg sample val. time: 0.008426716139442042 seconds
2025-03-06 00:02:15,717 | INFO : Avg sample val. time: 0.008426716139442042 seconds
2025-03-06 00:02:15,717 | INFO : Avg sample val. time: 0.008426716139442042 seconds
2025-03-06 00:02:15,717 | INFO : Avg sample val. time: 0.008426716139442042 seconds
2025-03-06 00:02:15,719 | INFO : Epoch 56 Validation Summary: epoch: 56.000000 | loss: 0.084703 | 
2025-03-06 00:02:15,719 | INFO : Epoch 56 Validation Summary: epoch: 56.000000 | loss: 0.084703 | 
2025-03-06 00:02:15,719 | INFO : Epoch 56 Validation Summary: epoch: 56.000000 | loss: 0.084703 | 
2025-03-06 00:02:15,719 | INFO : Epoch 56 Validation Summary: epoch: 56.000000 | loss: 0.084703 | 
2025-03-06 00:02:15,719 | INFO : Epoch 56 Validation Summary: epoch: 56.000000 | loss: 0.084703 | 
2025-03-06 00:02:15,719 | INFO : Epoch 56 Validation Summary: epoch: 56.000000 | loss: 0.084703 | 
2025-03-06 00:02:15,719 | INFO : Epoch 56 Validation Summary: epoch: 56.000000 | loss: 0.084703 | 
2025-03-06 00:02:15,719 | INFO : Epoch 56 Validation Summary: epoch: 56.000000 | loss: 0.084703 | 
2025-03-06 00:02:15,766 | INFO : Evaluating on validation set ...
2025-03-06 00:02:15,766 | INFO : Evaluating on validation set ...
2025-03-06 00:02:15,766 | INFO : Evaluating on validation set ...
2025-03-06 00:02:15,766 | INFO : Evaluating on validation set ...
2025-03-06 00:02:15,766 | INFO : Evaluating on validation set ...
2025-03-06 00:02:15,766 | INFO : Evaluating on validation set ...
2025-03-06 00:02:15,766 | INFO : Evaluating on validation set ...
2025-03-06 00:02:15,766 | INFO : Evaluating on validation set ...
2025-03-06 00:02:16,099 | INFO : Validation runtime: 0.0 hours, 0.0 minutes, 0.3316497802734375 seconds

2025-03-06 00:02:16,099 | INFO : Validation runtime: 0.0 hours, 0.0 minutes, 0.3316497802734375 seconds

2025-03-06 00:02:16,099 | INFO : Validation runtime: 0.0 hours, 0.0 minutes, 0.3316497802734375 seconds

2025-03-06 00:02:16,099 | INFO : Validation runtime: 0.0 hours, 0.0 minutes, 0.3316497802734375 seconds

2025-03-06 00:02:16,099 | INFO : Validation runtime: 0.0 hours, 0.0 minutes, 0.3316497802734375 seconds

2025-03-06 00:02:16,099 | INFO : Validation runtime: 0.0 hours, 0.0 minutes, 0.3316497802734375 seconds

2025-03-06 00:02:16,099 | INFO : Validation runtime: 0.0 hours, 0.0 minutes, 0.3316497802734375 seconds

2025-03-06 00:02:16,099 | INFO : Validation runtime: 0.0 hours, 0.0 minutes, 0.3316497802734375 seconds

2025-03-06 00:02:16,101 | INFO : Avg val. time: 0.0 hours, 0.0 minutes, 0.33697521686553955 seconds
2025-03-06 00:02:16,101 | INFO : Avg val. time: 0.0 hours, 0.0 minutes, 0.33697521686553955 seconds
2025-03-06 00:02:16,101 | INFO : Avg val. time: 0.0 hours, 0.0 minutes, 0.33697521686553955 seconds
2025-03-06 00:02:16,101 | INFO : Avg val. time: 0.0 hours, 0.0 minutes, 0.33697521686553955 seconds
2025-03-06 00:02:16,101 | INFO : Avg val. time: 0.0 hours, 0.0 minutes, 0.33697521686553955 seconds
2025-03-06 00:02:16,101 | INFO : Avg val. time: 0.0 hours, 0.0 minutes, 0.33697521686553955 seconds
2025-03-06 00:02:16,101 | INFO : Avg val. time: 0.0 hours, 0.0 minutes, 0.33697521686553955 seconds
2025-03-06 00:02:16,101 | INFO : Avg val. time: 0.0 hours, 0.0 minutes, 0.33697521686553955 seconds
2025-03-06 00:02:16,102 | INFO : Avg batch val. time: 0.008424380421638488 seconds
2025-03-06 00:02:16,102 | INFO : Avg batch val. time: 0.008424380421638488 seconds
2025-03-06 00:02:16,102 | INFO : Avg batch val. time: 0.008424380421638488 seconds
2025-03-06 00:02:16,102 | INFO : Avg batch val. time: 0.008424380421638488 seconds
2025-03-06 00:02:16,102 | INFO : Avg batch val. time: 0.008424380421638488 seconds
2025-03-06 00:02:16,102 | INFO : Avg batch val. time: 0.008424380421638488 seconds
2025-03-06 00:02:16,102 | INFO : Avg batch val. time: 0.008424380421638488 seconds
2025-03-06 00:02:16,102 | INFO : Avg batch val. time: 0.008424380421638488 seconds
2025-03-06 00:02:16,104 | INFO : Avg sample val. time: 0.008424380421638488 seconds
2025-03-06 00:02:16,104 | INFO : Avg sample val. time: 0.008424380421638488 seconds
2025-03-06 00:02:16,104 | INFO : Avg sample val. time: 0.008424380421638488 seconds
2025-03-06 00:02:16,104 | INFO : Avg sample val. time: 0.008424380421638488 seconds
2025-03-06 00:02:16,104 | INFO : Avg sample val. time: 0.008424380421638488 seconds
2025-03-06 00:02:16,104 | INFO : Avg sample val. time: 0.008424380421638488 seconds
2025-03-06 00:02:16,104 | INFO : Avg sample val. time: 0.008424380421638488 seconds
2025-03-06 00:02:16,104 | INFO : Avg sample val. time: 0.008424380421638488 seconds
2025-03-06 00:02:16,105 | INFO : Epoch 57 Validation Summary: epoch: 57.000000 | loss: 0.083989 | 
2025-03-06 00:02:16,105 | INFO : Epoch 57 Validation Summary: epoch: 57.000000 | loss: 0.083989 | 
2025-03-06 00:02:16,105 | INFO : Epoch 57 Validation Summary: epoch: 57.000000 | loss: 0.083989 | 
2025-03-06 00:02:16,105 | INFO : Epoch 57 Validation Summary: epoch: 57.000000 | loss: 0.083989 | 
2025-03-06 00:02:16,105 | INFO : Epoch 57 Validation Summary: epoch: 57.000000 | loss: 0.083989 | 
2025-03-06 00:02:16,105 | INFO : Epoch 57 Validation Summary: epoch: 57.000000 | loss: 0.083989 | 
2025-03-06 00:02:16,105 | INFO : Epoch 57 Validation Summary: epoch: 57.000000 | loss: 0.083989 | 
2025-03-06 00:02:16,105 | INFO : Epoch 57 Validation Summary: epoch: 57.000000 | loss: 0.083989 | 
2025-03-06 00:02:16,152 | INFO : Evaluating on validation set ...
2025-03-06 00:02:16,152 | INFO : Evaluating on validation set ...
2025-03-06 00:02:16,152 | INFO : Evaluating on validation set ...
2025-03-06 00:02:16,152 | INFO : Evaluating on validation set ...
2025-03-06 00:02:16,152 | INFO : Evaluating on validation set ...
2025-03-06 00:02:16,152 | INFO : Evaluating on validation set ...
2025-03-06 00:02:16,152 | INFO : Evaluating on validation set ...
2025-03-06 00:02:16,152 | INFO : Evaluating on validation set ...
2025-03-06 00:02:16,492 | INFO : Validation runtime: 0.0 hours, 0.0 minutes, 0.3378162384033203 seconds

2025-03-06 00:02:16,492 | INFO : Validation runtime: 0.0 hours, 0.0 minutes, 0.3378162384033203 seconds

2025-03-06 00:02:16,492 | INFO : Validation runtime: 0.0 hours, 0.0 minutes, 0.3378162384033203 seconds

2025-03-06 00:02:16,492 | INFO : Validation runtime: 0.0 hours, 0.0 minutes, 0.3378162384033203 seconds

2025-03-06 00:02:16,492 | INFO : Validation runtime: 0.0 hours, 0.0 minutes, 0.3378162384033203 seconds

2025-03-06 00:02:16,492 | INFO : Validation runtime: 0.0 hours, 0.0 minutes, 0.3378162384033203 seconds

2025-03-06 00:02:16,492 | INFO : Validation runtime: 0.0 hours, 0.0 minutes, 0.3378162384033203 seconds

2025-03-06 00:02:16,492 | INFO : Validation runtime: 0.0 hours, 0.0 minutes, 0.3378162384033203 seconds

2025-03-06 00:02:16,493 | INFO : Avg val. time: 0.0 hours, 0.0 minutes, 0.33698947146787483 seconds
2025-03-06 00:02:16,493 | INFO : Avg val. time: 0.0 hours, 0.0 minutes, 0.33698947146787483 seconds
2025-03-06 00:02:16,493 | INFO : Avg val. time: 0.0 hours, 0.0 minutes, 0.33698947146787483 seconds
2025-03-06 00:02:16,493 | INFO : Avg val. time: 0.0 hours, 0.0 minutes, 0.33698947146787483 seconds
2025-03-06 00:02:16,493 | INFO : Avg val. time: 0.0 hours, 0.0 minutes, 0.33698947146787483 seconds
2025-03-06 00:02:16,493 | INFO : Avg val. time: 0.0 hours, 0.0 minutes, 0.33698947146787483 seconds
2025-03-06 00:02:16,493 | INFO : Avg val. time: 0.0 hours, 0.0 minutes, 0.33698947146787483 seconds
2025-03-06 00:02:16,493 | INFO : Avg val. time: 0.0 hours, 0.0 minutes, 0.33698947146787483 seconds
2025-03-06 00:02:16,495 | INFO : Avg batch val. time: 0.008424736786696871 seconds
2025-03-06 00:02:16,495 | INFO : Avg batch val. time: 0.008424736786696871 seconds
2025-03-06 00:02:16,495 | INFO : Avg batch val. time: 0.008424736786696871 seconds
2025-03-06 00:02:16,495 | INFO : Avg batch val. time: 0.008424736786696871 seconds
2025-03-06 00:02:16,495 | INFO : Avg batch val. time: 0.008424736786696871 seconds
2025-03-06 00:02:16,495 | INFO : Avg batch val. time: 0.008424736786696871 seconds
2025-03-06 00:02:16,495 | INFO : Avg batch val. time: 0.008424736786696871 seconds
2025-03-06 00:02:16,495 | INFO : Avg batch val. time: 0.008424736786696871 seconds
2025-03-06 00:02:16,496 | INFO : Avg sample val. time: 0.008424736786696871 seconds
2025-03-06 00:02:16,496 | INFO : Avg sample val. time: 0.008424736786696871 seconds
2025-03-06 00:02:16,496 | INFO : Avg sample val. time: 0.008424736786696871 seconds
2025-03-06 00:02:16,496 | INFO : Avg sample val. time: 0.008424736786696871 seconds
2025-03-06 00:02:16,496 | INFO : Avg sample val. time: 0.008424736786696871 seconds
2025-03-06 00:02:16,496 | INFO : Avg sample val. time: 0.008424736786696871 seconds
2025-03-06 00:02:16,496 | INFO : Avg sample val. time: 0.008424736786696871 seconds
2025-03-06 00:02:16,496 | INFO : Avg sample val. time: 0.008424736786696871 seconds
2025-03-06 00:02:16,508 | INFO : Epoch 58 Validation Summary: epoch: 58.000000 | loss: 0.083308 | 
2025-03-06 00:02:16,508 | INFO : Epoch 58 Validation Summary: epoch: 58.000000 | loss: 0.083308 | 
2025-03-06 00:02:16,508 | INFO : Epoch 58 Validation Summary: epoch: 58.000000 | loss: 0.083308 | 
2025-03-06 00:02:16,508 | INFO : Epoch 58 Validation Summary: epoch: 58.000000 | loss: 0.083308 | 
2025-03-06 00:02:16,508 | INFO : Epoch 58 Validation Summary: epoch: 58.000000 | loss: 0.083308 | 
2025-03-06 00:02:16,508 | INFO : Epoch 58 Validation Summary: epoch: 58.000000 | loss: 0.083308 | 
2025-03-06 00:02:16,508 | INFO : Epoch 58 Validation Summary: epoch: 58.000000 | loss: 0.083308 | 
2025-03-06 00:02:16,508 | INFO : Epoch 58 Validation Summary: epoch: 58.000000 | loss: 0.083308 | 
2025-03-06 00:02:16,557 | INFO : Evaluating on validation set ...
2025-03-06 00:02:16,557 | INFO : Evaluating on validation set ...
2025-03-06 00:02:16,557 | INFO : Evaluating on validation set ...
2025-03-06 00:02:16,557 | INFO : Evaluating on validation set ...
2025-03-06 00:02:16,557 | INFO : Evaluating on validation set ...
2025-03-06 00:02:16,557 | INFO : Evaluating on validation set ...
2025-03-06 00:02:16,557 | INFO : Evaluating on validation set ...
2025-03-06 00:02:16,557 | INFO : Evaluating on validation set ...
2025-03-06 00:02:16,898 | INFO : Validation runtime: 0.0 hours, 0.0 minutes, 0.3391282558441162 seconds

2025-03-06 00:02:16,898 | INFO : Validation runtime: 0.0 hours, 0.0 minutes, 0.3391282558441162 seconds

2025-03-06 00:02:16,898 | INFO : Validation runtime: 0.0 hours, 0.0 minutes, 0.3391282558441162 seconds

2025-03-06 00:02:16,898 | INFO : Validation runtime: 0.0 hours, 0.0 minutes, 0.3391282558441162 seconds

2025-03-06 00:02:16,898 | INFO : Validation runtime: 0.0 hours, 0.0 minutes, 0.3391282558441162 seconds

2025-03-06 00:02:16,898 | INFO : Validation runtime: 0.0 hours, 0.0 minutes, 0.3391282558441162 seconds

2025-03-06 00:02:16,898 | INFO : Validation runtime: 0.0 hours, 0.0 minutes, 0.3391282558441162 seconds

2025-03-06 00:02:16,898 | INFO : Validation runtime: 0.0 hours, 0.0 minutes, 0.3391282558441162 seconds

2025-03-06 00:02:16,899 | INFO : Avg val. time: 0.0 hours, 0.0 minutes, 0.3370251178741455 seconds
2025-03-06 00:02:16,899 | INFO : Avg val. time: 0.0 hours, 0.0 minutes, 0.3370251178741455 seconds
2025-03-06 00:02:16,899 | INFO : Avg val. time: 0.0 hours, 0.0 minutes, 0.3370251178741455 seconds
2025-03-06 00:02:16,899 | INFO : Avg val. time: 0.0 hours, 0.0 minutes, 0.3370251178741455 seconds
2025-03-06 00:02:16,899 | INFO : Avg val. time: 0.0 hours, 0.0 minutes, 0.3370251178741455 seconds
2025-03-06 00:02:16,899 | INFO : Avg val. time: 0.0 hours, 0.0 minutes, 0.3370251178741455 seconds
2025-03-06 00:02:16,899 | INFO : Avg val. time: 0.0 hours, 0.0 minutes, 0.3370251178741455 seconds
2025-03-06 00:02:16,899 | INFO : Avg val. time: 0.0 hours, 0.0 minutes, 0.3370251178741455 seconds
2025-03-06 00:02:16,901 | INFO : Avg batch val. time: 0.008425627946853639 seconds
2025-03-06 00:02:16,901 | INFO : Avg batch val. time: 0.008425627946853639 seconds
2025-03-06 00:02:16,901 | INFO : Avg batch val. time: 0.008425627946853639 seconds
2025-03-06 00:02:16,901 | INFO : Avg batch val. time: 0.008425627946853639 seconds
2025-03-06 00:02:16,901 | INFO : Avg batch val. time: 0.008425627946853639 seconds
2025-03-06 00:02:16,901 | INFO : Avg batch val. time: 0.008425627946853639 seconds
2025-03-06 00:02:16,901 | INFO : Avg batch val. time: 0.008425627946853639 seconds
2025-03-06 00:02:16,901 | INFO : Avg batch val. time: 0.008425627946853639 seconds
2025-03-06 00:02:16,903 | INFO : Avg sample val. time: 0.008425627946853639 seconds
2025-03-06 00:02:16,903 | INFO : Avg sample val. time: 0.008425627946853639 seconds
2025-03-06 00:02:16,903 | INFO : Avg sample val. time: 0.008425627946853639 seconds
2025-03-06 00:02:16,903 | INFO : Avg sample val. time: 0.008425627946853639 seconds
2025-03-06 00:02:16,903 | INFO : Avg sample val. time: 0.008425627946853639 seconds
2025-03-06 00:02:16,903 | INFO : Avg sample val. time: 0.008425627946853639 seconds
2025-03-06 00:02:16,903 | INFO : Avg sample val. time: 0.008425627946853639 seconds
2025-03-06 00:02:16,903 | INFO : Avg sample val. time: 0.008425627946853639 seconds
2025-03-06 00:02:16,904 | INFO : Epoch 59 Validation Summary: epoch: 59.000000 | loss: 0.082659 | 
2025-03-06 00:02:16,904 | INFO : Epoch 59 Validation Summary: epoch: 59.000000 | loss: 0.082659 | 
2025-03-06 00:02:16,904 | INFO : Epoch 59 Validation Summary: epoch: 59.000000 | loss: 0.082659 | 
2025-03-06 00:02:16,904 | INFO : Epoch 59 Validation Summary: epoch: 59.000000 | loss: 0.082659 | 
2025-03-06 00:02:16,904 | INFO : Epoch 59 Validation Summary: epoch: 59.000000 | loss: 0.082659 | 
2025-03-06 00:02:16,904 | INFO : Epoch 59 Validation Summary: epoch: 59.000000 | loss: 0.082659 | 
2025-03-06 00:02:16,904 | INFO : Epoch 59 Validation Summary: epoch: 59.000000 | loss: 0.082659 | 
2025-03-06 00:02:16,904 | INFO : Epoch 59 Validation Summary: epoch: 59.000000 | loss: 0.082659 | 
2025-03-06 00:02:16,951 | INFO : Evaluating on validation set ...
2025-03-06 00:02:16,951 | INFO : Evaluating on validation set ...
2025-03-06 00:02:16,951 | INFO : Evaluating on validation set ...
2025-03-06 00:02:16,951 | INFO : Evaluating on validation set ...
2025-03-06 00:02:16,951 | INFO : Evaluating on validation set ...
2025-03-06 00:02:16,951 | INFO : Evaluating on validation set ...
2025-03-06 00:02:16,951 | INFO : Evaluating on validation set ...
2025-03-06 00:02:16,951 | INFO : Evaluating on validation set ...
2025-03-06 00:02:17,290 | INFO : Validation runtime: 0.0 hours, 0.0 minutes, 0.3373391628265381 seconds

2025-03-06 00:02:17,290 | INFO : Validation runtime: 0.0 hours, 0.0 minutes, 0.3373391628265381 seconds

2025-03-06 00:02:17,290 | INFO : Validation runtime: 0.0 hours, 0.0 minutes, 0.3373391628265381 seconds

2025-03-06 00:02:17,290 | INFO : Validation runtime: 0.0 hours, 0.0 minutes, 0.3373391628265381 seconds

2025-03-06 00:02:17,290 | INFO : Validation runtime: 0.0 hours, 0.0 minutes, 0.3373391628265381 seconds

2025-03-06 00:02:17,290 | INFO : Validation runtime: 0.0 hours, 0.0 minutes, 0.3373391628265381 seconds

2025-03-06 00:02:17,290 | INFO : Validation runtime: 0.0 hours, 0.0 minutes, 0.3373391628265381 seconds

2025-03-06 00:02:17,290 | INFO : Validation runtime: 0.0 hours, 0.0 minutes, 0.3373391628265381 seconds

2025-03-06 00:02:17,291 | INFO : Avg val. time: 0.0 hours, 0.0 minutes, 0.33703026615205356 seconds
2025-03-06 00:02:17,291 | INFO : Avg val. time: 0.0 hours, 0.0 minutes, 0.33703026615205356 seconds
2025-03-06 00:02:17,291 | INFO : Avg val. time: 0.0 hours, 0.0 minutes, 0.33703026615205356 seconds
2025-03-06 00:02:17,291 | INFO : Avg val. time: 0.0 hours, 0.0 minutes, 0.33703026615205356 seconds
2025-03-06 00:02:17,291 | INFO : Avg val. time: 0.0 hours, 0.0 minutes, 0.33703026615205356 seconds
2025-03-06 00:02:17,291 | INFO : Avg val. time: 0.0 hours, 0.0 minutes, 0.33703026615205356 seconds
2025-03-06 00:02:17,291 | INFO : Avg val. time: 0.0 hours, 0.0 minutes, 0.33703026615205356 seconds
2025-03-06 00:02:17,291 | INFO : Avg val. time: 0.0 hours, 0.0 minutes, 0.33703026615205356 seconds
2025-03-06 00:02:17,293 | INFO : Avg batch val. time: 0.008425756653801339 seconds
2025-03-06 00:02:17,293 | INFO : Avg batch val. time: 0.008425756653801339 seconds
2025-03-06 00:02:17,293 | INFO : Avg batch val. time: 0.008425756653801339 seconds
2025-03-06 00:02:17,293 | INFO : Avg batch val. time: 0.008425756653801339 seconds
2025-03-06 00:02:17,293 | INFO : Avg batch val. time: 0.008425756653801339 seconds
2025-03-06 00:02:17,293 | INFO : Avg batch val. time: 0.008425756653801339 seconds
2025-03-06 00:02:17,293 | INFO : Avg batch val. time: 0.008425756653801339 seconds
2025-03-06 00:02:17,293 | INFO : Avg batch val. time: 0.008425756653801339 seconds
2025-03-06 00:02:17,295 | INFO : Avg sample val. time: 0.008425756653801339 seconds
2025-03-06 00:02:17,295 | INFO : Avg sample val. time: 0.008425756653801339 seconds
2025-03-06 00:02:17,295 | INFO : Avg sample val. time: 0.008425756653801339 seconds
2025-03-06 00:02:17,295 | INFO : Avg sample val. time: 0.008425756653801339 seconds
2025-03-06 00:02:17,295 | INFO : Avg sample val. time: 0.008425756653801339 seconds
2025-03-06 00:02:17,295 | INFO : Avg sample val. time: 0.008425756653801339 seconds
2025-03-06 00:02:17,295 | INFO : Avg sample val. time: 0.008425756653801339 seconds
2025-03-06 00:02:17,295 | INFO : Avg sample val. time: 0.008425756653801339 seconds
2025-03-06 00:02:17,296 | INFO : Epoch 60 Validation Summary: epoch: 60.000000 | loss: 0.082040 | 
2025-03-06 00:02:17,296 | INFO : Epoch 60 Validation Summary: epoch: 60.000000 | loss: 0.082040 | 
2025-03-06 00:02:17,296 | INFO : Epoch 60 Validation Summary: epoch: 60.000000 | loss: 0.082040 | 
2025-03-06 00:02:17,296 | INFO : Epoch 60 Validation Summary: epoch: 60.000000 | loss: 0.082040 | 
2025-03-06 00:02:17,296 | INFO : Epoch 60 Validation Summary: epoch: 60.000000 | loss: 0.082040 | 
2025-03-06 00:02:17,296 | INFO : Epoch 60 Validation Summary: epoch: 60.000000 | loss: 0.082040 | 
2025-03-06 00:02:17,296 | INFO : Epoch 60 Validation Summary: epoch: 60.000000 | loss: 0.082040 | 
2025-03-06 00:02:17,296 | INFO : Epoch 60 Validation Summary: epoch: 60.000000 | loss: 0.082040 | 
2025-03-06 00:02:17,342 | INFO : Evaluating on validation set ...
2025-03-06 00:02:17,342 | INFO : Evaluating on validation set ...
2025-03-06 00:02:17,342 | INFO : Evaluating on validation set ...
2025-03-06 00:02:17,342 | INFO : Evaluating on validation set ...
2025-03-06 00:02:17,342 | INFO : Evaluating on validation set ...
2025-03-06 00:02:17,342 | INFO : Evaluating on validation set ...
2025-03-06 00:02:17,342 | INFO : Evaluating on validation set ...
2025-03-06 00:02:17,342 | INFO : Evaluating on validation set ...
2025-03-06 00:02:17,677 | INFO : Validation runtime: 0.0 hours, 0.0 minutes, 0.3330850601196289 seconds

2025-03-06 00:02:17,677 | INFO : Validation runtime: 0.0 hours, 0.0 minutes, 0.3330850601196289 seconds

2025-03-06 00:02:17,677 | INFO : Validation runtime: 0.0 hours, 0.0 minutes, 0.3330850601196289 seconds

2025-03-06 00:02:17,677 | INFO : Validation runtime: 0.0 hours, 0.0 minutes, 0.3330850601196289 seconds

2025-03-06 00:02:17,677 | INFO : Validation runtime: 0.0 hours, 0.0 minutes, 0.3330850601196289 seconds

2025-03-06 00:02:17,677 | INFO : Validation runtime: 0.0 hours, 0.0 minutes, 0.3330850601196289 seconds

2025-03-06 00:02:17,677 | INFO : Validation runtime: 0.0 hours, 0.0 minutes, 0.3330850601196289 seconds

2025-03-06 00:02:17,677 | INFO : Validation runtime: 0.0 hours, 0.0 minutes, 0.3330850601196289 seconds

2025-03-06 00:02:17,679 | INFO : Avg val. time: 0.0 hours, 0.0 minutes, 0.3369666337966919 seconds
2025-03-06 00:02:17,679 | INFO : Avg val. time: 0.0 hours, 0.0 minutes, 0.3369666337966919 seconds
2025-03-06 00:02:17,679 | INFO : Avg val. time: 0.0 hours, 0.0 minutes, 0.3369666337966919 seconds
2025-03-06 00:02:17,679 | INFO : Avg val. time: 0.0 hours, 0.0 minutes, 0.3369666337966919 seconds
2025-03-06 00:02:17,679 | INFO : Avg val. time: 0.0 hours, 0.0 minutes, 0.3369666337966919 seconds
2025-03-06 00:02:17,679 | INFO : Avg val. time: 0.0 hours, 0.0 minutes, 0.3369666337966919 seconds
2025-03-06 00:02:17,679 | INFO : Avg val. time: 0.0 hours, 0.0 minutes, 0.3369666337966919 seconds
2025-03-06 00:02:17,679 | INFO : Avg val. time: 0.0 hours, 0.0 minutes, 0.3369666337966919 seconds
2025-03-06 00:02:17,680 | INFO : Avg batch val. time: 0.008424165844917297 seconds
2025-03-06 00:02:17,680 | INFO : Avg batch val. time: 0.008424165844917297 seconds
2025-03-06 00:02:17,680 | INFO : Avg batch val. time: 0.008424165844917297 seconds
2025-03-06 00:02:17,680 | INFO : Avg batch val. time: 0.008424165844917297 seconds
2025-03-06 00:02:17,680 | INFO : Avg batch val. time: 0.008424165844917297 seconds
2025-03-06 00:02:17,680 | INFO : Avg batch val. time: 0.008424165844917297 seconds
2025-03-06 00:02:17,680 | INFO : Avg batch val. time: 0.008424165844917297 seconds
2025-03-06 00:02:17,680 | INFO : Avg batch val. time: 0.008424165844917297 seconds
2025-03-06 00:02:17,682 | INFO : Avg sample val. time: 0.008424165844917297 seconds
2025-03-06 00:02:17,682 | INFO : Avg sample val. time: 0.008424165844917297 seconds
2025-03-06 00:02:17,682 | INFO : Avg sample val. time: 0.008424165844917297 seconds
2025-03-06 00:02:17,682 | INFO : Avg sample val. time: 0.008424165844917297 seconds
2025-03-06 00:02:17,682 | INFO : Avg sample val. time: 0.008424165844917297 seconds
2025-03-06 00:02:17,682 | INFO : Avg sample val. time: 0.008424165844917297 seconds
2025-03-06 00:02:17,682 | INFO : Avg sample val. time: 0.008424165844917297 seconds
2025-03-06 00:02:17,682 | INFO : Avg sample val. time: 0.008424165844917297 seconds
2025-03-06 00:02:17,683 | INFO : Epoch 61 Validation Summary: epoch: 61.000000 | loss: 0.081450 | 
2025-03-06 00:02:17,683 | INFO : Epoch 61 Validation Summary: epoch: 61.000000 | loss: 0.081450 | 
2025-03-06 00:02:17,683 | INFO : Epoch 61 Validation Summary: epoch: 61.000000 | loss: 0.081450 | 
2025-03-06 00:02:17,683 | INFO : Epoch 61 Validation Summary: epoch: 61.000000 | loss: 0.081450 | 
2025-03-06 00:02:17,683 | INFO : Epoch 61 Validation Summary: epoch: 61.000000 | loss: 0.081450 | 
2025-03-06 00:02:17,683 | INFO : Epoch 61 Validation Summary: epoch: 61.000000 | loss: 0.081450 | 
2025-03-06 00:02:17,683 | INFO : Epoch 61 Validation Summary: epoch: 61.000000 | loss: 0.081450 | 
2025-03-06 00:02:17,683 | INFO : Epoch 61 Validation Summary: epoch: 61.000000 | loss: 0.081450 | 
2025-03-06 00:02:17,729 | INFO : Evaluating on validation set ...
2025-03-06 00:02:17,729 | INFO : Evaluating on validation set ...
2025-03-06 00:02:17,729 | INFO : Evaluating on validation set ...
2025-03-06 00:02:17,729 | INFO : Evaluating on validation set ...
2025-03-06 00:02:17,729 | INFO : Evaluating on validation set ...
2025-03-06 00:02:17,729 | INFO : Evaluating on validation set ...
2025-03-06 00:02:17,729 | INFO : Evaluating on validation set ...
2025-03-06 00:02:17,729 | INFO : Evaluating on validation set ...
2025-03-06 00:02:18,062 | INFO : Validation runtime: 0.0 hours, 0.0 minutes, 0.33133983612060547 seconds

2025-03-06 00:02:18,062 | INFO : Validation runtime: 0.0 hours, 0.0 minutes, 0.33133983612060547 seconds

2025-03-06 00:02:18,062 | INFO : Validation runtime: 0.0 hours, 0.0 minutes, 0.33133983612060547 seconds

2025-03-06 00:02:18,062 | INFO : Validation runtime: 0.0 hours, 0.0 minutes, 0.33133983612060547 seconds

2025-03-06 00:02:18,062 | INFO : Validation runtime: 0.0 hours, 0.0 minutes, 0.33133983612060547 seconds

2025-03-06 00:02:18,062 | INFO : Validation runtime: 0.0 hours, 0.0 minutes, 0.33133983612060547 seconds

2025-03-06 00:02:18,062 | INFO : Validation runtime: 0.0 hours, 0.0 minutes, 0.33133983612060547 seconds

2025-03-06 00:02:18,062 | INFO : Validation runtime: 0.0 hours, 0.0 minutes, 0.33133983612060547 seconds

2025-03-06 00:02:18,063 | INFO : Avg val. time: 0.0 hours, 0.0 minutes, 0.33687731954786515 seconds
2025-03-06 00:02:18,063 | INFO : Avg val. time: 0.0 hours, 0.0 minutes, 0.33687731954786515 seconds
2025-03-06 00:02:18,063 | INFO : Avg val. time: 0.0 hours, 0.0 minutes, 0.33687731954786515 seconds
2025-03-06 00:02:18,063 | INFO : Avg val. time: 0.0 hours, 0.0 minutes, 0.33687731954786515 seconds
2025-03-06 00:02:18,063 | INFO : Avg val. time: 0.0 hours, 0.0 minutes, 0.33687731954786515 seconds
2025-03-06 00:02:18,063 | INFO : Avg val. time: 0.0 hours, 0.0 minutes, 0.33687731954786515 seconds
2025-03-06 00:02:18,063 | INFO : Avg val. time: 0.0 hours, 0.0 minutes, 0.33687731954786515 seconds
2025-03-06 00:02:18,063 | INFO : Avg val. time: 0.0 hours, 0.0 minutes, 0.33687731954786515 seconds
2025-03-06 00:02:18,065 | INFO : Avg batch val. time: 0.008421932988696628 seconds
2025-03-06 00:02:18,065 | INFO : Avg batch val. time: 0.008421932988696628 seconds
2025-03-06 00:02:18,065 | INFO : Avg batch val. time: 0.008421932988696628 seconds
2025-03-06 00:02:18,065 | INFO : Avg batch val. time: 0.008421932988696628 seconds
2025-03-06 00:02:18,065 | INFO : Avg batch val. time: 0.008421932988696628 seconds
2025-03-06 00:02:18,065 | INFO : Avg batch val. time: 0.008421932988696628 seconds
2025-03-06 00:02:18,065 | INFO : Avg batch val. time: 0.008421932988696628 seconds
2025-03-06 00:02:18,065 | INFO : Avg batch val. time: 0.008421932988696628 seconds
2025-03-06 00:02:18,066 | INFO : Avg sample val. time: 0.008421932988696628 seconds
2025-03-06 00:02:18,066 | INFO : Avg sample val. time: 0.008421932988696628 seconds
2025-03-06 00:02:18,066 | INFO : Avg sample val. time: 0.008421932988696628 seconds
2025-03-06 00:02:18,066 | INFO : Avg sample val. time: 0.008421932988696628 seconds
2025-03-06 00:02:18,066 | INFO : Avg sample val. time: 0.008421932988696628 seconds
2025-03-06 00:02:18,066 | INFO : Avg sample val. time: 0.008421932988696628 seconds
2025-03-06 00:02:18,066 | INFO : Avg sample val. time: 0.008421932988696628 seconds
2025-03-06 00:02:18,066 | INFO : Avg sample val. time: 0.008421932988696628 seconds
2025-03-06 00:02:18,068 | INFO : Epoch 62 Validation Summary: epoch: 62.000000 | loss: 0.080888 | 
2025-03-06 00:02:18,068 | INFO : Epoch 62 Validation Summary: epoch: 62.000000 | loss: 0.080888 | 
2025-03-06 00:02:18,068 | INFO : Epoch 62 Validation Summary: epoch: 62.000000 | loss: 0.080888 | 
2025-03-06 00:02:18,068 | INFO : Epoch 62 Validation Summary: epoch: 62.000000 | loss: 0.080888 | 
2025-03-06 00:02:18,068 | INFO : Epoch 62 Validation Summary: epoch: 62.000000 | loss: 0.080888 | 
2025-03-06 00:02:18,068 | INFO : Epoch 62 Validation Summary: epoch: 62.000000 | loss: 0.080888 | 
2025-03-06 00:02:18,068 | INFO : Epoch 62 Validation Summary: epoch: 62.000000 | loss: 0.080888 | 
2025-03-06 00:02:18,068 | INFO : Epoch 62 Validation Summary: epoch: 62.000000 | loss: 0.080888 | 
2025-03-06 00:02:18,114 | INFO : Evaluating on validation set ...
2025-03-06 00:02:18,114 | INFO : Evaluating on validation set ...
2025-03-06 00:02:18,114 | INFO : Evaluating on validation set ...
2025-03-06 00:02:18,114 | INFO : Evaluating on validation set ...
2025-03-06 00:02:18,114 | INFO : Evaluating on validation set ...
2025-03-06 00:02:18,114 | INFO : Evaluating on validation set ...
2025-03-06 00:02:18,114 | INFO : Evaluating on validation set ...
2025-03-06 00:02:18,114 | INFO : Evaluating on validation set ...
2025-03-06 00:02:18,453 | INFO : Validation runtime: 0.0 hours, 0.0 minutes, 0.33754873275756836 seconds

2025-03-06 00:02:18,453 | INFO : Validation runtime: 0.0 hours, 0.0 minutes, 0.33754873275756836 seconds

2025-03-06 00:02:18,453 | INFO : Validation runtime: 0.0 hours, 0.0 minutes, 0.33754873275756836 seconds

2025-03-06 00:02:18,453 | INFO : Validation runtime: 0.0 hours, 0.0 minutes, 0.33754873275756836 seconds

2025-03-06 00:02:18,453 | INFO : Validation runtime: 0.0 hours, 0.0 minutes, 0.33754873275756836 seconds

2025-03-06 00:02:18,453 | INFO : Validation runtime: 0.0 hours, 0.0 minutes, 0.33754873275756836 seconds

2025-03-06 00:02:18,453 | INFO : Validation runtime: 0.0 hours, 0.0 minutes, 0.33754873275756836 seconds

2025-03-06 00:02:18,453 | INFO : Validation runtime: 0.0 hours, 0.0 minutes, 0.33754873275756836 seconds

2025-03-06 00:02:18,455 | INFO : Avg val. time: 0.0 hours, 0.0 minutes, 0.33688781037926674 seconds
2025-03-06 00:02:18,455 | INFO : Avg val. time: 0.0 hours, 0.0 minutes, 0.33688781037926674 seconds
2025-03-06 00:02:18,455 | INFO : Avg val. time: 0.0 hours, 0.0 minutes, 0.33688781037926674 seconds
2025-03-06 00:02:18,455 | INFO : Avg val. time: 0.0 hours, 0.0 minutes, 0.33688781037926674 seconds
2025-03-06 00:02:18,455 | INFO : Avg val. time: 0.0 hours, 0.0 minutes, 0.33688781037926674 seconds
2025-03-06 00:02:18,455 | INFO : Avg val. time: 0.0 hours, 0.0 minutes, 0.33688781037926674 seconds
2025-03-06 00:02:18,455 | INFO : Avg val. time: 0.0 hours, 0.0 minutes, 0.33688781037926674 seconds
2025-03-06 00:02:18,455 | INFO : Avg val. time: 0.0 hours, 0.0 minutes, 0.33688781037926674 seconds
2025-03-06 00:02:18,457 | INFO : Avg batch val. time: 0.00842219525948167 seconds
2025-03-06 00:02:18,457 | INFO : Avg batch val. time: 0.00842219525948167 seconds
2025-03-06 00:02:18,457 | INFO : Avg batch val. time: 0.00842219525948167 seconds
2025-03-06 00:02:18,457 | INFO : Avg batch val. time: 0.00842219525948167 seconds
2025-03-06 00:02:18,457 | INFO : Avg batch val. time: 0.00842219525948167 seconds
2025-03-06 00:02:18,457 | INFO : Avg batch val. time: 0.00842219525948167 seconds
2025-03-06 00:02:18,457 | INFO : Avg batch val. time: 0.00842219525948167 seconds
2025-03-06 00:02:18,457 | INFO : Avg batch val. time: 0.00842219525948167 seconds
2025-03-06 00:02:18,458 | INFO : Avg sample val. time: 0.00842219525948167 seconds
2025-03-06 00:02:18,458 | INFO : Avg sample val. time: 0.00842219525948167 seconds
2025-03-06 00:02:18,458 | INFO : Avg sample val. time: 0.00842219525948167 seconds
2025-03-06 00:02:18,458 | INFO : Avg sample val. time: 0.00842219525948167 seconds
2025-03-06 00:02:18,458 | INFO : Avg sample val. time: 0.00842219525948167 seconds
2025-03-06 00:02:18,458 | INFO : Avg sample val. time: 0.00842219525948167 seconds
2025-03-06 00:02:18,458 | INFO : Avg sample val. time: 0.00842219525948167 seconds
2025-03-06 00:02:18,458 | INFO : Avg sample val. time: 0.00842219525948167 seconds
2025-03-06 00:02:18,460 | INFO : Epoch 63 Validation Summary: epoch: 63.000000 | loss: 0.080351 | 
2025-03-06 00:02:18,460 | INFO : Epoch 63 Validation Summary: epoch: 63.000000 | loss: 0.080351 | 
2025-03-06 00:02:18,460 | INFO : Epoch 63 Validation Summary: epoch: 63.000000 | loss: 0.080351 | 
2025-03-06 00:02:18,460 | INFO : Epoch 63 Validation Summary: epoch: 63.000000 | loss: 0.080351 | 
2025-03-06 00:02:18,460 | INFO : Epoch 63 Validation Summary: epoch: 63.000000 | loss: 0.080351 | 
2025-03-06 00:02:18,460 | INFO : Epoch 63 Validation Summary: epoch: 63.000000 | loss: 0.080351 | 
2025-03-06 00:02:18,460 | INFO : Epoch 63 Validation Summary: epoch: 63.000000 | loss: 0.080351 | 
2025-03-06 00:02:18,460 | INFO : Epoch 63 Validation Summary: epoch: 63.000000 | loss: 0.080351 | 
2025-03-06 00:02:18,512 | INFO : Evaluating on validation set ...
2025-03-06 00:02:18,512 | INFO : Evaluating on validation set ...
2025-03-06 00:02:18,512 | INFO : Evaluating on validation set ...
2025-03-06 00:02:18,512 | INFO : Evaluating on validation set ...
2025-03-06 00:02:18,512 | INFO : Evaluating on validation set ...
2025-03-06 00:02:18,512 | INFO : Evaluating on validation set ...
2025-03-06 00:02:18,512 | INFO : Evaluating on validation set ...
2025-03-06 00:02:18,512 | INFO : Evaluating on validation set ...
2025-03-06 00:02:18,851 | INFO : Validation runtime: 0.0 hours, 0.0 minutes, 0.3372161388397217 seconds

2025-03-06 00:02:18,851 | INFO : Validation runtime: 0.0 hours, 0.0 minutes, 0.3372161388397217 seconds

2025-03-06 00:02:18,851 | INFO : Validation runtime: 0.0 hours, 0.0 minutes, 0.3372161388397217 seconds

2025-03-06 00:02:18,851 | INFO : Validation runtime: 0.0 hours, 0.0 minutes, 0.3372161388397217 seconds

2025-03-06 00:02:18,851 | INFO : Validation runtime: 0.0 hours, 0.0 minutes, 0.3372161388397217 seconds

2025-03-06 00:02:18,851 | INFO : Validation runtime: 0.0 hours, 0.0 minutes, 0.3372161388397217 seconds

2025-03-06 00:02:18,851 | INFO : Validation runtime: 0.0 hours, 0.0 minutes, 0.3372161388397217 seconds

2025-03-06 00:02:18,851 | INFO : Validation runtime: 0.0 hours, 0.0 minutes, 0.3372161388397217 seconds

2025-03-06 00:02:18,853 | INFO : Avg val. time: 0.0 hours, 0.0 minutes, 0.3368928615863507 seconds
2025-03-06 00:02:18,853 | INFO : Avg val. time: 0.0 hours, 0.0 minutes, 0.3368928615863507 seconds
2025-03-06 00:02:18,853 | INFO : Avg val. time: 0.0 hours, 0.0 minutes, 0.3368928615863507 seconds
2025-03-06 00:02:18,853 | INFO : Avg val. time: 0.0 hours, 0.0 minutes, 0.3368928615863507 seconds
2025-03-06 00:02:18,853 | INFO : Avg val. time: 0.0 hours, 0.0 minutes, 0.3368928615863507 seconds
2025-03-06 00:02:18,853 | INFO : Avg val. time: 0.0 hours, 0.0 minutes, 0.3368928615863507 seconds
2025-03-06 00:02:18,853 | INFO : Avg val. time: 0.0 hours, 0.0 minutes, 0.3368928615863507 seconds
2025-03-06 00:02:18,853 | INFO : Avg val. time: 0.0 hours, 0.0 minutes, 0.3368928615863507 seconds
2025-03-06 00:02:18,855 | INFO : Avg batch val. time: 0.008422321539658767 seconds
2025-03-06 00:02:18,855 | INFO : Avg batch val. time: 0.008422321539658767 seconds
2025-03-06 00:02:18,855 | INFO : Avg batch val. time: 0.008422321539658767 seconds
2025-03-06 00:02:18,855 | INFO : Avg batch val. time: 0.008422321539658767 seconds
2025-03-06 00:02:18,855 | INFO : Avg batch val. time: 0.008422321539658767 seconds
2025-03-06 00:02:18,855 | INFO : Avg batch val. time: 0.008422321539658767 seconds
2025-03-06 00:02:18,855 | INFO : Avg batch val. time: 0.008422321539658767 seconds
2025-03-06 00:02:18,855 | INFO : Avg batch val. time: 0.008422321539658767 seconds
2025-03-06 00:02:18,856 | INFO : Avg sample val. time: 0.008422321539658767 seconds
2025-03-06 00:02:18,856 | INFO : Avg sample val. time: 0.008422321539658767 seconds
2025-03-06 00:02:18,856 | INFO : Avg sample val. time: 0.008422321539658767 seconds
2025-03-06 00:02:18,856 | INFO : Avg sample val. time: 0.008422321539658767 seconds
2025-03-06 00:02:18,856 | INFO : Avg sample val. time: 0.008422321539658767 seconds
2025-03-06 00:02:18,856 | INFO : Avg sample val. time: 0.008422321539658767 seconds
2025-03-06 00:02:18,856 | INFO : Avg sample val. time: 0.008422321539658767 seconds
2025-03-06 00:02:18,856 | INFO : Avg sample val. time: 0.008422321539658767 seconds
2025-03-06 00:02:18,858 | INFO : Epoch 64 Validation Summary: epoch: 64.000000 | loss: 0.079839 | 
2025-03-06 00:02:18,858 | INFO : Epoch 64 Validation Summary: epoch: 64.000000 | loss: 0.079839 | 
2025-03-06 00:02:18,858 | INFO : Epoch 64 Validation Summary: epoch: 64.000000 | loss: 0.079839 | 
2025-03-06 00:02:18,858 | INFO : Epoch 64 Validation Summary: epoch: 64.000000 | loss: 0.079839 | 
2025-03-06 00:02:18,858 | INFO : Epoch 64 Validation Summary: epoch: 64.000000 | loss: 0.079839 | 
2025-03-06 00:02:18,858 | INFO : Epoch 64 Validation Summary: epoch: 64.000000 | loss: 0.079839 | 
2025-03-06 00:02:18,858 | INFO : Epoch 64 Validation Summary: epoch: 64.000000 | loss: 0.079839 | 
2025-03-06 00:02:18,858 | INFO : Epoch 64 Validation Summary: epoch: 64.000000 | loss: 0.079839 | 
2025-03-06 00:02:18,905 | INFO : Evaluating on validation set ...
2025-03-06 00:02:18,905 | INFO : Evaluating on validation set ...
2025-03-06 00:02:18,905 | INFO : Evaluating on validation set ...
2025-03-06 00:02:18,905 | INFO : Evaluating on validation set ...
2025-03-06 00:02:18,905 | INFO : Evaluating on validation set ...
2025-03-06 00:02:18,905 | INFO : Evaluating on validation set ...
2025-03-06 00:02:18,905 | INFO : Evaluating on validation set ...
2025-03-06 00:02:18,905 | INFO : Evaluating on validation set ...
2025-03-06 00:02:19,246 | INFO : Validation runtime: 0.0 hours, 0.0 minutes, 0.3396148681640625 seconds

2025-03-06 00:02:19,246 | INFO : Validation runtime: 0.0 hours, 0.0 minutes, 0.3396148681640625 seconds

2025-03-06 00:02:19,246 | INFO : Validation runtime: 0.0 hours, 0.0 minutes, 0.3396148681640625 seconds

2025-03-06 00:02:19,246 | INFO : Validation runtime: 0.0 hours, 0.0 minutes, 0.3396148681640625 seconds

2025-03-06 00:02:19,246 | INFO : Validation runtime: 0.0 hours, 0.0 minutes, 0.3396148681640625 seconds

2025-03-06 00:02:19,246 | INFO : Validation runtime: 0.0 hours, 0.0 minutes, 0.3396148681640625 seconds

2025-03-06 00:02:19,246 | INFO : Validation runtime: 0.0 hours, 0.0 minutes, 0.3396148681640625 seconds

2025-03-06 00:02:19,246 | INFO : Validation runtime: 0.0 hours, 0.0 minutes, 0.3396148681640625 seconds

2025-03-06 00:02:19,248 | INFO : Avg val. time: 0.0 hours, 0.0 minutes, 0.3369341041102554 seconds
2025-03-06 00:02:19,248 | INFO : Avg val. time: 0.0 hours, 0.0 minutes, 0.3369341041102554 seconds
2025-03-06 00:02:19,248 | INFO : Avg val. time: 0.0 hours, 0.0 minutes, 0.3369341041102554 seconds
2025-03-06 00:02:19,248 | INFO : Avg val. time: 0.0 hours, 0.0 minutes, 0.3369341041102554 seconds
2025-03-06 00:02:19,248 | INFO : Avg val. time: 0.0 hours, 0.0 minutes, 0.3369341041102554 seconds
2025-03-06 00:02:19,248 | INFO : Avg val. time: 0.0 hours, 0.0 minutes, 0.3369341041102554 seconds
2025-03-06 00:02:19,248 | INFO : Avg val. time: 0.0 hours, 0.0 minutes, 0.3369341041102554 seconds
2025-03-06 00:02:19,248 | INFO : Avg val. time: 0.0 hours, 0.0 minutes, 0.3369341041102554 seconds
2025-03-06 00:02:19,249 | INFO : Avg batch val. time: 0.008423352602756385 seconds
2025-03-06 00:02:19,249 | INFO : Avg batch val. time: 0.008423352602756385 seconds
2025-03-06 00:02:19,249 | INFO : Avg batch val. time: 0.008423352602756385 seconds
2025-03-06 00:02:19,249 | INFO : Avg batch val. time: 0.008423352602756385 seconds
2025-03-06 00:02:19,249 | INFO : Avg batch val. time: 0.008423352602756385 seconds
2025-03-06 00:02:19,249 | INFO : Avg batch val. time: 0.008423352602756385 seconds
2025-03-06 00:02:19,249 | INFO : Avg batch val. time: 0.008423352602756385 seconds
2025-03-06 00:02:19,249 | INFO : Avg batch val. time: 0.008423352602756385 seconds
2025-03-06 00:02:19,251 | INFO : Avg sample val. time: 0.008423352602756385 seconds
2025-03-06 00:02:19,251 | INFO : Avg sample val. time: 0.008423352602756385 seconds
2025-03-06 00:02:19,251 | INFO : Avg sample val. time: 0.008423352602756385 seconds
2025-03-06 00:02:19,251 | INFO : Avg sample val. time: 0.008423352602756385 seconds
2025-03-06 00:02:19,251 | INFO : Avg sample val. time: 0.008423352602756385 seconds
2025-03-06 00:02:19,251 | INFO : Avg sample val. time: 0.008423352602756385 seconds
2025-03-06 00:02:19,251 | INFO : Avg sample val. time: 0.008423352602756385 seconds
2025-03-06 00:02:19,251 | INFO : Avg sample val. time: 0.008423352602756385 seconds
2025-03-06 00:02:19,252 | INFO : Epoch 65 Validation Summary: epoch: 65.000000 | loss: 0.079353 | 
2025-03-06 00:02:19,252 | INFO : Epoch 65 Validation Summary: epoch: 65.000000 | loss: 0.079353 | 
2025-03-06 00:02:19,252 | INFO : Epoch 65 Validation Summary: epoch: 65.000000 | loss: 0.079353 | 
2025-03-06 00:02:19,252 | INFO : Epoch 65 Validation Summary: epoch: 65.000000 | loss: 0.079353 | 
2025-03-06 00:02:19,252 | INFO : Epoch 65 Validation Summary: epoch: 65.000000 | loss: 0.079353 | 
2025-03-06 00:02:19,252 | INFO : Epoch 65 Validation Summary: epoch: 65.000000 | loss: 0.079353 | 
2025-03-06 00:02:19,252 | INFO : Epoch 65 Validation Summary: epoch: 65.000000 | loss: 0.079353 | 
2025-03-06 00:02:19,252 | INFO : Epoch 65 Validation Summary: epoch: 65.000000 | loss: 0.079353 | 
2025-03-06 00:02:19,299 | INFO : Evaluating on validation set ...
2025-03-06 00:02:19,299 | INFO : Evaluating on validation set ...
2025-03-06 00:02:19,299 | INFO : Evaluating on validation set ...
2025-03-06 00:02:19,299 | INFO : Evaluating on validation set ...
2025-03-06 00:02:19,299 | INFO : Evaluating on validation set ...
2025-03-06 00:02:19,299 | INFO : Evaluating on validation set ...
2025-03-06 00:02:19,299 | INFO : Evaluating on validation set ...
2025-03-06 00:02:19,299 | INFO : Evaluating on validation set ...
2025-03-06 00:02:19,642 | INFO : Validation runtime: 0.0 hours, 0.0 minutes, 0.34121203422546387 seconds

2025-03-06 00:02:19,642 | INFO : Validation runtime: 0.0 hours, 0.0 minutes, 0.34121203422546387 seconds

2025-03-06 00:02:19,642 | INFO : Validation runtime: 0.0 hours, 0.0 minutes, 0.34121203422546387 seconds

2025-03-06 00:02:19,642 | INFO : Validation runtime: 0.0 hours, 0.0 minutes, 0.34121203422546387 seconds

2025-03-06 00:02:19,642 | INFO : Validation runtime: 0.0 hours, 0.0 minutes, 0.34121203422546387 seconds

2025-03-06 00:02:19,642 | INFO : Validation runtime: 0.0 hours, 0.0 minutes, 0.34121203422546387 seconds

2025-03-06 00:02:19,642 | INFO : Validation runtime: 0.0 hours, 0.0 minutes, 0.34121203422546387 seconds

2025-03-06 00:02:19,642 | INFO : Validation runtime: 0.0 hours, 0.0 minutes, 0.34121203422546387 seconds

2025-03-06 00:02:19,643 | INFO : Avg val. time: 0.0 hours, 0.0 minutes, 0.3369979538134675 seconds
2025-03-06 00:02:19,643 | INFO : Avg val. time: 0.0 hours, 0.0 minutes, 0.3369979538134675 seconds
2025-03-06 00:02:19,643 | INFO : Avg val. time: 0.0 hours, 0.0 minutes, 0.3369979538134675 seconds
2025-03-06 00:02:19,643 | INFO : Avg val. time: 0.0 hours, 0.0 minutes, 0.3369979538134675 seconds
2025-03-06 00:02:19,643 | INFO : Avg val. time: 0.0 hours, 0.0 minutes, 0.3369979538134675 seconds
2025-03-06 00:02:19,643 | INFO : Avg val. time: 0.0 hours, 0.0 minutes, 0.3369979538134675 seconds
2025-03-06 00:02:19,643 | INFO : Avg val. time: 0.0 hours, 0.0 minutes, 0.3369979538134675 seconds
2025-03-06 00:02:19,643 | INFO : Avg val. time: 0.0 hours, 0.0 minutes, 0.3369979538134675 seconds
2025-03-06 00:02:19,645 | INFO : Avg batch val. time: 0.008424948845336688 seconds
2025-03-06 00:02:19,645 | INFO : Avg batch val. time: 0.008424948845336688 seconds
2025-03-06 00:02:19,645 | INFO : Avg batch val. time: 0.008424948845336688 seconds
2025-03-06 00:02:19,645 | INFO : Avg batch val. time: 0.008424948845336688 seconds
2025-03-06 00:02:19,645 | INFO : Avg batch val. time: 0.008424948845336688 seconds
2025-03-06 00:02:19,645 | INFO : Avg batch val. time: 0.008424948845336688 seconds
2025-03-06 00:02:19,645 | INFO : Avg batch val. time: 0.008424948845336688 seconds
2025-03-06 00:02:19,645 | INFO : Avg batch val. time: 0.008424948845336688 seconds
2025-03-06 00:02:19,647 | INFO : Avg sample val. time: 0.008424948845336688 seconds
2025-03-06 00:02:19,647 | INFO : Avg sample val. time: 0.008424948845336688 seconds
2025-03-06 00:02:19,647 | INFO : Avg sample val. time: 0.008424948845336688 seconds
2025-03-06 00:02:19,647 | INFO : Avg sample val. time: 0.008424948845336688 seconds
2025-03-06 00:02:19,647 | INFO : Avg sample val. time: 0.008424948845336688 seconds
2025-03-06 00:02:19,647 | INFO : Avg sample val. time: 0.008424948845336688 seconds
2025-03-06 00:02:19,647 | INFO : Avg sample val. time: 0.008424948845336688 seconds
2025-03-06 00:02:19,647 | INFO : Avg sample val. time: 0.008424948845336688 seconds
2025-03-06 00:02:19,648 | INFO : Epoch 66 Validation Summary: epoch: 66.000000 | loss: 0.078890 | 
2025-03-06 00:02:19,648 | INFO : Epoch 66 Validation Summary: epoch: 66.000000 | loss: 0.078890 | 
2025-03-06 00:02:19,648 | INFO : Epoch 66 Validation Summary: epoch: 66.000000 | loss: 0.078890 | 
2025-03-06 00:02:19,648 | INFO : Epoch 66 Validation Summary: epoch: 66.000000 | loss: 0.078890 | 
2025-03-06 00:02:19,648 | INFO : Epoch 66 Validation Summary: epoch: 66.000000 | loss: 0.078890 | 
2025-03-06 00:02:19,648 | INFO : Epoch 66 Validation Summary: epoch: 66.000000 | loss: 0.078890 | 
2025-03-06 00:02:19,648 | INFO : Epoch 66 Validation Summary: epoch: 66.000000 | loss: 0.078890 | 
2025-03-06 00:02:19,648 | INFO : Epoch 66 Validation Summary: epoch: 66.000000 | loss: 0.078890 | 
2025-03-06 00:02:19,695 | INFO : Evaluating on validation set ...
2025-03-06 00:02:19,695 | INFO : Evaluating on validation set ...
2025-03-06 00:02:19,695 | INFO : Evaluating on validation set ...
2025-03-06 00:02:19,695 | INFO : Evaluating on validation set ...
2025-03-06 00:02:19,695 | INFO : Evaluating on validation set ...
2025-03-06 00:02:19,695 | INFO : Evaluating on validation set ...
2025-03-06 00:02:19,695 | INFO : Evaluating on validation set ...
2025-03-06 00:02:19,695 | INFO : Evaluating on validation set ...
2025-03-06 00:02:20,037 | INFO : Validation runtime: 0.0 hours, 0.0 minutes, 0.3399522304534912 seconds

2025-03-06 00:02:20,037 | INFO : Validation runtime: 0.0 hours, 0.0 minutes, 0.3399522304534912 seconds

2025-03-06 00:02:20,037 | INFO : Validation runtime: 0.0 hours, 0.0 minutes, 0.3399522304534912 seconds

2025-03-06 00:02:20,037 | INFO : Validation runtime: 0.0 hours, 0.0 minutes, 0.3399522304534912 seconds

2025-03-06 00:02:20,037 | INFO : Validation runtime: 0.0 hours, 0.0 minutes, 0.3399522304534912 seconds

2025-03-06 00:02:20,037 | INFO : Validation runtime: 0.0 hours, 0.0 minutes, 0.3399522304534912 seconds

2025-03-06 00:02:20,037 | INFO : Validation runtime: 0.0 hours, 0.0 minutes, 0.3399522304534912 seconds

2025-03-06 00:02:20,037 | INFO : Validation runtime: 0.0 hours, 0.0 minutes, 0.3399522304534912 seconds

2025-03-06 00:02:20,039 | INFO : Avg val. time: 0.0 hours, 0.0 minutes, 0.3370413990581737 seconds
2025-03-06 00:02:20,039 | INFO : Avg val. time: 0.0 hours, 0.0 minutes, 0.3370413990581737 seconds
2025-03-06 00:02:20,039 | INFO : Avg val. time: 0.0 hours, 0.0 minutes, 0.3370413990581737 seconds
2025-03-06 00:02:20,039 | INFO : Avg val. time: 0.0 hours, 0.0 minutes, 0.3370413990581737 seconds
2025-03-06 00:02:20,039 | INFO : Avg val. time: 0.0 hours, 0.0 minutes, 0.3370413990581737 seconds
2025-03-06 00:02:20,039 | INFO : Avg val. time: 0.0 hours, 0.0 minutes, 0.3370413990581737 seconds
2025-03-06 00:02:20,039 | INFO : Avg val. time: 0.0 hours, 0.0 minutes, 0.3370413990581737 seconds
2025-03-06 00:02:20,039 | INFO : Avg val. time: 0.0 hours, 0.0 minutes, 0.3370413990581737 seconds
2025-03-06 00:02:20,041 | INFO : Avg batch val. time: 0.008426034976454343 seconds
2025-03-06 00:02:20,041 | INFO : Avg batch val. time: 0.008426034976454343 seconds
2025-03-06 00:02:20,041 | INFO : Avg batch val. time: 0.008426034976454343 seconds
2025-03-06 00:02:20,041 | INFO : Avg batch val. time: 0.008426034976454343 seconds
2025-03-06 00:02:20,041 | INFO : Avg batch val. time: 0.008426034976454343 seconds
2025-03-06 00:02:20,041 | INFO : Avg batch val. time: 0.008426034976454343 seconds
2025-03-06 00:02:20,041 | INFO : Avg batch val. time: 0.008426034976454343 seconds
2025-03-06 00:02:20,041 | INFO : Avg batch val. time: 0.008426034976454343 seconds
2025-03-06 00:02:20,043 | INFO : Avg sample val. time: 0.008426034976454343 seconds
2025-03-06 00:02:20,043 | INFO : Avg sample val. time: 0.008426034976454343 seconds
2025-03-06 00:02:20,043 | INFO : Avg sample val. time: 0.008426034976454343 seconds
2025-03-06 00:02:20,043 | INFO : Avg sample val. time: 0.008426034976454343 seconds
2025-03-06 00:02:20,043 | INFO : Avg sample val. time: 0.008426034976454343 seconds
2025-03-06 00:02:20,043 | INFO : Avg sample val. time: 0.008426034976454343 seconds
2025-03-06 00:02:20,043 | INFO : Avg sample val. time: 0.008426034976454343 seconds
2025-03-06 00:02:20,043 | INFO : Avg sample val. time: 0.008426034976454343 seconds
2025-03-06 00:02:20,044 | INFO : Epoch 67 Validation Summary: epoch: 67.000000 | loss: 0.078447 | 
2025-03-06 00:02:20,044 | INFO : Epoch 67 Validation Summary: epoch: 67.000000 | loss: 0.078447 | 
2025-03-06 00:02:20,044 | INFO : Epoch 67 Validation Summary: epoch: 67.000000 | loss: 0.078447 | 
2025-03-06 00:02:20,044 | INFO : Epoch 67 Validation Summary: epoch: 67.000000 | loss: 0.078447 | 
2025-03-06 00:02:20,044 | INFO : Epoch 67 Validation Summary: epoch: 67.000000 | loss: 0.078447 | 
2025-03-06 00:02:20,044 | INFO : Epoch 67 Validation Summary: epoch: 67.000000 | loss: 0.078447 | 
2025-03-06 00:02:20,044 | INFO : Epoch 67 Validation Summary: epoch: 67.000000 | loss: 0.078447 | 
2025-03-06 00:02:20,044 | INFO : Epoch 67 Validation Summary: epoch: 67.000000 | loss: 0.078447 | 
2025-03-06 00:02:20,091 | INFO : Evaluating on validation set ...
2025-03-06 00:02:20,091 | INFO : Evaluating on validation set ...
2025-03-06 00:02:20,091 | INFO : Evaluating on validation set ...
2025-03-06 00:02:20,091 | INFO : Evaluating on validation set ...
2025-03-06 00:02:20,091 | INFO : Evaluating on validation set ...
2025-03-06 00:02:20,091 | INFO : Evaluating on validation set ...
2025-03-06 00:02:20,091 | INFO : Evaluating on validation set ...
2025-03-06 00:02:20,091 | INFO : Evaluating on validation set ...
2025-03-06 00:02:20,433 | INFO : Validation runtime: 0.0 hours, 0.0 minutes, 0.34064817428588867 seconds

2025-03-06 00:02:20,433 | INFO : Validation runtime: 0.0 hours, 0.0 minutes, 0.34064817428588867 seconds

2025-03-06 00:02:20,433 | INFO : Validation runtime: 0.0 hours, 0.0 minutes, 0.34064817428588867 seconds

2025-03-06 00:02:20,433 | INFO : Validation runtime: 0.0 hours, 0.0 minutes, 0.34064817428588867 seconds

2025-03-06 00:02:20,433 | INFO : Validation runtime: 0.0 hours, 0.0 minutes, 0.34064817428588867 seconds

2025-03-06 00:02:20,433 | INFO : Validation runtime: 0.0 hours, 0.0 minutes, 0.34064817428588867 seconds

2025-03-06 00:02:20,433 | INFO : Validation runtime: 0.0 hours, 0.0 minutes, 0.34064817428588867 seconds

2025-03-06 00:02:20,433 | INFO : Validation runtime: 0.0 hours, 0.0 minutes, 0.34064817428588867 seconds

2025-03-06 00:02:20,435 | INFO : Avg val. time: 0.0 hours, 0.0 minutes, 0.33709367116292316 seconds
2025-03-06 00:02:20,435 | INFO : Avg val. time: 0.0 hours, 0.0 minutes, 0.33709367116292316 seconds
2025-03-06 00:02:20,435 | INFO : Avg val. time: 0.0 hours, 0.0 minutes, 0.33709367116292316 seconds
2025-03-06 00:02:20,435 | INFO : Avg val. time: 0.0 hours, 0.0 minutes, 0.33709367116292316 seconds
2025-03-06 00:02:20,435 | INFO : Avg val. time: 0.0 hours, 0.0 minutes, 0.33709367116292316 seconds
2025-03-06 00:02:20,435 | INFO : Avg val. time: 0.0 hours, 0.0 minutes, 0.33709367116292316 seconds
2025-03-06 00:02:20,435 | INFO : Avg val. time: 0.0 hours, 0.0 minutes, 0.33709367116292316 seconds
2025-03-06 00:02:20,435 | INFO : Avg val. time: 0.0 hours, 0.0 minutes, 0.33709367116292316 seconds
2025-03-06 00:02:20,437 | INFO : Avg batch val. time: 0.008427341779073078 seconds
2025-03-06 00:02:20,437 | INFO : Avg batch val. time: 0.008427341779073078 seconds
2025-03-06 00:02:20,437 | INFO : Avg batch val. time: 0.008427341779073078 seconds
2025-03-06 00:02:20,437 | INFO : Avg batch val. time: 0.008427341779073078 seconds
2025-03-06 00:02:20,437 | INFO : Avg batch val. time: 0.008427341779073078 seconds
2025-03-06 00:02:20,437 | INFO : Avg batch val. time: 0.008427341779073078 seconds
2025-03-06 00:02:20,437 | INFO : Avg batch val. time: 0.008427341779073078 seconds
2025-03-06 00:02:20,437 | INFO : Avg batch val. time: 0.008427341779073078 seconds
2025-03-06 00:02:20,438 | INFO : Avg sample val. time: 0.008427341779073078 seconds
2025-03-06 00:02:20,438 | INFO : Avg sample val. time: 0.008427341779073078 seconds
2025-03-06 00:02:20,438 | INFO : Avg sample val. time: 0.008427341779073078 seconds
2025-03-06 00:02:20,438 | INFO : Avg sample val. time: 0.008427341779073078 seconds
2025-03-06 00:02:20,438 | INFO : Avg sample val. time: 0.008427341779073078 seconds
2025-03-06 00:02:20,438 | INFO : Avg sample val. time: 0.008427341779073078 seconds
2025-03-06 00:02:20,438 | INFO : Avg sample val. time: 0.008427341779073078 seconds
2025-03-06 00:02:20,438 | INFO : Avg sample val. time: 0.008427341779073078 seconds
2025-03-06 00:02:20,440 | INFO : Epoch 68 Validation Summary: epoch: 68.000000 | loss: 0.078023 | 
2025-03-06 00:02:20,440 | INFO : Epoch 68 Validation Summary: epoch: 68.000000 | loss: 0.078023 | 
2025-03-06 00:02:20,440 | INFO : Epoch 68 Validation Summary: epoch: 68.000000 | loss: 0.078023 | 
2025-03-06 00:02:20,440 | INFO : Epoch 68 Validation Summary: epoch: 68.000000 | loss: 0.078023 | 
2025-03-06 00:02:20,440 | INFO : Epoch 68 Validation Summary: epoch: 68.000000 | loss: 0.078023 | 
2025-03-06 00:02:20,440 | INFO : Epoch 68 Validation Summary: epoch: 68.000000 | loss: 0.078023 | 
2025-03-06 00:02:20,440 | INFO : Epoch 68 Validation Summary: epoch: 68.000000 | loss: 0.078023 | 
2025-03-06 00:02:20,440 | INFO : Epoch 68 Validation Summary: epoch: 68.000000 | loss: 0.078023 | 
2025-03-06 00:02:20,487 | INFO : Evaluating on validation set ...
2025-03-06 00:02:20,487 | INFO : Evaluating on validation set ...
2025-03-06 00:02:20,487 | INFO : Evaluating on validation set ...
2025-03-06 00:02:20,487 | INFO : Evaluating on validation set ...
2025-03-06 00:02:20,487 | INFO : Evaluating on validation set ...
2025-03-06 00:02:20,487 | INFO : Evaluating on validation set ...
2025-03-06 00:02:20,487 | INFO : Evaluating on validation set ...
2025-03-06 00:02:20,487 | INFO : Evaluating on validation set ...
2025-03-06 00:02:20,837 | INFO : Validation runtime: 0.0 hours, 0.0 minutes, 0.3485846519470215 seconds

2025-03-06 00:02:20,837 | INFO : Validation runtime: 0.0 hours, 0.0 minutes, 0.3485846519470215 seconds

2025-03-06 00:02:20,837 | INFO : Validation runtime: 0.0 hours, 0.0 minutes, 0.3485846519470215 seconds

2025-03-06 00:02:20,837 | INFO : Validation runtime: 0.0 hours, 0.0 minutes, 0.3485846519470215 seconds

2025-03-06 00:02:20,837 | INFO : Validation runtime: 0.0 hours, 0.0 minutes, 0.3485846519470215 seconds

2025-03-06 00:02:20,837 | INFO : Validation runtime: 0.0 hours, 0.0 minutes, 0.3485846519470215 seconds

2025-03-06 00:02:20,837 | INFO : Validation runtime: 0.0 hours, 0.0 minutes, 0.3485846519470215 seconds

2025-03-06 00:02:20,837 | INFO : Validation runtime: 0.0 hours, 0.0 minutes, 0.3485846519470215 seconds

2025-03-06 00:02:20,839 | INFO : Avg val. time: 0.0 hours, 0.0 minutes, 0.3372578280312674 seconds
2025-03-06 00:02:20,839 | INFO : Avg val. time: 0.0 hours, 0.0 minutes, 0.3372578280312674 seconds
2025-03-06 00:02:20,839 | INFO : Avg val. time: 0.0 hours, 0.0 minutes, 0.3372578280312674 seconds
2025-03-06 00:02:20,839 | INFO : Avg val. time: 0.0 hours, 0.0 minutes, 0.3372578280312674 seconds
2025-03-06 00:02:20,839 | INFO : Avg val. time: 0.0 hours, 0.0 minutes, 0.3372578280312674 seconds
2025-03-06 00:02:20,839 | INFO : Avg val. time: 0.0 hours, 0.0 minutes, 0.3372578280312674 seconds
2025-03-06 00:02:20,839 | INFO : Avg val. time: 0.0 hours, 0.0 minutes, 0.3372578280312674 seconds
2025-03-06 00:02:20,839 | INFO : Avg val. time: 0.0 hours, 0.0 minutes, 0.3372578280312674 seconds
2025-03-06 00:02:20,841 | INFO : Avg batch val. time: 0.008431445700781685 seconds
2025-03-06 00:02:20,841 | INFO : Avg batch val. time: 0.008431445700781685 seconds
2025-03-06 00:02:20,841 | INFO : Avg batch val. time: 0.008431445700781685 seconds
2025-03-06 00:02:20,841 | INFO : Avg batch val. time: 0.008431445700781685 seconds
2025-03-06 00:02:20,841 | INFO : Avg batch val. time: 0.008431445700781685 seconds
2025-03-06 00:02:20,841 | INFO : Avg batch val. time: 0.008431445700781685 seconds
2025-03-06 00:02:20,841 | INFO : Avg batch val. time: 0.008431445700781685 seconds
2025-03-06 00:02:20,841 | INFO : Avg batch val. time: 0.008431445700781685 seconds
2025-03-06 00:02:20,842 | INFO : Avg sample val. time: 0.008431445700781685 seconds
2025-03-06 00:02:20,842 | INFO : Avg sample val. time: 0.008431445700781685 seconds
2025-03-06 00:02:20,842 | INFO : Avg sample val. time: 0.008431445700781685 seconds
2025-03-06 00:02:20,842 | INFO : Avg sample val. time: 0.008431445700781685 seconds
2025-03-06 00:02:20,842 | INFO : Avg sample val. time: 0.008431445700781685 seconds
2025-03-06 00:02:20,842 | INFO : Avg sample val. time: 0.008431445700781685 seconds
2025-03-06 00:02:20,842 | INFO : Avg sample val. time: 0.008431445700781685 seconds
2025-03-06 00:02:20,842 | INFO : Avg sample val. time: 0.008431445700781685 seconds
2025-03-06 00:02:20,844 | INFO : Epoch 69 Validation Summary: epoch: 69.000000 | loss: 0.077616 | 
2025-03-06 00:02:20,844 | INFO : Epoch 69 Validation Summary: epoch: 69.000000 | loss: 0.077616 | 
2025-03-06 00:02:20,844 | INFO : Epoch 69 Validation Summary: epoch: 69.000000 | loss: 0.077616 | 
2025-03-06 00:02:20,844 | INFO : Epoch 69 Validation Summary: epoch: 69.000000 | loss: 0.077616 | 
2025-03-06 00:02:20,844 | INFO : Epoch 69 Validation Summary: epoch: 69.000000 | loss: 0.077616 | 
2025-03-06 00:02:20,844 | INFO : Epoch 69 Validation Summary: epoch: 69.000000 | loss: 0.077616 | 
2025-03-06 00:02:20,844 | INFO : Epoch 69 Validation Summary: epoch: 69.000000 | loss: 0.077616 | 
2025-03-06 00:02:20,844 | INFO : Epoch 69 Validation Summary: epoch: 69.000000 | loss: 0.077616 | 
2025-03-06 00:02:20,891 | INFO : Evaluating on validation set ...
2025-03-06 00:02:20,891 | INFO : Evaluating on validation set ...
2025-03-06 00:02:20,891 | INFO : Evaluating on validation set ...
2025-03-06 00:02:20,891 | INFO : Evaluating on validation set ...
2025-03-06 00:02:20,891 | INFO : Evaluating on validation set ...
2025-03-06 00:02:20,891 | INFO : Evaluating on validation set ...
2025-03-06 00:02:20,891 | INFO : Evaluating on validation set ...
2025-03-06 00:02:20,891 | INFO : Evaluating on validation set ...
2025-03-06 00:02:21,232 | INFO : Validation runtime: 0.0 hours, 0.0 minutes, 0.33977794647216797 seconds

2025-03-06 00:02:21,232 | INFO : Validation runtime: 0.0 hours, 0.0 minutes, 0.33977794647216797 seconds

2025-03-06 00:02:21,232 | INFO : Validation runtime: 0.0 hours, 0.0 minutes, 0.33977794647216797 seconds

2025-03-06 00:02:21,232 | INFO : Validation runtime: 0.0 hours, 0.0 minutes, 0.33977794647216797 seconds

2025-03-06 00:02:21,232 | INFO : Validation runtime: 0.0 hours, 0.0 minutes, 0.33977794647216797 seconds

2025-03-06 00:02:21,232 | INFO : Validation runtime: 0.0 hours, 0.0 minutes, 0.33977794647216797 seconds

2025-03-06 00:02:21,232 | INFO : Validation runtime: 0.0 hours, 0.0 minutes, 0.33977794647216797 seconds

2025-03-06 00:02:21,232 | INFO : Validation runtime: 0.0 hours, 0.0 minutes, 0.33977794647216797 seconds

2025-03-06 00:02:21,234 | INFO : Avg val. time: 0.0 hours, 0.0 minutes, 0.33729332265719564 seconds
2025-03-06 00:02:21,234 | INFO : Avg val. time: 0.0 hours, 0.0 minutes, 0.33729332265719564 seconds
2025-03-06 00:02:21,234 | INFO : Avg val. time: 0.0 hours, 0.0 minutes, 0.33729332265719564 seconds
2025-03-06 00:02:21,234 | INFO : Avg val. time: 0.0 hours, 0.0 minutes, 0.33729332265719564 seconds
2025-03-06 00:02:21,234 | INFO : Avg val. time: 0.0 hours, 0.0 minutes, 0.33729332265719564 seconds
2025-03-06 00:02:21,234 | INFO : Avg val. time: 0.0 hours, 0.0 minutes, 0.33729332265719564 seconds
2025-03-06 00:02:21,234 | INFO : Avg val. time: 0.0 hours, 0.0 minutes, 0.33729332265719564 seconds
2025-03-06 00:02:21,234 | INFO : Avg val. time: 0.0 hours, 0.0 minutes, 0.33729332265719564 seconds
2025-03-06 00:02:21,236 | INFO : Avg batch val. time: 0.008432333066429891 seconds
2025-03-06 00:02:21,236 | INFO : Avg batch val. time: 0.008432333066429891 seconds
2025-03-06 00:02:21,236 | INFO : Avg batch val. time: 0.008432333066429891 seconds
2025-03-06 00:02:21,236 | INFO : Avg batch val. time: 0.008432333066429891 seconds
2025-03-06 00:02:21,236 | INFO : Avg batch val. time: 0.008432333066429891 seconds
2025-03-06 00:02:21,236 | INFO : Avg batch val. time: 0.008432333066429891 seconds
2025-03-06 00:02:21,236 | INFO : Avg batch val. time: 0.008432333066429891 seconds
2025-03-06 00:02:21,236 | INFO : Avg batch val. time: 0.008432333066429891 seconds
2025-03-06 00:02:21,237 | INFO : Avg sample val. time: 0.008432333066429891 seconds
2025-03-06 00:02:21,237 | INFO : Avg sample val. time: 0.008432333066429891 seconds
2025-03-06 00:02:21,237 | INFO : Avg sample val. time: 0.008432333066429891 seconds
2025-03-06 00:02:21,237 | INFO : Avg sample val. time: 0.008432333066429891 seconds
2025-03-06 00:02:21,237 | INFO : Avg sample val. time: 0.008432333066429891 seconds
2025-03-06 00:02:21,237 | INFO : Avg sample val. time: 0.008432333066429891 seconds
2025-03-06 00:02:21,237 | INFO : Avg sample val. time: 0.008432333066429891 seconds
2025-03-06 00:02:21,237 | INFO : Avg sample val. time: 0.008432333066429891 seconds
2025-03-06 00:02:21,239 | INFO : Epoch 70 Validation Summary: epoch: 70.000000 | loss: 0.077227 | 
2025-03-06 00:02:21,239 | INFO : Epoch 70 Validation Summary: epoch: 70.000000 | loss: 0.077227 | 
2025-03-06 00:02:21,239 | INFO : Epoch 70 Validation Summary: epoch: 70.000000 | loss: 0.077227 | 
2025-03-06 00:02:21,239 | INFO : Epoch 70 Validation Summary: epoch: 70.000000 | loss: 0.077227 | 
2025-03-06 00:02:21,239 | INFO : Epoch 70 Validation Summary: epoch: 70.000000 | loss: 0.077227 | 
2025-03-06 00:02:21,239 | INFO : Epoch 70 Validation Summary: epoch: 70.000000 | loss: 0.077227 | 
2025-03-06 00:02:21,239 | INFO : Epoch 70 Validation Summary: epoch: 70.000000 | loss: 0.077227 | 
2025-03-06 00:02:21,239 | INFO : Epoch 70 Validation Summary: epoch: 70.000000 | loss: 0.077227 | 
2025-03-06 00:02:21,286 | INFO : Evaluating on validation set ...
2025-03-06 00:02:21,286 | INFO : Evaluating on validation set ...
2025-03-06 00:02:21,286 | INFO : Evaluating on validation set ...
2025-03-06 00:02:21,286 | INFO : Evaluating on validation set ...
2025-03-06 00:02:21,286 | INFO : Evaluating on validation set ...
2025-03-06 00:02:21,286 | INFO : Evaluating on validation set ...
2025-03-06 00:02:21,286 | INFO : Evaluating on validation set ...
2025-03-06 00:02:21,286 | INFO : Evaluating on validation set ...
2025-03-06 00:02:21,624 | INFO : Validation runtime: 0.0 hours, 0.0 minutes, 0.3364694118499756 seconds

2025-03-06 00:02:21,624 | INFO : Validation runtime: 0.0 hours, 0.0 minutes, 0.3364694118499756 seconds

2025-03-06 00:02:21,624 | INFO : Validation runtime: 0.0 hours, 0.0 minutes, 0.3364694118499756 seconds

2025-03-06 00:02:21,624 | INFO : Validation runtime: 0.0 hours, 0.0 minutes, 0.3364694118499756 seconds

2025-03-06 00:02:21,624 | INFO : Validation runtime: 0.0 hours, 0.0 minutes, 0.3364694118499756 seconds

2025-03-06 00:02:21,624 | INFO : Validation runtime: 0.0 hours, 0.0 minutes, 0.3364694118499756 seconds

2025-03-06 00:02:21,624 | INFO : Validation runtime: 0.0 hours, 0.0 minutes, 0.3364694118499756 seconds

2025-03-06 00:02:21,624 | INFO : Validation runtime: 0.0 hours, 0.0 minutes, 0.3364694118499756 seconds

2025-03-06 00:02:21,626 | INFO : Avg val. time: 0.0 hours, 0.0 minutes, 0.33728187945153976 seconds
2025-03-06 00:02:21,626 | INFO : Avg val. time: 0.0 hours, 0.0 minutes, 0.33728187945153976 seconds
2025-03-06 00:02:21,626 | INFO : Avg val. time: 0.0 hours, 0.0 minutes, 0.33728187945153976 seconds
2025-03-06 00:02:21,626 | INFO : Avg val. time: 0.0 hours, 0.0 minutes, 0.33728187945153976 seconds
2025-03-06 00:02:21,626 | INFO : Avg val. time: 0.0 hours, 0.0 minutes, 0.33728187945153976 seconds
2025-03-06 00:02:21,626 | INFO : Avg val. time: 0.0 hours, 0.0 minutes, 0.33728187945153976 seconds
2025-03-06 00:02:21,626 | INFO : Avg val. time: 0.0 hours, 0.0 minutes, 0.33728187945153976 seconds
2025-03-06 00:02:21,626 | INFO : Avg val. time: 0.0 hours, 0.0 minutes, 0.33728187945153976 seconds
2025-03-06 00:02:21,628 | INFO : Avg batch val. time: 0.008432046986288494 seconds
2025-03-06 00:02:21,628 | INFO : Avg batch val. time: 0.008432046986288494 seconds
2025-03-06 00:02:21,628 | INFO : Avg batch val. time: 0.008432046986288494 seconds
2025-03-06 00:02:21,628 | INFO : Avg batch val. time: 0.008432046986288494 seconds
2025-03-06 00:02:21,628 | INFO : Avg batch val. time: 0.008432046986288494 seconds
2025-03-06 00:02:21,628 | INFO : Avg batch val. time: 0.008432046986288494 seconds
2025-03-06 00:02:21,628 | INFO : Avg batch val. time: 0.008432046986288494 seconds
2025-03-06 00:02:21,628 | INFO : Avg batch val. time: 0.008432046986288494 seconds
2025-03-06 00:02:21,629 | INFO : Avg sample val. time: 0.008432046986288494 seconds
2025-03-06 00:02:21,629 | INFO : Avg sample val. time: 0.008432046986288494 seconds
2025-03-06 00:02:21,629 | INFO : Avg sample val. time: 0.008432046986288494 seconds
2025-03-06 00:02:21,629 | INFO : Avg sample val. time: 0.008432046986288494 seconds
2025-03-06 00:02:21,629 | INFO : Avg sample val. time: 0.008432046986288494 seconds
2025-03-06 00:02:21,629 | INFO : Avg sample val. time: 0.008432046986288494 seconds
2025-03-06 00:02:21,629 | INFO : Avg sample val. time: 0.008432046986288494 seconds
2025-03-06 00:02:21,629 | INFO : Avg sample val. time: 0.008432046986288494 seconds
2025-03-06 00:02:21,631 | INFO : Epoch 71 Validation Summary: epoch: 71.000000 | loss: 0.076855 | 
2025-03-06 00:02:21,631 | INFO : Epoch 71 Validation Summary: epoch: 71.000000 | loss: 0.076855 | 
2025-03-06 00:02:21,631 | INFO : Epoch 71 Validation Summary: epoch: 71.000000 | loss: 0.076855 | 
2025-03-06 00:02:21,631 | INFO : Epoch 71 Validation Summary: epoch: 71.000000 | loss: 0.076855 | 
2025-03-06 00:02:21,631 | INFO : Epoch 71 Validation Summary: epoch: 71.000000 | loss: 0.076855 | 
2025-03-06 00:02:21,631 | INFO : Epoch 71 Validation Summary: epoch: 71.000000 | loss: 0.076855 | 
2025-03-06 00:02:21,631 | INFO : Epoch 71 Validation Summary: epoch: 71.000000 | loss: 0.076855 | 
2025-03-06 00:02:21,631 | INFO : Epoch 71 Validation Summary: epoch: 71.000000 | loss: 0.076855 | 
2025-03-06 00:02:21,678 | INFO : Evaluating on validation set ...
2025-03-06 00:02:21,678 | INFO : Evaluating on validation set ...
2025-03-06 00:02:21,678 | INFO : Evaluating on validation set ...
2025-03-06 00:02:21,678 | INFO : Evaluating on validation set ...
2025-03-06 00:02:21,678 | INFO : Evaluating on validation set ...
2025-03-06 00:02:21,678 | INFO : Evaluating on validation set ...
2025-03-06 00:02:21,678 | INFO : Evaluating on validation set ...
2025-03-06 00:02:21,678 | INFO : Evaluating on validation set ...
2025-03-06 00:02:22,024 | INFO : Validation runtime: 0.0 hours, 0.0 minutes, 0.3437612056732178 seconds

2025-03-06 00:02:22,024 | INFO : Validation runtime: 0.0 hours, 0.0 minutes, 0.3437612056732178 seconds

2025-03-06 00:02:22,024 | INFO : Validation runtime: 0.0 hours, 0.0 minutes, 0.3437612056732178 seconds

2025-03-06 00:02:22,024 | INFO : Validation runtime: 0.0 hours, 0.0 minutes, 0.3437612056732178 seconds

2025-03-06 00:02:22,024 | INFO : Validation runtime: 0.0 hours, 0.0 minutes, 0.3437612056732178 seconds

2025-03-06 00:02:22,024 | INFO : Validation runtime: 0.0 hours, 0.0 minutes, 0.3437612056732178 seconds

2025-03-06 00:02:22,024 | INFO : Validation runtime: 0.0 hours, 0.0 minutes, 0.3437612056732178 seconds

2025-03-06 00:02:22,024 | INFO : Validation runtime: 0.0 hours, 0.0 minutes, 0.3437612056732178 seconds

2025-03-06 00:02:22,025 | INFO : Avg val. time: 0.0 hours, 0.0 minutes, 0.3373706373449874 seconds
2025-03-06 00:02:22,025 | INFO : Avg val. time: 0.0 hours, 0.0 minutes, 0.3373706373449874 seconds
2025-03-06 00:02:22,025 | INFO : Avg val. time: 0.0 hours, 0.0 minutes, 0.3373706373449874 seconds
2025-03-06 00:02:22,025 | INFO : Avg val. time: 0.0 hours, 0.0 minutes, 0.3373706373449874 seconds
2025-03-06 00:02:22,025 | INFO : Avg val. time: 0.0 hours, 0.0 minutes, 0.3373706373449874 seconds
2025-03-06 00:02:22,025 | INFO : Avg val. time: 0.0 hours, 0.0 minutes, 0.3373706373449874 seconds
2025-03-06 00:02:22,025 | INFO : Avg val. time: 0.0 hours, 0.0 minutes, 0.3373706373449874 seconds
2025-03-06 00:02:22,025 | INFO : Avg val. time: 0.0 hours, 0.0 minutes, 0.3373706373449874 seconds
2025-03-06 00:02:22,027 | INFO : Avg batch val. time: 0.008434265933624684 seconds
2025-03-06 00:02:22,027 | INFO : Avg batch val. time: 0.008434265933624684 seconds
2025-03-06 00:02:22,027 | INFO : Avg batch val. time: 0.008434265933624684 seconds
2025-03-06 00:02:22,027 | INFO : Avg batch val. time: 0.008434265933624684 seconds
2025-03-06 00:02:22,027 | INFO : Avg batch val. time: 0.008434265933624684 seconds
2025-03-06 00:02:22,027 | INFO : Avg batch val. time: 0.008434265933624684 seconds
2025-03-06 00:02:22,027 | INFO : Avg batch val. time: 0.008434265933624684 seconds
2025-03-06 00:02:22,027 | INFO : Avg batch val. time: 0.008434265933624684 seconds
2025-03-06 00:02:22,029 | INFO : Avg sample val. time: 0.008434265933624684 seconds
2025-03-06 00:02:22,029 | INFO : Avg sample val. time: 0.008434265933624684 seconds
2025-03-06 00:02:22,029 | INFO : Avg sample val. time: 0.008434265933624684 seconds
2025-03-06 00:02:22,029 | INFO : Avg sample val. time: 0.008434265933624684 seconds
2025-03-06 00:02:22,029 | INFO : Avg sample val. time: 0.008434265933624684 seconds
2025-03-06 00:02:22,029 | INFO : Avg sample val. time: 0.008434265933624684 seconds
2025-03-06 00:02:22,029 | INFO : Avg sample val. time: 0.008434265933624684 seconds
2025-03-06 00:02:22,029 | INFO : Avg sample val. time: 0.008434265933624684 seconds
2025-03-06 00:02:22,030 | INFO : Epoch 72 Validation Summary: epoch: 72.000000 | loss: 0.076497 | 
2025-03-06 00:02:22,030 | INFO : Epoch 72 Validation Summary: epoch: 72.000000 | loss: 0.076497 | 
2025-03-06 00:02:22,030 | INFO : Epoch 72 Validation Summary: epoch: 72.000000 | loss: 0.076497 | 
2025-03-06 00:02:22,030 | INFO : Epoch 72 Validation Summary: epoch: 72.000000 | loss: 0.076497 | 
2025-03-06 00:02:22,030 | INFO : Epoch 72 Validation Summary: epoch: 72.000000 | loss: 0.076497 | 
2025-03-06 00:02:22,030 | INFO : Epoch 72 Validation Summary: epoch: 72.000000 | loss: 0.076497 | 
2025-03-06 00:02:22,030 | INFO : Epoch 72 Validation Summary: epoch: 72.000000 | loss: 0.076497 | 
2025-03-06 00:02:22,030 | INFO : Epoch 72 Validation Summary: epoch: 72.000000 | loss: 0.076497 | 
2025-03-06 00:02:22,079 | INFO : Evaluating on validation set ...
2025-03-06 00:02:22,079 | INFO : Evaluating on validation set ...
2025-03-06 00:02:22,079 | INFO : Evaluating on validation set ...
2025-03-06 00:02:22,079 | INFO : Evaluating on validation set ...
2025-03-06 00:02:22,079 | INFO : Evaluating on validation set ...
2025-03-06 00:02:22,079 | INFO : Evaluating on validation set ...
2025-03-06 00:02:22,079 | INFO : Evaluating on validation set ...
2025-03-06 00:02:22,079 | INFO : Evaluating on validation set ...
2025-03-06 00:02:22,420 | INFO : Validation runtime: 0.0 hours, 0.0 minutes, 0.3396341800689697 seconds

2025-03-06 00:02:22,420 | INFO : Validation runtime: 0.0 hours, 0.0 minutes, 0.3396341800689697 seconds

2025-03-06 00:02:22,420 | INFO : Validation runtime: 0.0 hours, 0.0 minutes, 0.3396341800689697 seconds

2025-03-06 00:02:22,420 | INFO : Validation runtime: 0.0 hours, 0.0 minutes, 0.3396341800689697 seconds

2025-03-06 00:02:22,420 | INFO : Validation runtime: 0.0 hours, 0.0 minutes, 0.3396341800689697 seconds

2025-03-06 00:02:22,420 | INFO : Validation runtime: 0.0 hours, 0.0 minutes, 0.3396341800689697 seconds

2025-03-06 00:02:22,420 | INFO : Validation runtime: 0.0 hours, 0.0 minutes, 0.3396341800689697 seconds

2025-03-06 00:02:22,420 | INFO : Validation runtime: 0.0 hours, 0.0 minutes, 0.3396341800689697 seconds

2025-03-06 00:02:22,422 | INFO : Avg val. time: 0.0 hours, 0.0 minutes, 0.3374012257601764 seconds
2025-03-06 00:02:22,422 | INFO : Avg val. time: 0.0 hours, 0.0 minutes, 0.3374012257601764 seconds
2025-03-06 00:02:22,422 | INFO : Avg val. time: 0.0 hours, 0.0 minutes, 0.3374012257601764 seconds
2025-03-06 00:02:22,422 | INFO : Avg val. time: 0.0 hours, 0.0 minutes, 0.3374012257601764 seconds
2025-03-06 00:02:22,422 | INFO : Avg val. time: 0.0 hours, 0.0 minutes, 0.3374012257601764 seconds
2025-03-06 00:02:22,422 | INFO : Avg val. time: 0.0 hours, 0.0 minutes, 0.3374012257601764 seconds
2025-03-06 00:02:22,422 | INFO : Avg val. time: 0.0 hours, 0.0 minutes, 0.3374012257601764 seconds
2025-03-06 00:02:22,422 | INFO : Avg val. time: 0.0 hours, 0.0 minutes, 0.3374012257601764 seconds
2025-03-06 00:02:22,425 | INFO : Avg batch val. time: 0.00843503064400441 seconds
2025-03-06 00:02:22,425 | INFO : Avg batch val. time: 0.00843503064400441 seconds
2025-03-06 00:02:22,425 | INFO : Avg batch val. time: 0.00843503064400441 seconds
2025-03-06 00:02:22,425 | INFO : Avg batch val. time: 0.00843503064400441 seconds
2025-03-06 00:02:22,425 | INFO : Avg batch val. time: 0.00843503064400441 seconds
2025-03-06 00:02:22,425 | INFO : Avg batch val. time: 0.00843503064400441 seconds
2025-03-06 00:02:22,425 | INFO : Avg batch val. time: 0.00843503064400441 seconds
2025-03-06 00:02:22,425 | INFO : Avg batch val. time: 0.00843503064400441 seconds
2025-03-06 00:02:22,426 | INFO : Avg sample val. time: 0.00843503064400441 seconds
2025-03-06 00:02:22,426 | INFO : Avg sample val. time: 0.00843503064400441 seconds
2025-03-06 00:02:22,426 | INFO : Avg sample val. time: 0.00843503064400441 seconds
2025-03-06 00:02:22,426 | INFO : Avg sample val. time: 0.00843503064400441 seconds
2025-03-06 00:02:22,426 | INFO : Avg sample val. time: 0.00843503064400441 seconds
2025-03-06 00:02:22,426 | INFO : Avg sample val. time: 0.00843503064400441 seconds
2025-03-06 00:02:22,426 | INFO : Avg sample val. time: 0.00843503064400441 seconds
2025-03-06 00:02:22,426 | INFO : Avg sample val. time: 0.00843503064400441 seconds
2025-03-06 00:02:22,428 | INFO : Epoch 73 Validation Summary: epoch: 73.000000 | loss: 0.076155 | 
2025-03-06 00:02:22,428 | INFO : Epoch 73 Validation Summary: epoch: 73.000000 | loss: 0.076155 | 
2025-03-06 00:02:22,428 | INFO : Epoch 73 Validation Summary: epoch: 73.000000 | loss: 0.076155 | 
2025-03-06 00:02:22,428 | INFO : Epoch 73 Validation Summary: epoch: 73.000000 | loss: 0.076155 | 
2025-03-06 00:02:22,428 | INFO : Epoch 73 Validation Summary: epoch: 73.000000 | loss: 0.076155 | 
2025-03-06 00:02:22,428 | INFO : Epoch 73 Validation Summary: epoch: 73.000000 | loss: 0.076155 | 
2025-03-06 00:02:22,428 | INFO : Epoch 73 Validation Summary: epoch: 73.000000 | loss: 0.076155 | 
2025-03-06 00:02:22,428 | INFO : Epoch 73 Validation Summary: epoch: 73.000000 | loss: 0.076155 | 
2025-03-06 00:02:22,475 | INFO : Evaluating on validation set ...
2025-03-06 00:02:22,475 | INFO : Evaluating on validation set ...
2025-03-06 00:02:22,475 | INFO : Evaluating on validation set ...
2025-03-06 00:02:22,475 | INFO : Evaluating on validation set ...
2025-03-06 00:02:22,475 | INFO : Evaluating on validation set ...
2025-03-06 00:02:22,475 | INFO : Evaluating on validation set ...
2025-03-06 00:02:22,475 | INFO : Evaluating on validation set ...
2025-03-06 00:02:22,475 | INFO : Evaluating on validation set ...
2025-03-06 00:02:22,818 | INFO : Validation runtime: 0.0 hours, 0.0 minutes, 0.3406248092651367 seconds

2025-03-06 00:02:22,818 | INFO : Validation runtime: 0.0 hours, 0.0 minutes, 0.3406248092651367 seconds

2025-03-06 00:02:22,818 | INFO : Validation runtime: 0.0 hours, 0.0 minutes, 0.3406248092651367 seconds

2025-03-06 00:02:22,818 | INFO : Validation runtime: 0.0 hours, 0.0 minutes, 0.3406248092651367 seconds

2025-03-06 00:02:22,818 | INFO : Validation runtime: 0.0 hours, 0.0 minutes, 0.3406248092651367 seconds

2025-03-06 00:02:22,818 | INFO : Validation runtime: 0.0 hours, 0.0 minutes, 0.3406248092651367 seconds

2025-03-06 00:02:22,818 | INFO : Validation runtime: 0.0 hours, 0.0 minutes, 0.3406248092651367 seconds

2025-03-06 00:02:22,818 | INFO : Validation runtime: 0.0 hours, 0.0 minutes, 0.3406248092651367 seconds

2025-03-06 00:02:22,820 | INFO : Avg val. time: 0.0 hours, 0.0 minutes, 0.33744420687357585 seconds
2025-03-06 00:02:22,820 | INFO : Avg val. time: 0.0 hours, 0.0 minutes, 0.33744420687357585 seconds
2025-03-06 00:02:22,820 | INFO : Avg val. time: 0.0 hours, 0.0 minutes, 0.33744420687357585 seconds
2025-03-06 00:02:22,820 | INFO : Avg val. time: 0.0 hours, 0.0 minutes, 0.33744420687357585 seconds
2025-03-06 00:02:22,820 | INFO : Avg val. time: 0.0 hours, 0.0 minutes, 0.33744420687357585 seconds
2025-03-06 00:02:22,820 | INFO : Avg val. time: 0.0 hours, 0.0 minutes, 0.33744420687357585 seconds
2025-03-06 00:02:22,820 | INFO : Avg val. time: 0.0 hours, 0.0 minutes, 0.33744420687357585 seconds
2025-03-06 00:02:22,820 | INFO : Avg val. time: 0.0 hours, 0.0 minutes, 0.33744420687357585 seconds
2025-03-06 00:02:22,821 | INFO : Avg batch val. time: 0.008436105171839396 seconds
2025-03-06 00:02:22,821 | INFO : Avg batch val. time: 0.008436105171839396 seconds
2025-03-06 00:02:22,821 | INFO : Avg batch val. time: 0.008436105171839396 seconds
2025-03-06 00:02:22,821 | INFO : Avg batch val. time: 0.008436105171839396 seconds
2025-03-06 00:02:22,821 | INFO : Avg batch val. time: 0.008436105171839396 seconds
2025-03-06 00:02:22,821 | INFO : Avg batch val. time: 0.008436105171839396 seconds
2025-03-06 00:02:22,821 | INFO : Avg batch val. time: 0.008436105171839396 seconds
2025-03-06 00:02:22,821 | INFO : Avg batch val. time: 0.008436105171839396 seconds
2025-03-06 00:02:22,823 | INFO : Avg sample val. time: 0.008436105171839396 seconds
2025-03-06 00:02:22,823 | INFO : Avg sample val. time: 0.008436105171839396 seconds
2025-03-06 00:02:22,823 | INFO : Avg sample val. time: 0.008436105171839396 seconds
2025-03-06 00:02:22,823 | INFO : Avg sample val. time: 0.008436105171839396 seconds
2025-03-06 00:02:22,823 | INFO : Avg sample val. time: 0.008436105171839396 seconds
2025-03-06 00:02:22,823 | INFO : Avg sample val. time: 0.008436105171839396 seconds
2025-03-06 00:02:22,823 | INFO : Avg sample val. time: 0.008436105171839396 seconds
2025-03-06 00:02:22,823 | INFO : Avg sample val. time: 0.008436105171839396 seconds
2025-03-06 00:02:22,824 | INFO : Epoch 74 Validation Summary: epoch: 74.000000 | loss: 0.075826 | 
2025-03-06 00:02:22,824 | INFO : Epoch 74 Validation Summary: epoch: 74.000000 | loss: 0.075826 | 
2025-03-06 00:02:22,824 | INFO : Epoch 74 Validation Summary: epoch: 74.000000 | loss: 0.075826 | 
2025-03-06 00:02:22,824 | INFO : Epoch 74 Validation Summary: epoch: 74.000000 | loss: 0.075826 | 
2025-03-06 00:02:22,824 | INFO : Epoch 74 Validation Summary: epoch: 74.000000 | loss: 0.075826 | 
2025-03-06 00:02:22,824 | INFO : Epoch 74 Validation Summary: epoch: 74.000000 | loss: 0.075826 | 
2025-03-06 00:02:22,824 | INFO : Epoch 74 Validation Summary: epoch: 74.000000 | loss: 0.075826 | 
2025-03-06 00:02:22,824 | INFO : Epoch 74 Validation Summary: epoch: 74.000000 | loss: 0.075826 | 
2025-03-06 00:02:22,872 | INFO : Evaluating on validation set ...
2025-03-06 00:02:22,872 | INFO : Evaluating on validation set ...
2025-03-06 00:02:22,872 | INFO : Evaluating on validation set ...
2025-03-06 00:02:22,872 | INFO : Evaluating on validation set ...
2025-03-06 00:02:22,872 | INFO : Evaluating on validation set ...
2025-03-06 00:02:22,872 | INFO : Evaluating on validation set ...
2025-03-06 00:02:22,872 | INFO : Evaluating on validation set ...
2025-03-06 00:02:22,872 | INFO : Evaluating on validation set ...
2025-03-06 00:02:23,212 | INFO : Validation runtime: 0.0 hours, 0.0 minutes, 0.33853650093078613 seconds

2025-03-06 00:02:23,212 | INFO : Validation runtime: 0.0 hours, 0.0 minutes, 0.33853650093078613 seconds

2025-03-06 00:02:23,212 | INFO : Validation runtime: 0.0 hours, 0.0 minutes, 0.33853650093078613 seconds

2025-03-06 00:02:23,212 | INFO : Validation runtime: 0.0 hours, 0.0 minutes, 0.33853650093078613 seconds

2025-03-06 00:02:23,212 | INFO : Validation runtime: 0.0 hours, 0.0 minutes, 0.33853650093078613 seconds

2025-03-06 00:02:23,212 | INFO : Validation runtime: 0.0 hours, 0.0 minutes, 0.33853650093078613 seconds

2025-03-06 00:02:23,212 | INFO : Validation runtime: 0.0 hours, 0.0 minutes, 0.33853650093078613 seconds

2025-03-06 00:02:23,212 | INFO : Validation runtime: 0.0 hours, 0.0 minutes, 0.33853650093078613 seconds

2025-03-06 00:02:23,214 | INFO : Avg val. time: 0.0 hours, 0.0 minutes, 0.3374585791638023 seconds
2025-03-06 00:02:23,214 | INFO : Avg val. time: 0.0 hours, 0.0 minutes, 0.3374585791638023 seconds
2025-03-06 00:02:23,214 | INFO : Avg val. time: 0.0 hours, 0.0 minutes, 0.3374585791638023 seconds
2025-03-06 00:02:23,214 | INFO : Avg val. time: 0.0 hours, 0.0 minutes, 0.3374585791638023 seconds
2025-03-06 00:02:23,214 | INFO : Avg val. time: 0.0 hours, 0.0 minutes, 0.3374585791638023 seconds
2025-03-06 00:02:23,214 | INFO : Avg val. time: 0.0 hours, 0.0 minutes, 0.3374585791638023 seconds
2025-03-06 00:02:23,214 | INFO : Avg val. time: 0.0 hours, 0.0 minutes, 0.3374585791638023 seconds
2025-03-06 00:02:23,214 | INFO : Avg val. time: 0.0 hours, 0.0 minutes, 0.3374585791638023 seconds
2025-03-06 00:02:23,215 | INFO : Avg batch val. time: 0.008436464479095056 seconds
2025-03-06 00:02:23,215 | INFO : Avg batch val. time: 0.008436464479095056 seconds
2025-03-06 00:02:23,215 | INFO : Avg batch val. time: 0.008436464479095056 seconds
2025-03-06 00:02:23,215 | INFO : Avg batch val. time: 0.008436464479095056 seconds
2025-03-06 00:02:23,215 | INFO : Avg batch val. time: 0.008436464479095056 seconds
2025-03-06 00:02:23,215 | INFO : Avg batch val. time: 0.008436464479095056 seconds
2025-03-06 00:02:23,215 | INFO : Avg batch val. time: 0.008436464479095056 seconds
2025-03-06 00:02:23,215 | INFO : Avg batch val. time: 0.008436464479095056 seconds
2025-03-06 00:02:23,217 | INFO : Avg sample val. time: 0.008436464479095056 seconds
2025-03-06 00:02:23,217 | INFO : Avg sample val. time: 0.008436464479095056 seconds
2025-03-06 00:02:23,217 | INFO : Avg sample val. time: 0.008436464479095056 seconds
2025-03-06 00:02:23,217 | INFO : Avg sample val. time: 0.008436464479095056 seconds
2025-03-06 00:02:23,217 | INFO : Avg sample val. time: 0.008436464479095056 seconds
2025-03-06 00:02:23,217 | INFO : Avg sample val. time: 0.008436464479095056 seconds
2025-03-06 00:02:23,217 | INFO : Avg sample val. time: 0.008436464479095056 seconds
2025-03-06 00:02:23,217 | INFO : Avg sample val. time: 0.008436464479095056 seconds
2025-03-06 00:02:23,218 | INFO : Epoch 75 Validation Summary: epoch: 75.000000 | loss: 0.075510 | 
2025-03-06 00:02:23,218 | INFO : Epoch 75 Validation Summary: epoch: 75.000000 | loss: 0.075510 | 
2025-03-06 00:02:23,218 | INFO : Epoch 75 Validation Summary: epoch: 75.000000 | loss: 0.075510 | 
2025-03-06 00:02:23,218 | INFO : Epoch 75 Validation Summary: epoch: 75.000000 | loss: 0.075510 | 
2025-03-06 00:02:23,218 | INFO : Epoch 75 Validation Summary: epoch: 75.000000 | loss: 0.075510 | 
2025-03-06 00:02:23,218 | INFO : Epoch 75 Validation Summary: epoch: 75.000000 | loss: 0.075510 | 
2025-03-06 00:02:23,218 | INFO : Epoch 75 Validation Summary: epoch: 75.000000 | loss: 0.075510 | 
2025-03-06 00:02:23,218 | INFO : Epoch 75 Validation Summary: epoch: 75.000000 | loss: 0.075510 | 
2025-03-06 00:02:23,265 | INFO : Evaluating on validation set ...
2025-03-06 00:02:23,265 | INFO : Evaluating on validation set ...
2025-03-06 00:02:23,265 | INFO : Evaluating on validation set ...
2025-03-06 00:02:23,265 | INFO : Evaluating on validation set ...
2025-03-06 00:02:23,265 | INFO : Evaluating on validation set ...
2025-03-06 00:02:23,265 | INFO : Evaluating on validation set ...
2025-03-06 00:02:23,265 | INFO : Evaluating on validation set ...
2025-03-06 00:02:23,265 | INFO : Evaluating on validation set ...
2025-03-06 00:02:23,611 | INFO : Validation runtime: 0.0 hours, 0.0 minutes, 0.34467315673828125 seconds

2025-03-06 00:02:23,611 | INFO : Validation runtime: 0.0 hours, 0.0 minutes, 0.34467315673828125 seconds

2025-03-06 00:02:23,611 | INFO : Validation runtime: 0.0 hours, 0.0 minutes, 0.34467315673828125 seconds

2025-03-06 00:02:23,611 | INFO : Validation runtime: 0.0 hours, 0.0 minutes, 0.34467315673828125 seconds

2025-03-06 00:02:23,611 | INFO : Validation runtime: 0.0 hours, 0.0 minutes, 0.34467315673828125 seconds

2025-03-06 00:02:23,611 | INFO : Validation runtime: 0.0 hours, 0.0 minutes, 0.34467315673828125 seconds

2025-03-06 00:02:23,611 | INFO : Validation runtime: 0.0 hours, 0.0 minutes, 0.34467315673828125 seconds

2025-03-06 00:02:23,611 | INFO : Validation runtime: 0.0 hours, 0.0 minutes, 0.34467315673828125 seconds

2025-03-06 00:02:23,613 | INFO : Avg val. time: 0.0 hours, 0.0 minutes, 0.33755227497645784 seconds
2025-03-06 00:02:23,613 | INFO : Avg val. time: 0.0 hours, 0.0 minutes, 0.33755227497645784 seconds
2025-03-06 00:02:23,613 | INFO : Avg val. time: 0.0 hours, 0.0 minutes, 0.33755227497645784 seconds
2025-03-06 00:02:23,613 | INFO : Avg val. time: 0.0 hours, 0.0 minutes, 0.33755227497645784 seconds
2025-03-06 00:02:23,613 | INFO : Avg val. time: 0.0 hours, 0.0 minutes, 0.33755227497645784 seconds
2025-03-06 00:02:23,613 | INFO : Avg val. time: 0.0 hours, 0.0 minutes, 0.33755227497645784 seconds
2025-03-06 00:02:23,613 | INFO : Avg val. time: 0.0 hours, 0.0 minutes, 0.33755227497645784 seconds
2025-03-06 00:02:23,613 | INFO : Avg val. time: 0.0 hours, 0.0 minutes, 0.33755227497645784 seconds
2025-03-06 00:02:23,615 | INFO : Avg batch val. time: 0.008438806874411446 seconds
2025-03-06 00:02:23,615 | INFO : Avg batch val. time: 0.008438806874411446 seconds
2025-03-06 00:02:23,615 | INFO : Avg batch val. time: 0.008438806874411446 seconds
2025-03-06 00:02:23,615 | INFO : Avg batch val. time: 0.008438806874411446 seconds
2025-03-06 00:02:23,615 | INFO : Avg batch val. time: 0.008438806874411446 seconds
2025-03-06 00:02:23,615 | INFO : Avg batch val. time: 0.008438806874411446 seconds
2025-03-06 00:02:23,615 | INFO : Avg batch val. time: 0.008438806874411446 seconds
2025-03-06 00:02:23,615 | INFO : Avg batch val. time: 0.008438806874411446 seconds
2025-03-06 00:02:23,616 | INFO : Avg sample val. time: 0.008438806874411446 seconds
2025-03-06 00:02:23,616 | INFO : Avg sample val. time: 0.008438806874411446 seconds
2025-03-06 00:02:23,616 | INFO : Avg sample val. time: 0.008438806874411446 seconds
2025-03-06 00:02:23,616 | INFO : Avg sample val. time: 0.008438806874411446 seconds
2025-03-06 00:02:23,616 | INFO : Avg sample val. time: 0.008438806874411446 seconds
2025-03-06 00:02:23,616 | INFO : Avg sample val. time: 0.008438806874411446 seconds
2025-03-06 00:02:23,616 | INFO : Avg sample val. time: 0.008438806874411446 seconds
2025-03-06 00:02:23,616 | INFO : Avg sample val. time: 0.008438806874411446 seconds
2025-03-06 00:02:23,618 | INFO : Epoch 76 Validation Summary: epoch: 76.000000 | loss: 0.075206 | 
2025-03-06 00:02:23,618 | INFO : Epoch 76 Validation Summary: epoch: 76.000000 | loss: 0.075206 | 
2025-03-06 00:02:23,618 | INFO : Epoch 76 Validation Summary: epoch: 76.000000 | loss: 0.075206 | 
2025-03-06 00:02:23,618 | INFO : Epoch 76 Validation Summary: epoch: 76.000000 | loss: 0.075206 | 
2025-03-06 00:02:23,618 | INFO : Epoch 76 Validation Summary: epoch: 76.000000 | loss: 0.075206 | 
2025-03-06 00:02:23,618 | INFO : Epoch 76 Validation Summary: epoch: 76.000000 | loss: 0.075206 | 
2025-03-06 00:02:23,618 | INFO : Epoch 76 Validation Summary: epoch: 76.000000 | loss: 0.075206 | 
2025-03-06 00:02:23,618 | INFO : Epoch 76 Validation Summary: epoch: 76.000000 | loss: 0.075206 | 
2025-03-06 00:02:23,665 | INFO : Evaluating on validation set ...
2025-03-06 00:02:23,665 | INFO : Evaluating on validation set ...
2025-03-06 00:02:23,665 | INFO : Evaluating on validation set ...
2025-03-06 00:02:23,665 | INFO : Evaluating on validation set ...
2025-03-06 00:02:23,665 | INFO : Evaluating on validation set ...
2025-03-06 00:02:23,665 | INFO : Evaluating on validation set ...
2025-03-06 00:02:23,665 | INFO : Evaluating on validation set ...
2025-03-06 00:02:23,665 | INFO : Evaluating on validation set ...
2025-03-06 00:02:24,000 | INFO : Validation runtime: 0.0 hours, 0.0 minutes, 0.3327157497406006 seconds

2025-03-06 00:02:24,000 | INFO : Validation runtime: 0.0 hours, 0.0 minutes, 0.3327157497406006 seconds

2025-03-06 00:02:24,000 | INFO : Validation runtime: 0.0 hours, 0.0 minutes, 0.3327157497406006 seconds

2025-03-06 00:02:24,000 | INFO : Validation runtime: 0.0 hours, 0.0 minutes, 0.3327157497406006 seconds

2025-03-06 00:02:24,000 | INFO : Validation runtime: 0.0 hours, 0.0 minutes, 0.3327157497406006 seconds

2025-03-06 00:02:24,000 | INFO : Validation runtime: 0.0 hours, 0.0 minutes, 0.3327157497406006 seconds

2025-03-06 00:02:24,000 | INFO : Validation runtime: 0.0 hours, 0.0 minutes, 0.3327157497406006 seconds

2025-03-06 00:02:24,000 | INFO : Validation runtime: 0.0 hours, 0.0 minutes, 0.3327157497406006 seconds

2025-03-06 00:02:24,002 | INFO : Avg val. time: 0.0 hours, 0.0 minutes, 0.3374902682426648 seconds
2025-03-06 00:02:24,002 | INFO : Avg val. time: 0.0 hours, 0.0 minutes, 0.3374902682426648 seconds
2025-03-06 00:02:24,002 | INFO : Avg val. time: 0.0 hours, 0.0 minutes, 0.3374902682426648 seconds
2025-03-06 00:02:24,002 | INFO : Avg val. time: 0.0 hours, 0.0 minutes, 0.3374902682426648 seconds
2025-03-06 00:02:24,002 | INFO : Avg val. time: 0.0 hours, 0.0 minutes, 0.3374902682426648 seconds
2025-03-06 00:02:24,002 | INFO : Avg val. time: 0.0 hours, 0.0 minutes, 0.3374902682426648 seconds
2025-03-06 00:02:24,002 | INFO : Avg val. time: 0.0 hours, 0.0 minutes, 0.3374902682426648 seconds
2025-03-06 00:02:24,002 | INFO : Avg val. time: 0.0 hours, 0.0 minutes, 0.3374902682426648 seconds
2025-03-06 00:02:24,003 | INFO : Avg batch val. time: 0.00843725670606662 seconds
2025-03-06 00:02:24,003 | INFO : Avg batch val. time: 0.00843725670606662 seconds
2025-03-06 00:02:24,003 | INFO : Avg batch val. time: 0.00843725670606662 seconds
2025-03-06 00:02:24,003 | INFO : Avg batch val. time: 0.00843725670606662 seconds
2025-03-06 00:02:24,003 | INFO : Avg batch val. time: 0.00843725670606662 seconds
2025-03-06 00:02:24,003 | INFO : Avg batch val. time: 0.00843725670606662 seconds
2025-03-06 00:02:24,003 | INFO : Avg batch val. time: 0.00843725670606662 seconds
2025-03-06 00:02:24,003 | INFO : Avg batch val. time: 0.00843725670606662 seconds
2025-03-06 00:02:24,005 | INFO : Avg sample val. time: 0.00843725670606662 seconds
2025-03-06 00:02:24,005 | INFO : Avg sample val. time: 0.00843725670606662 seconds
2025-03-06 00:02:24,005 | INFO : Avg sample val. time: 0.00843725670606662 seconds
2025-03-06 00:02:24,005 | INFO : Avg sample val. time: 0.00843725670606662 seconds
2025-03-06 00:02:24,005 | INFO : Avg sample val. time: 0.00843725670606662 seconds
2025-03-06 00:02:24,005 | INFO : Avg sample val. time: 0.00843725670606662 seconds
2025-03-06 00:02:24,005 | INFO : Avg sample val. time: 0.00843725670606662 seconds
2025-03-06 00:02:24,005 | INFO : Avg sample val. time: 0.00843725670606662 seconds
2025-03-06 00:02:24,007 | INFO : Epoch 77 Validation Summary: epoch: 77.000000 | loss: 0.074912 | 
2025-03-06 00:02:24,007 | INFO : Epoch 77 Validation Summary: epoch: 77.000000 | loss: 0.074912 | 
2025-03-06 00:02:24,007 | INFO : Epoch 77 Validation Summary: epoch: 77.000000 | loss: 0.074912 | 
2025-03-06 00:02:24,007 | INFO : Epoch 77 Validation Summary: epoch: 77.000000 | loss: 0.074912 | 
2025-03-06 00:02:24,007 | INFO : Epoch 77 Validation Summary: epoch: 77.000000 | loss: 0.074912 | 
2025-03-06 00:02:24,007 | INFO : Epoch 77 Validation Summary: epoch: 77.000000 | loss: 0.074912 | 
2025-03-06 00:02:24,007 | INFO : Epoch 77 Validation Summary: epoch: 77.000000 | loss: 0.074912 | 
2025-03-06 00:02:24,007 | INFO : Epoch 77 Validation Summary: epoch: 77.000000 | loss: 0.074912 | 
2025-03-06 00:02:24,053 | INFO : Evaluating on validation set ...
2025-03-06 00:02:24,053 | INFO : Evaluating on validation set ...
2025-03-06 00:02:24,053 | INFO : Evaluating on validation set ...
2025-03-06 00:02:24,053 | INFO : Evaluating on validation set ...
2025-03-06 00:02:24,053 | INFO : Evaluating on validation set ...
2025-03-06 00:02:24,053 | INFO : Evaluating on validation set ...
2025-03-06 00:02:24,053 | INFO : Evaluating on validation set ...
2025-03-06 00:02:24,053 | INFO : Evaluating on validation set ...
2025-03-06 00:02:24,388 | INFO : Validation runtime: 0.0 hours, 0.0 minutes, 0.33341526985168457 seconds

2025-03-06 00:02:24,388 | INFO : Validation runtime: 0.0 hours, 0.0 minutes, 0.33341526985168457 seconds

2025-03-06 00:02:24,388 | INFO : Validation runtime: 0.0 hours, 0.0 minutes, 0.33341526985168457 seconds

2025-03-06 00:02:24,388 | INFO : Validation runtime: 0.0 hours, 0.0 minutes, 0.33341526985168457 seconds

2025-03-06 00:02:24,388 | INFO : Validation runtime: 0.0 hours, 0.0 minutes, 0.33341526985168457 seconds

2025-03-06 00:02:24,388 | INFO : Validation runtime: 0.0 hours, 0.0 minutes, 0.33341526985168457 seconds

2025-03-06 00:02:24,388 | INFO : Validation runtime: 0.0 hours, 0.0 minutes, 0.33341526985168457 seconds

2025-03-06 00:02:24,388 | INFO : Validation runtime: 0.0 hours, 0.0 minutes, 0.33341526985168457 seconds

2025-03-06 00:02:24,389 | INFO : Avg val. time: 0.0 hours, 0.0 minutes, 0.3374386859845512 seconds
2025-03-06 00:02:24,389 | INFO : Avg val. time: 0.0 hours, 0.0 minutes, 0.3374386859845512 seconds
2025-03-06 00:02:24,389 | INFO : Avg val. time: 0.0 hours, 0.0 minutes, 0.3374386859845512 seconds
2025-03-06 00:02:24,389 | INFO : Avg val. time: 0.0 hours, 0.0 minutes, 0.3374386859845512 seconds
2025-03-06 00:02:24,389 | INFO : Avg val. time: 0.0 hours, 0.0 minutes, 0.3374386859845512 seconds
2025-03-06 00:02:24,389 | INFO : Avg val. time: 0.0 hours, 0.0 minutes, 0.3374386859845512 seconds
2025-03-06 00:02:24,389 | INFO : Avg val. time: 0.0 hours, 0.0 minutes, 0.3374386859845512 seconds
2025-03-06 00:02:24,389 | INFO : Avg val. time: 0.0 hours, 0.0 minutes, 0.3374386859845512 seconds
2025-03-06 00:02:24,391 | INFO : Avg batch val. time: 0.008435967149613779 seconds
2025-03-06 00:02:24,391 | INFO : Avg batch val. time: 0.008435967149613779 seconds
2025-03-06 00:02:24,391 | INFO : Avg batch val. time: 0.008435967149613779 seconds
2025-03-06 00:02:24,391 | INFO : Avg batch val. time: 0.008435967149613779 seconds
2025-03-06 00:02:24,391 | INFO : Avg batch val. time: 0.008435967149613779 seconds
2025-03-06 00:02:24,391 | INFO : Avg batch val. time: 0.008435967149613779 seconds
2025-03-06 00:02:24,391 | INFO : Avg batch val. time: 0.008435967149613779 seconds
2025-03-06 00:02:24,391 | INFO : Avg batch val. time: 0.008435967149613779 seconds
2025-03-06 00:02:24,392 | INFO : Avg sample val. time: 0.008435967149613779 seconds
2025-03-06 00:02:24,392 | INFO : Avg sample val. time: 0.008435967149613779 seconds
2025-03-06 00:02:24,392 | INFO : Avg sample val. time: 0.008435967149613779 seconds
2025-03-06 00:02:24,392 | INFO : Avg sample val. time: 0.008435967149613779 seconds
2025-03-06 00:02:24,392 | INFO : Avg sample val. time: 0.008435967149613779 seconds
2025-03-06 00:02:24,392 | INFO : Avg sample val. time: 0.008435967149613779 seconds
2025-03-06 00:02:24,392 | INFO : Avg sample val. time: 0.008435967149613779 seconds
2025-03-06 00:02:24,392 | INFO : Avg sample val. time: 0.008435967149613779 seconds
2025-03-06 00:02:24,394 | INFO : Epoch 78 Validation Summary: epoch: 78.000000 | loss: 0.074629 | 
2025-03-06 00:02:24,394 | INFO : Epoch 78 Validation Summary: epoch: 78.000000 | loss: 0.074629 | 
2025-03-06 00:02:24,394 | INFO : Epoch 78 Validation Summary: epoch: 78.000000 | loss: 0.074629 | 
2025-03-06 00:02:24,394 | INFO : Epoch 78 Validation Summary: epoch: 78.000000 | loss: 0.074629 | 
2025-03-06 00:02:24,394 | INFO : Epoch 78 Validation Summary: epoch: 78.000000 | loss: 0.074629 | 
2025-03-06 00:02:24,394 | INFO : Epoch 78 Validation Summary: epoch: 78.000000 | loss: 0.074629 | 
2025-03-06 00:02:24,394 | INFO : Epoch 78 Validation Summary: epoch: 78.000000 | loss: 0.074629 | 
2025-03-06 00:02:24,394 | INFO : Epoch 78 Validation Summary: epoch: 78.000000 | loss: 0.074629 | 
2025-03-06 00:02:24,449 | INFO : Evaluating on validation set ...
2025-03-06 00:02:24,449 | INFO : Evaluating on validation set ...
2025-03-06 00:02:24,449 | INFO : Evaluating on validation set ...
2025-03-06 00:02:24,449 | INFO : Evaluating on validation set ...
2025-03-06 00:02:24,449 | INFO : Evaluating on validation set ...
2025-03-06 00:02:24,449 | INFO : Evaluating on validation set ...
2025-03-06 00:02:24,449 | INFO : Evaluating on validation set ...
2025-03-06 00:02:24,449 | INFO : Evaluating on validation set ...
2025-03-06 00:02:24,790 | INFO : Validation runtime: 0.0 hours, 0.0 minutes, 0.33971476554870605 seconds

2025-03-06 00:02:24,790 | INFO : Validation runtime: 0.0 hours, 0.0 minutes, 0.33971476554870605 seconds

2025-03-06 00:02:24,790 | INFO : Validation runtime: 0.0 hours, 0.0 minutes, 0.33971476554870605 seconds

2025-03-06 00:02:24,790 | INFO : Validation runtime: 0.0 hours, 0.0 minutes, 0.33971476554870605 seconds

2025-03-06 00:02:24,790 | INFO : Validation runtime: 0.0 hours, 0.0 minutes, 0.33971476554870605 seconds

2025-03-06 00:02:24,790 | INFO : Validation runtime: 0.0 hours, 0.0 minutes, 0.33971476554870605 seconds

2025-03-06 00:02:24,790 | INFO : Validation runtime: 0.0 hours, 0.0 minutes, 0.33971476554870605 seconds

2025-03-06 00:02:24,790 | INFO : Validation runtime: 0.0 hours, 0.0 minutes, 0.33971476554870605 seconds

2025-03-06 00:02:24,792 | INFO : Avg val. time: 0.0 hours, 0.0 minutes, 0.3374671369791031 seconds
2025-03-06 00:02:24,792 | INFO : Avg val. time: 0.0 hours, 0.0 minutes, 0.3374671369791031 seconds
2025-03-06 00:02:24,792 | INFO : Avg val. time: 0.0 hours, 0.0 minutes, 0.3374671369791031 seconds
2025-03-06 00:02:24,792 | INFO : Avg val. time: 0.0 hours, 0.0 minutes, 0.3374671369791031 seconds
2025-03-06 00:02:24,792 | INFO : Avg val. time: 0.0 hours, 0.0 minutes, 0.3374671369791031 seconds
2025-03-06 00:02:24,792 | INFO : Avg val. time: 0.0 hours, 0.0 minutes, 0.3374671369791031 seconds
2025-03-06 00:02:24,792 | INFO : Avg val. time: 0.0 hours, 0.0 minutes, 0.3374671369791031 seconds
2025-03-06 00:02:24,792 | INFO : Avg val. time: 0.0 hours, 0.0 minutes, 0.3374671369791031 seconds
2025-03-06 00:02:24,794 | INFO : Avg batch val. time: 0.008436678424477578 seconds
2025-03-06 00:02:24,794 | INFO : Avg batch val. time: 0.008436678424477578 seconds
2025-03-06 00:02:24,794 | INFO : Avg batch val. time: 0.008436678424477578 seconds
2025-03-06 00:02:24,794 | INFO : Avg batch val. time: 0.008436678424477578 seconds
2025-03-06 00:02:24,794 | INFO : Avg batch val. time: 0.008436678424477578 seconds
2025-03-06 00:02:24,794 | INFO : Avg batch val. time: 0.008436678424477578 seconds
2025-03-06 00:02:24,794 | INFO : Avg batch val. time: 0.008436678424477578 seconds
2025-03-06 00:02:24,794 | INFO : Avg batch val. time: 0.008436678424477578 seconds
2025-03-06 00:02:24,795 | INFO : Avg sample val. time: 0.008436678424477578 seconds
2025-03-06 00:02:24,795 | INFO : Avg sample val. time: 0.008436678424477578 seconds
2025-03-06 00:02:24,795 | INFO : Avg sample val. time: 0.008436678424477578 seconds
2025-03-06 00:02:24,795 | INFO : Avg sample val. time: 0.008436678424477578 seconds
2025-03-06 00:02:24,795 | INFO : Avg sample val. time: 0.008436678424477578 seconds
2025-03-06 00:02:24,795 | INFO : Avg sample val. time: 0.008436678424477578 seconds
2025-03-06 00:02:24,795 | INFO : Avg sample val. time: 0.008436678424477578 seconds
2025-03-06 00:02:24,795 | INFO : Avg sample val. time: 0.008436678424477578 seconds
2025-03-06 00:02:24,797 | INFO : Epoch 79 Validation Summary: epoch: 79.000000 | loss: 0.074356 | 
2025-03-06 00:02:24,797 | INFO : Epoch 79 Validation Summary: epoch: 79.000000 | loss: 0.074356 | 
2025-03-06 00:02:24,797 | INFO : Epoch 79 Validation Summary: epoch: 79.000000 | loss: 0.074356 | 
2025-03-06 00:02:24,797 | INFO : Epoch 79 Validation Summary: epoch: 79.000000 | loss: 0.074356 | 
2025-03-06 00:02:24,797 | INFO : Epoch 79 Validation Summary: epoch: 79.000000 | loss: 0.074356 | 
2025-03-06 00:02:24,797 | INFO : Epoch 79 Validation Summary: epoch: 79.000000 | loss: 0.074356 | 
2025-03-06 00:02:24,797 | INFO : Epoch 79 Validation Summary: epoch: 79.000000 | loss: 0.074356 | 
2025-03-06 00:02:24,797 | INFO : Epoch 79 Validation Summary: epoch: 79.000000 | loss: 0.074356 | 
2025-03-06 00:02:24,844 | INFO : Evaluating on validation set ...
2025-03-06 00:02:24,844 | INFO : Evaluating on validation set ...
2025-03-06 00:02:24,844 | INFO : Evaluating on validation set ...
2025-03-06 00:02:24,844 | INFO : Evaluating on validation set ...
2025-03-06 00:02:24,844 | INFO : Evaluating on validation set ...
2025-03-06 00:02:24,844 | INFO : Evaluating on validation set ...
2025-03-06 00:02:24,844 | INFO : Evaluating on validation set ...
2025-03-06 00:02:24,844 | INFO : Evaluating on validation set ...
2025-03-06 00:02:25,192 | INFO : Validation runtime: 0.0 hours, 0.0 minutes, 0.3471252918243408 seconds

2025-03-06 00:02:25,192 | INFO : Validation runtime: 0.0 hours, 0.0 minutes, 0.3471252918243408 seconds

2025-03-06 00:02:25,192 | INFO : Validation runtime: 0.0 hours, 0.0 minutes, 0.3471252918243408 seconds

2025-03-06 00:02:25,192 | INFO : Validation runtime: 0.0 hours, 0.0 minutes, 0.3471252918243408 seconds

2025-03-06 00:02:25,192 | INFO : Validation runtime: 0.0 hours, 0.0 minutes, 0.3471252918243408 seconds

2025-03-06 00:02:25,192 | INFO : Validation runtime: 0.0 hours, 0.0 minutes, 0.3471252918243408 seconds

2025-03-06 00:02:25,192 | INFO : Validation runtime: 0.0 hours, 0.0 minutes, 0.3471252918243408 seconds

2025-03-06 00:02:25,192 | INFO : Validation runtime: 0.0 hours, 0.0 minutes, 0.3471252918243408 seconds

2025-03-06 00:02:25,194 | INFO : Avg val. time: 0.0 hours, 0.0 minutes, 0.3375863734586739 seconds
2025-03-06 00:02:25,194 | INFO : Avg val. time: 0.0 hours, 0.0 minutes, 0.3375863734586739 seconds
2025-03-06 00:02:25,194 | INFO : Avg val. time: 0.0 hours, 0.0 minutes, 0.3375863734586739 seconds
2025-03-06 00:02:25,194 | INFO : Avg val. time: 0.0 hours, 0.0 minutes, 0.3375863734586739 seconds
2025-03-06 00:02:25,194 | INFO : Avg val. time: 0.0 hours, 0.0 minutes, 0.3375863734586739 seconds
2025-03-06 00:02:25,194 | INFO : Avg val. time: 0.0 hours, 0.0 minutes, 0.3375863734586739 seconds
2025-03-06 00:02:25,194 | INFO : Avg val. time: 0.0 hours, 0.0 minutes, 0.3375863734586739 seconds
2025-03-06 00:02:25,194 | INFO : Avg val. time: 0.0 hours, 0.0 minutes, 0.3375863734586739 seconds
2025-03-06 00:02:25,196 | INFO : Avg batch val. time: 0.008439659336466848 seconds
2025-03-06 00:02:25,196 | INFO : Avg batch val. time: 0.008439659336466848 seconds
2025-03-06 00:02:25,196 | INFO : Avg batch val. time: 0.008439659336466848 seconds
2025-03-06 00:02:25,196 | INFO : Avg batch val. time: 0.008439659336466848 seconds
2025-03-06 00:02:25,196 | INFO : Avg batch val. time: 0.008439659336466848 seconds
2025-03-06 00:02:25,196 | INFO : Avg batch val. time: 0.008439659336466848 seconds
2025-03-06 00:02:25,196 | INFO : Avg batch val. time: 0.008439659336466848 seconds
2025-03-06 00:02:25,196 | INFO : Avg batch val. time: 0.008439659336466848 seconds
2025-03-06 00:02:25,197 | INFO : Avg sample val. time: 0.008439659336466848 seconds
2025-03-06 00:02:25,197 | INFO : Avg sample val. time: 0.008439659336466848 seconds
2025-03-06 00:02:25,197 | INFO : Avg sample val. time: 0.008439659336466848 seconds
2025-03-06 00:02:25,197 | INFO : Avg sample val. time: 0.008439659336466848 seconds
2025-03-06 00:02:25,197 | INFO : Avg sample val. time: 0.008439659336466848 seconds
2025-03-06 00:02:25,197 | INFO : Avg sample val. time: 0.008439659336466848 seconds
2025-03-06 00:02:25,197 | INFO : Avg sample val. time: 0.008439659336466848 seconds
2025-03-06 00:02:25,197 | INFO : Avg sample val. time: 0.008439659336466848 seconds
2025-03-06 00:02:25,199 | INFO : Epoch 80 Validation Summary: epoch: 80.000000 | loss: 0.074093 | 
2025-03-06 00:02:25,199 | INFO : Epoch 80 Validation Summary: epoch: 80.000000 | loss: 0.074093 | 
2025-03-06 00:02:25,199 | INFO : Epoch 80 Validation Summary: epoch: 80.000000 | loss: 0.074093 | 
2025-03-06 00:02:25,199 | INFO : Epoch 80 Validation Summary: epoch: 80.000000 | loss: 0.074093 | 
2025-03-06 00:02:25,199 | INFO : Epoch 80 Validation Summary: epoch: 80.000000 | loss: 0.074093 | 
2025-03-06 00:02:25,199 | INFO : Epoch 80 Validation Summary: epoch: 80.000000 | loss: 0.074093 | 
2025-03-06 00:02:25,199 | INFO : Epoch 80 Validation Summary: epoch: 80.000000 | loss: 0.074093 | 
2025-03-06 00:02:25,199 | INFO : Epoch 80 Validation Summary: epoch: 80.000000 | loss: 0.074093 | 
2025-03-06 00:02:25,247 | INFO : Evaluating on validation set ...
2025-03-06 00:02:25,247 | INFO : Evaluating on validation set ...
2025-03-06 00:02:25,247 | INFO : Evaluating on validation set ...
2025-03-06 00:02:25,247 | INFO : Evaluating on validation set ...
2025-03-06 00:02:25,247 | INFO : Evaluating on validation set ...
2025-03-06 00:02:25,247 | INFO : Evaluating on validation set ...
2025-03-06 00:02:25,247 | INFO : Evaluating on validation set ...
2025-03-06 00:02:25,247 | INFO : Evaluating on validation set ...
2025-03-06 00:02:25,586 | INFO : Validation runtime: 0.0 hours, 0.0 minutes, 0.3372175693511963 seconds

2025-03-06 00:02:25,586 | INFO : Validation runtime: 0.0 hours, 0.0 minutes, 0.3372175693511963 seconds

2025-03-06 00:02:25,586 | INFO : Validation runtime: 0.0 hours, 0.0 minutes, 0.3372175693511963 seconds

2025-03-06 00:02:25,586 | INFO : Validation runtime: 0.0 hours, 0.0 minutes, 0.3372175693511963 seconds

2025-03-06 00:02:25,586 | INFO : Validation runtime: 0.0 hours, 0.0 minutes, 0.3372175693511963 seconds

2025-03-06 00:02:25,586 | INFO : Validation runtime: 0.0 hours, 0.0 minutes, 0.3372175693511963 seconds

2025-03-06 00:02:25,586 | INFO : Validation runtime: 0.0 hours, 0.0 minutes, 0.3372175693511963 seconds

2025-03-06 00:02:25,586 | INFO : Validation runtime: 0.0 hours, 0.0 minutes, 0.3372175693511963 seconds

2025-03-06 00:02:25,588 | INFO : Avg val. time: 0.0 hours, 0.0 minutes, 0.3375818758476071 seconds
2025-03-06 00:02:25,588 | INFO : Avg val. time: 0.0 hours, 0.0 minutes, 0.3375818758476071 seconds
2025-03-06 00:02:25,588 | INFO : Avg val. time: 0.0 hours, 0.0 minutes, 0.3375818758476071 seconds
2025-03-06 00:02:25,588 | INFO : Avg val. time: 0.0 hours, 0.0 minutes, 0.3375818758476071 seconds
2025-03-06 00:02:25,588 | INFO : Avg val. time: 0.0 hours, 0.0 minutes, 0.3375818758476071 seconds
2025-03-06 00:02:25,588 | INFO : Avg val. time: 0.0 hours, 0.0 minutes, 0.3375818758476071 seconds
2025-03-06 00:02:25,588 | INFO : Avg val. time: 0.0 hours, 0.0 minutes, 0.3375818758476071 seconds
2025-03-06 00:02:25,588 | INFO : Avg val. time: 0.0 hours, 0.0 minutes, 0.3375818758476071 seconds
2025-03-06 00:02:25,589 | INFO : Avg batch val. time: 0.008439546896190179 seconds
2025-03-06 00:02:25,589 | INFO : Avg batch val. time: 0.008439546896190179 seconds
2025-03-06 00:02:25,589 | INFO : Avg batch val. time: 0.008439546896190179 seconds
2025-03-06 00:02:25,589 | INFO : Avg batch val. time: 0.008439546896190179 seconds
2025-03-06 00:02:25,589 | INFO : Avg batch val. time: 0.008439546896190179 seconds
2025-03-06 00:02:25,589 | INFO : Avg batch val. time: 0.008439546896190179 seconds
2025-03-06 00:02:25,589 | INFO : Avg batch val. time: 0.008439546896190179 seconds
2025-03-06 00:02:25,589 | INFO : Avg batch val. time: 0.008439546896190179 seconds
2025-03-06 00:02:25,591 | INFO : Avg sample val. time: 0.008439546896190179 seconds
2025-03-06 00:02:25,591 | INFO : Avg sample val. time: 0.008439546896190179 seconds
2025-03-06 00:02:25,591 | INFO : Avg sample val. time: 0.008439546896190179 seconds
2025-03-06 00:02:25,591 | INFO : Avg sample val. time: 0.008439546896190179 seconds
2025-03-06 00:02:25,591 | INFO : Avg sample val. time: 0.008439546896190179 seconds
2025-03-06 00:02:25,591 | INFO : Avg sample val. time: 0.008439546896190179 seconds
2025-03-06 00:02:25,591 | INFO : Avg sample val. time: 0.008439546896190179 seconds
2025-03-06 00:02:25,591 | INFO : Avg sample val. time: 0.008439546896190179 seconds
2025-03-06 00:02:25,592 | INFO : Epoch 81 Validation Summary: epoch: 81.000000 | loss: 0.073838 | 
2025-03-06 00:02:25,592 | INFO : Epoch 81 Validation Summary: epoch: 81.000000 | loss: 0.073838 | 
2025-03-06 00:02:25,592 | INFO : Epoch 81 Validation Summary: epoch: 81.000000 | loss: 0.073838 | 
2025-03-06 00:02:25,592 | INFO : Epoch 81 Validation Summary: epoch: 81.000000 | loss: 0.073838 | 
2025-03-06 00:02:25,592 | INFO : Epoch 81 Validation Summary: epoch: 81.000000 | loss: 0.073838 | 
2025-03-06 00:02:25,592 | INFO : Epoch 81 Validation Summary: epoch: 81.000000 | loss: 0.073838 | 
2025-03-06 00:02:25,592 | INFO : Epoch 81 Validation Summary: epoch: 81.000000 | loss: 0.073838 | 
2025-03-06 00:02:25,592 | INFO : Epoch 81 Validation Summary: epoch: 81.000000 | loss: 0.073838 | 
2025-03-06 00:02:25,640 | INFO : Evaluating on validation set ...
2025-03-06 00:02:25,640 | INFO : Evaluating on validation set ...
2025-03-06 00:02:25,640 | INFO : Evaluating on validation set ...
2025-03-06 00:02:25,640 | INFO : Evaluating on validation set ...
2025-03-06 00:02:25,640 | INFO : Evaluating on validation set ...
2025-03-06 00:02:25,640 | INFO : Evaluating on validation set ...
2025-03-06 00:02:25,640 | INFO : Evaluating on validation set ...
2025-03-06 00:02:25,640 | INFO : Evaluating on validation set ...
2025-03-06 00:02:25,980 | INFO : Validation runtime: 0.0 hours, 0.0 minutes, 0.3386976718902588 seconds

2025-03-06 00:02:25,980 | INFO : Validation runtime: 0.0 hours, 0.0 minutes, 0.3386976718902588 seconds

2025-03-06 00:02:25,980 | INFO : Validation runtime: 0.0 hours, 0.0 minutes, 0.3386976718902588 seconds

2025-03-06 00:02:25,980 | INFO : Validation runtime: 0.0 hours, 0.0 minutes, 0.3386976718902588 seconds

2025-03-06 00:02:25,980 | INFO : Validation runtime: 0.0 hours, 0.0 minutes, 0.3386976718902588 seconds

2025-03-06 00:02:25,980 | INFO : Validation runtime: 0.0 hours, 0.0 minutes, 0.3386976718902588 seconds

2025-03-06 00:02:25,980 | INFO : Validation runtime: 0.0 hours, 0.0 minutes, 0.3386976718902588 seconds

2025-03-06 00:02:25,980 | INFO : Validation runtime: 0.0 hours, 0.0 minutes, 0.3386976718902588 seconds

2025-03-06 00:02:25,982 | INFO : Avg val. time: 0.0 hours, 0.0 minutes, 0.3375953191734222 seconds
2025-03-06 00:02:25,982 | INFO : Avg val. time: 0.0 hours, 0.0 minutes, 0.3375953191734222 seconds
2025-03-06 00:02:25,982 | INFO : Avg val. time: 0.0 hours, 0.0 minutes, 0.3375953191734222 seconds
2025-03-06 00:02:25,982 | INFO : Avg val. time: 0.0 hours, 0.0 minutes, 0.3375953191734222 seconds
2025-03-06 00:02:25,982 | INFO : Avg val. time: 0.0 hours, 0.0 minutes, 0.3375953191734222 seconds
2025-03-06 00:02:25,982 | INFO : Avg val. time: 0.0 hours, 0.0 minutes, 0.3375953191734222 seconds
2025-03-06 00:02:25,982 | INFO : Avg val. time: 0.0 hours, 0.0 minutes, 0.3375953191734222 seconds
2025-03-06 00:02:25,982 | INFO : Avg val. time: 0.0 hours, 0.0 minutes, 0.3375953191734222 seconds
2025-03-06 00:02:25,984 | INFO : Avg batch val. time: 0.008439882979335556 seconds
2025-03-06 00:02:25,984 | INFO : Avg batch val. time: 0.008439882979335556 seconds
2025-03-06 00:02:25,984 | INFO : Avg batch val. time: 0.008439882979335556 seconds
2025-03-06 00:02:25,984 | INFO : Avg batch val. time: 0.008439882979335556 seconds
2025-03-06 00:02:25,984 | INFO : Avg batch val. time: 0.008439882979335556 seconds
2025-03-06 00:02:25,984 | INFO : Avg batch val. time: 0.008439882979335556 seconds
2025-03-06 00:02:25,984 | INFO : Avg batch val. time: 0.008439882979335556 seconds
2025-03-06 00:02:25,984 | INFO : Avg batch val. time: 0.008439882979335556 seconds
2025-03-06 00:02:25,985 | INFO : Avg sample val. time: 0.008439882979335556 seconds
2025-03-06 00:02:25,985 | INFO : Avg sample val. time: 0.008439882979335556 seconds
2025-03-06 00:02:25,985 | INFO : Avg sample val. time: 0.008439882979335556 seconds
2025-03-06 00:02:25,985 | INFO : Avg sample val. time: 0.008439882979335556 seconds
2025-03-06 00:02:25,985 | INFO : Avg sample val. time: 0.008439882979335556 seconds
2025-03-06 00:02:25,985 | INFO : Avg sample val. time: 0.008439882979335556 seconds
2025-03-06 00:02:25,985 | INFO : Avg sample val. time: 0.008439882979335556 seconds
2025-03-06 00:02:25,985 | INFO : Avg sample val. time: 0.008439882979335556 seconds
2025-03-06 00:02:25,987 | INFO : Epoch 82 Validation Summary: epoch: 82.000000 | loss: 0.073591 | 
2025-03-06 00:02:25,987 | INFO : Epoch 82 Validation Summary: epoch: 82.000000 | loss: 0.073591 | 
2025-03-06 00:02:25,987 | INFO : Epoch 82 Validation Summary: epoch: 82.000000 | loss: 0.073591 | 
2025-03-06 00:02:25,987 | INFO : Epoch 82 Validation Summary: epoch: 82.000000 | loss: 0.073591 | 
2025-03-06 00:02:25,987 | INFO : Epoch 82 Validation Summary: epoch: 82.000000 | loss: 0.073591 | 
2025-03-06 00:02:25,987 | INFO : Epoch 82 Validation Summary: epoch: 82.000000 | loss: 0.073591 | 
2025-03-06 00:02:25,987 | INFO : Epoch 82 Validation Summary: epoch: 82.000000 | loss: 0.073591 | 
2025-03-06 00:02:25,987 | INFO : Epoch 82 Validation Summary: epoch: 82.000000 | loss: 0.073591 | 
2025-03-06 00:02:26,033 | INFO : Evaluating on validation set ...
2025-03-06 00:02:26,033 | INFO : Evaluating on validation set ...
2025-03-06 00:02:26,033 | INFO : Evaluating on validation set ...
2025-03-06 00:02:26,033 | INFO : Evaluating on validation set ...
2025-03-06 00:02:26,033 | INFO : Evaluating on validation set ...
2025-03-06 00:02:26,033 | INFO : Evaluating on validation set ...
2025-03-06 00:02:26,033 | INFO : Evaluating on validation set ...
2025-03-06 00:02:26,033 | INFO : Evaluating on validation set ...
2025-03-06 00:02:26,372 | INFO : Validation runtime: 0.0 hours, 0.0 minutes, 0.3370335102081299 seconds

2025-03-06 00:02:26,372 | INFO : Validation runtime: 0.0 hours, 0.0 minutes, 0.3370335102081299 seconds

2025-03-06 00:02:26,372 | INFO : Validation runtime: 0.0 hours, 0.0 minutes, 0.3370335102081299 seconds

2025-03-06 00:02:26,372 | INFO : Validation runtime: 0.0 hours, 0.0 minutes, 0.3370335102081299 seconds

2025-03-06 00:02:26,372 | INFO : Validation runtime: 0.0 hours, 0.0 minutes, 0.3370335102081299 seconds

2025-03-06 00:02:26,372 | INFO : Validation runtime: 0.0 hours, 0.0 minutes, 0.3370335102081299 seconds

2025-03-06 00:02:26,372 | INFO : Validation runtime: 0.0 hours, 0.0 minutes, 0.3370335102081299 seconds

2025-03-06 00:02:26,372 | INFO : Validation runtime: 0.0 hours, 0.0 minutes, 0.3370335102081299 seconds

2025-03-06 00:02:26,374 | INFO : Avg val. time: 0.0 hours, 0.0 minutes, 0.3375886309714544 seconds
2025-03-06 00:02:26,374 | INFO : Avg val. time: 0.0 hours, 0.0 minutes, 0.3375886309714544 seconds
2025-03-06 00:02:26,374 | INFO : Avg val. time: 0.0 hours, 0.0 minutes, 0.3375886309714544 seconds
2025-03-06 00:02:26,374 | INFO : Avg val. time: 0.0 hours, 0.0 minutes, 0.3375886309714544 seconds
2025-03-06 00:02:26,374 | INFO : Avg val. time: 0.0 hours, 0.0 minutes, 0.3375886309714544 seconds
2025-03-06 00:02:26,374 | INFO : Avg val. time: 0.0 hours, 0.0 minutes, 0.3375886309714544 seconds
2025-03-06 00:02:26,374 | INFO : Avg val. time: 0.0 hours, 0.0 minutes, 0.3375886309714544 seconds
2025-03-06 00:02:26,374 | INFO : Avg val. time: 0.0 hours, 0.0 minutes, 0.3375886309714544 seconds
2025-03-06 00:02:26,376 | INFO : Avg batch val. time: 0.008439715774286361 seconds
2025-03-06 00:02:26,376 | INFO : Avg batch val. time: 0.008439715774286361 seconds
2025-03-06 00:02:26,376 | INFO : Avg batch val. time: 0.008439715774286361 seconds
2025-03-06 00:02:26,376 | INFO : Avg batch val. time: 0.008439715774286361 seconds
2025-03-06 00:02:26,376 | INFO : Avg batch val. time: 0.008439715774286361 seconds
2025-03-06 00:02:26,376 | INFO : Avg batch val. time: 0.008439715774286361 seconds
2025-03-06 00:02:26,376 | INFO : Avg batch val. time: 0.008439715774286361 seconds
2025-03-06 00:02:26,376 | INFO : Avg batch val. time: 0.008439715774286361 seconds
2025-03-06 00:02:26,377 | INFO : Avg sample val. time: 0.008439715774286361 seconds
2025-03-06 00:02:26,377 | INFO : Avg sample val. time: 0.008439715774286361 seconds
2025-03-06 00:02:26,377 | INFO : Avg sample val. time: 0.008439715774286361 seconds
2025-03-06 00:02:26,377 | INFO : Avg sample val. time: 0.008439715774286361 seconds
2025-03-06 00:02:26,377 | INFO : Avg sample val. time: 0.008439715774286361 seconds
2025-03-06 00:02:26,377 | INFO : Avg sample val. time: 0.008439715774286361 seconds
2025-03-06 00:02:26,377 | INFO : Avg sample val. time: 0.008439715774286361 seconds
2025-03-06 00:02:26,377 | INFO : Avg sample val. time: 0.008439715774286361 seconds
2025-03-06 00:02:26,379 | INFO : Epoch 83 Validation Summary: epoch: 83.000000 | loss: 0.073352 | 
2025-03-06 00:02:26,379 | INFO : Epoch 83 Validation Summary: epoch: 83.000000 | loss: 0.073352 | 
2025-03-06 00:02:26,379 | INFO : Epoch 83 Validation Summary: epoch: 83.000000 | loss: 0.073352 | 
2025-03-06 00:02:26,379 | INFO : Epoch 83 Validation Summary: epoch: 83.000000 | loss: 0.073352 | 
2025-03-06 00:02:26,379 | INFO : Epoch 83 Validation Summary: epoch: 83.000000 | loss: 0.073352 | 
2025-03-06 00:02:26,379 | INFO : Epoch 83 Validation Summary: epoch: 83.000000 | loss: 0.073352 | 
2025-03-06 00:02:26,379 | INFO : Epoch 83 Validation Summary: epoch: 83.000000 | loss: 0.073352 | 
2025-03-06 00:02:26,379 | INFO : Epoch 83 Validation Summary: epoch: 83.000000 | loss: 0.073352 | 
2025-03-06 00:02:26,422 | INFO : Evaluating on validation set ...
2025-03-06 00:02:26,422 | INFO : Evaluating on validation set ...
2025-03-06 00:02:26,422 | INFO : Evaluating on validation set ...
2025-03-06 00:02:26,422 | INFO : Evaluating on validation set ...
2025-03-06 00:02:26,422 | INFO : Evaluating on validation set ...
2025-03-06 00:02:26,422 | INFO : Evaluating on validation set ...
2025-03-06 00:02:26,422 | INFO : Evaluating on validation set ...
2025-03-06 00:02:26,422 | INFO : Evaluating on validation set ...
2025-03-06 00:02:26,760 | INFO : Validation runtime: 0.0 hours, 0.0 minutes, 0.33707356452941895 seconds

2025-03-06 00:02:26,760 | INFO : Validation runtime: 0.0 hours, 0.0 minutes, 0.33707356452941895 seconds

2025-03-06 00:02:26,760 | INFO : Validation runtime: 0.0 hours, 0.0 minutes, 0.33707356452941895 seconds

2025-03-06 00:02:26,760 | INFO : Validation runtime: 0.0 hours, 0.0 minutes, 0.33707356452941895 seconds

2025-03-06 00:02:26,760 | INFO : Validation runtime: 0.0 hours, 0.0 minutes, 0.33707356452941895 seconds

2025-03-06 00:02:26,760 | INFO : Validation runtime: 0.0 hours, 0.0 minutes, 0.33707356452941895 seconds

2025-03-06 00:02:26,760 | INFO : Validation runtime: 0.0 hours, 0.0 minutes, 0.33707356452941895 seconds

2025-03-06 00:02:26,760 | INFO : Validation runtime: 0.0 hours, 0.0 minutes, 0.33707356452941895 seconds

2025-03-06 00:02:26,762 | INFO : Avg val. time: 0.0 hours, 0.0 minutes, 0.337582571366254 seconds
2025-03-06 00:02:26,762 | INFO : Avg val. time: 0.0 hours, 0.0 minutes, 0.337582571366254 seconds
2025-03-06 00:02:26,762 | INFO : Avg val. time: 0.0 hours, 0.0 minutes, 0.337582571366254 seconds
2025-03-06 00:02:26,762 | INFO : Avg val. time: 0.0 hours, 0.0 minutes, 0.337582571366254 seconds
2025-03-06 00:02:26,762 | INFO : Avg val. time: 0.0 hours, 0.0 minutes, 0.337582571366254 seconds
2025-03-06 00:02:26,762 | INFO : Avg val. time: 0.0 hours, 0.0 minutes, 0.337582571366254 seconds
2025-03-06 00:02:26,762 | INFO : Avg val. time: 0.0 hours, 0.0 minutes, 0.337582571366254 seconds
2025-03-06 00:02:26,762 | INFO : Avg val. time: 0.0 hours, 0.0 minutes, 0.337582571366254 seconds
2025-03-06 00:02:26,764 | INFO : Avg batch val. time: 0.008439564284156351 seconds
2025-03-06 00:02:26,764 | INFO : Avg batch val. time: 0.008439564284156351 seconds
2025-03-06 00:02:26,764 | INFO : Avg batch val. time: 0.008439564284156351 seconds
2025-03-06 00:02:26,764 | INFO : Avg batch val. time: 0.008439564284156351 seconds
2025-03-06 00:02:26,764 | INFO : Avg batch val. time: 0.008439564284156351 seconds
2025-03-06 00:02:26,764 | INFO : Avg batch val. time: 0.008439564284156351 seconds
2025-03-06 00:02:26,764 | INFO : Avg batch val. time: 0.008439564284156351 seconds
2025-03-06 00:02:26,764 | INFO : Avg batch val. time: 0.008439564284156351 seconds
2025-03-06 00:02:26,766 | INFO : Avg sample val. time: 0.008439564284156351 seconds
2025-03-06 00:02:26,766 | INFO : Avg sample val. time: 0.008439564284156351 seconds
2025-03-06 00:02:26,766 | INFO : Avg sample val. time: 0.008439564284156351 seconds
2025-03-06 00:02:26,766 | INFO : Avg sample val. time: 0.008439564284156351 seconds
2025-03-06 00:02:26,766 | INFO : Avg sample val. time: 0.008439564284156351 seconds
2025-03-06 00:02:26,766 | INFO : Avg sample val. time: 0.008439564284156351 seconds
2025-03-06 00:02:26,766 | INFO : Avg sample val. time: 0.008439564284156351 seconds
2025-03-06 00:02:26,766 | INFO : Avg sample val. time: 0.008439564284156351 seconds
2025-03-06 00:02:26,767 | INFO : Epoch 84 Validation Summary: epoch: 84.000000 | loss: 0.073120 | 
2025-03-06 00:02:26,767 | INFO : Epoch 84 Validation Summary: epoch: 84.000000 | loss: 0.073120 | 
2025-03-06 00:02:26,767 | INFO : Epoch 84 Validation Summary: epoch: 84.000000 | loss: 0.073120 | 
2025-03-06 00:02:26,767 | INFO : Epoch 84 Validation Summary: epoch: 84.000000 | loss: 0.073120 | 
2025-03-06 00:02:26,767 | INFO : Epoch 84 Validation Summary: epoch: 84.000000 | loss: 0.073120 | 
2025-03-06 00:02:26,767 | INFO : Epoch 84 Validation Summary: epoch: 84.000000 | loss: 0.073120 | 
2025-03-06 00:02:26,767 | INFO : Epoch 84 Validation Summary: epoch: 84.000000 | loss: 0.073120 | 
2025-03-06 00:02:26,767 | INFO : Epoch 84 Validation Summary: epoch: 84.000000 | loss: 0.073120 | 
2025-03-06 00:02:26,814 | INFO : Evaluating on validation set ...
2025-03-06 00:02:26,814 | INFO : Evaluating on validation set ...
2025-03-06 00:02:26,814 | INFO : Evaluating on validation set ...
2025-03-06 00:02:26,814 | INFO : Evaluating on validation set ...
2025-03-06 00:02:26,814 | INFO : Evaluating on validation set ...
2025-03-06 00:02:26,814 | INFO : Evaluating on validation set ...
2025-03-06 00:02:26,814 | INFO : Evaluating on validation set ...
2025-03-06 00:02:26,814 | INFO : Evaluating on validation set ...
2025-03-06 00:02:27,157 | INFO : Validation runtime: 0.0 hours, 0.0 minutes, 0.3405470848083496 seconds

2025-03-06 00:02:27,157 | INFO : Validation runtime: 0.0 hours, 0.0 minutes, 0.3405470848083496 seconds

2025-03-06 00:02:27,157 | INFO : Validation runtime: 0.0 hours, 0.0 minutes, 0.3405470848083496 seconds

2025-03-06 00:02:27,157 | INFO : Validation runtime: 0.0 hours, 0.0 minutes, 0.3405470848083496 seconds

2025-03-06 00:02:27,157 | INFO : Validation runtime: 0.0 hours, 0.0 minutes, 0.3405470848083496 seconds

2025-03-06 00:02:27,157 | INFO : Validation runtime: 0.0 hours, 0.0 minutes, 0.3405470848083496 seconds

2025-03-06 00:02:27,157 | INFO : Validation runtime: 0.0 hours, 0.0 minutes, 0.3405470848083496 seconds

2025-03-06 00:02:27,157 | INFO : Validation runtime: 0.0 hours, 0.0 minutes, 0.3405470848083496 seconds

2025-03-06 00:02:27,158 | INFO : Avg val. time: 0.0 hours, 0.0 minutes, 0.33761704245279 seconds
2025-03-06 00:02:27,158 | INFO : Avg val. time: 0.0 hours, 0.0 minutes, 0.33761704245279 seconds
2025-03-06 00:02:27,158 | INFO : Avg val. time: 0.0 hours, 0.0 minutes, 0.33761704245279 seconds
2025-03-06 00:02:27,158 | INFO : Avg val. time: 0.0 hours, 0.0 minutes, 0.33761704245279 seconds
2025-03-06 00:02:27,158 | INFO : Avg val. time: 0.0 hours, 0.0 minutes, 0.33761704245279 seconds
2025-03-06 00:02:27,158 | INFO : Avg val. time: 0.0 hours, 0.0 minutes, 0.33761704245279 seconds
2025-03-06 00:02:27,158 | INFO : Avg val. time: 0.0 hours, 0.0 minutes, 0.33761704245279 seconds
2025-03-06 00:02:27,158 | INFO : Avg val. time: 0.0 hours, 0.0 minutes, 0.33761704245279 seconds
2025-03-06 00:02:27,160 | INFO : Avg batch val. time: 0.00844042606131975 seconds
2025-03-06 00:02:27,160 | INFO : Avg batch val. time: 0.00844042606131975 seconds
2025-03-06 00:02:27,160 | INFO : Avg batch val. time: 0.00844042606131975 seconds
2025-03-06 00:02:27,160 | INFO : Avg batch val. time: 0.00844042606131975 seconds
2025-03-06 00:02:27,160 | INFO : Avg batch val. time: 0.00844042606131975 seconds
2025-03-06 00:02:27,160 | INFO : Avg batch val. time: 0.00844042606131975 seconds
2025-03-06 00:02:27,160 | INFO : Avg batch val. time: 0.00844042606131975 seconds
2025-03-06 00:02:27,160 | INFO : Avg batch val. time: 0.00844042606131975 seconds
2025-03-06 00:02:27,161 | INFO : Avg sample val. time: 0.00844042606131975 seconds
2025-03-06 00:02:27,161 | INFO : Avg sample val. time: 0.00844042606131975 seconds
2025-03-06 00:02:27,161 | INFO : Avg sample val. time: 0.00844042606131975 seconds
2025-03-06 00:02:27,161 | INFO : Avg sample val. time: 0.00844042606131975 seconds
2025-03-06 00:02:27,161 | INFO : Avg sample val. time: 0.00844042606131975 seconds
2025-03-06 00:02:27,161 | INFO : Avg sample val. time: 0.00844042606131975 seconds
2025-03-06 00:02:27,161 | INFO : Avg sample val. time: 0.00844042606131975 seconds
2025-03-06 00:02:27,161 | INFO : Avg sample val. time: 0.00844042606131975 seconds
2025-03-06 00:02:27,163 | INFO : Epoch 85 Validation Summary: epoch: 85.000000 | loss: 0.072894 | 
2025-03-06 00:02:27,163 | INFO : Epoch 85 Validation Summary: epoch: 85.000000 | loss: 0.072894 | 
2025-03-06 00:02:27,163 | INFO : Epoch 85 Validation Summary: epoch: 85.000000 | loss: 0.072894 | 
2025-03-06 00:02:27,163 | INFO : Epoch 85 Validation Summary: epoch: 85.000000 | loss: 0.072894 | 
2025-03-06 00:02:27,163 | INFO : Epoch 85 Validation Summary: epoch: 85.000000 | loss: 0.072894 | 
2025-03-06 00:02:27,163 | INFO : Epoch 85 Validation Summary: epoch: 85.000000 | loss: 0.072894 | 
2025-03-06 00:02:27,163 | INFO : Epoch 85 Validation Summary: epoch: 85.000000 | loss: 0.072894 | 
2025-03-06 00:02:27,163 | INFO : Epoch 85 Validation Summary: epoch: 85.000000 | loss: 0.072894 | 
2025-03-06 00:02:27,209 | INFO : Evaluating on validation set ...
2025-03-06 00:02:27,209 | INFO : Evaluating on validation set ...
2025-03-06 00:02:27,209 | INFO : Evaluating on validation set ...
2025-03-06 00:02:27,209 | INFO : Evaluating on validation set ...
2025-03-06 00:02:27,209 | INFO : Evaluating on validation set ...
2025-03-06 00:02:27,209 | INFO : Evaluating on validation set ...
2025-03-06 00:02:27,209 | INFO : Evaluating on validation set ...
2025-03-06 00:02:27,209 | INFO : Evaluating on validation set ...
2025-03-06 00:02:27,551 | INFO : Validation runtime: 0.0 hours, 0.0 minutes, 0.3400564193725586 seconds

2025-03-06 00:02:27,551 | INFO : Validation runtime: 0.0 hours, 0.0 minutes, 0.3400564193725586 seconds

2025-03-06 00:02:27,551 | INFO : Validation runtime: 0.0 hours, 0.0 minutes, 0.3400564193725586 seconds

2025-03-06 00:02:27,551 | INFO : Validation runtime: 0.0 hours, 0.0 minutes, 0.3400564193725586 seconds

2025-03-06 00:02:27,551 | INFO : Validation runtime: 0.0 hours, 0.0 minutes, 0.3400564193725586 seconds

2025-03-06 00:02:27,551 | INFO : Validation runtime: 0.0 hours, 0.0 minutes, 0.3400564193725586 seconds

2025-03-06 00:02:27,551 | INFO : Validation runtime: 0.0 hours, 0.0 minutes, 0.3400564193725586 seconds

2025-03-06 00:02:27,551 | INFO : Validation runtime: 0.0 hours, 0.0 minutes, 0.3400564193725586 seconds

2025-03-06 00:02:27,553 | INFO : Avg val. time: 0.0 hours, 0.0 minutes, 0.3376450812679598 seconds
2025-03-06 00:02:27,553 | INFO : Avg val. time: 0.0 hours, 0.0 minutes, 0.3376450812679598 seconds
2025-03-06 00:02:27,553 | INFO : Avg val. time: 0.0 hours, 0.0 minutes, 0.3376450812679598 seconds
2025-03-06 00:02:27,553 | INFO : Avg val. time: 0.0 hours, 0.0 minutes, 0.3376450812679598 seconds
2025-03-06 00:02:27,553 | INFO : Avg val. time: 0.0 hours, 0.0 minutes, 0.3376450812679598 seconds
2025-03-06 00:02:27,553 | INFO : Avg val. time: 0.0 hours, 0.0 minutes, 0.3376450812679598 seconds
2025-03-06 00:02:27,553 | INFO : Avg val. time: 0.0 hours, 0.0 minutes, 0.3376450812679598 seconds
2025-03-06 00:02:27,553 | INFO : Avg val. time: 0.0 hours, 0.0 minutes, 0.3376450812679598 seconds
2025-03-06 00:02:27,554 | INFO : Avg batch val. time: 0.008441127031698994 seconds
2025-03-06 00:02:27,554 | INFO : Avg batch val. time: 0.008441127031698994 seconds
2025-03-06 00:02:27,554 | INFO : Avg batch val. time: 0.008441127031698994 seconds
2025-03-06 00:02:27,554 | INFO : Avg batch val. time: 0.008441127031698994 seconds
2025-03-06 00:02:27,554 | INFO : Avg batch val. time: 0.008441127031698994 seconds
2025-03-06 00:02:27,554 | INFO : Avg batch val. time: 0.008441127031698994 seconds
2025-03-06 00:02:27,554 | INFO : Avg batch val. time: 0.008441127031698994 seconds
2025-03-06 00:02:27,554 | INFO : Avg batch val. time: 0.008441127031698994 seconds
2025-03-06 00:02:27,556 | INFO : Avg sample val. time: 0.008441127031698994 seconds
2025-03-06 00:02:27,556 | INFO : Avg sample val. time: 0.008441127031698994 seconds
2025-03-06 00:02:27,556 | INFO : Avg sample val. time: 0.008441127031698994 seconds
2025-03-06 00:02:27,556 | INFO : Avg sample val. time: 0.008441127031698994 seconds
2025-03-06 00:02:27,556 | INFO : Avg sample val. time: 0.008441127031698994 seconds
2025-03-06 00:02:27,556 | INFO : Avg sample val. time: 0.008441127031698994 seconds
2025-03-06 00:02:27,556 | INFO : Avg sample val. time: 0.008441127031698994 seconds
2025-03-06 00:02:27,556 | INFO : Avg sample val. time: 0.008441127031698994 seconds
2025-03-06 00:02:27,557 | INFO : Epoch 86 Validation Summary: epoch: 86.000000 | loss: 0.072675 | 
2025-03-06 00:02:27,557 | INFO : Epoch 86 Validation Summary: epoch: 86.000000 | loss: 0.072675 | 
2025-03-06 00:02:27,557 | INFO : Epoch 86 Validation Summary: epoch: 86.000000 | loss: 0.072675 | 
2025-03-06 00:02:27,557 | INFO : Epoch 86 Validation Summary: epoch: 86.000000 | loss: 0.072675 | 
2025-03-06 00:02:27,557 | INFO : Epoch 86 Validation Summary: epoch: 86.000000 | loss: 0.072675 | 
2025-03-06 00:02:27,557 | INFO : Epoch 86 Validation Summary: epoch: 86.000000 | loss: 0.072675 | 
2025-03-06 00:02:27,557 | INFO : Epoch 86 Validation Summary: epoch: 86.000000 | loss: 0.072675 | 
2025-03-06 00:02:27,557 | INFO : Epoch 86 Validation Summary: epoch: 86.000000 | loss: 0.072675 | 
2025-03-06 00:02:27,604 | INFO : Evaluating on validation set ...
2025-03-06 00:02:27,604 | INFO : Evaluating on validation set ...
2025-03-06 00:02:27,604 | INFO : Evaluating on validation set ...
2025-03-06 00:02:27,604 | INFO : Evaluating on validation set ...
2025-03-06 00:02:27,604 | INFO : Evaluating on validation set ...
2025-03-06 00:02:27,604 | INFO : Evaluating on validation set ...
2025-03-06 00:02:27,604 | INFO : Evaluating on validation set ...
2025-03-06 00:02:27,604 | INFO : Evaluating on validation set ...
2025-03-06 00:02:27,938 | INFO : Validation runtime: 0.0 hours, 0.0 minutes, 0.3323211669921875 seconds

2025-03-06 00:02:27,938 | INFO : Validation runtime: 0.0 hours, 0.0 minutes, 0.3323211669921875 seconds

2025-03-06 00:02:27,938 | INFO : Validation runtime: 0.0 hours, 0.0 minutes, 0.3323211669921875 seconds

2025-03-06 00:02:27,938 | INFO : Validation runtime: 0.0 hours, 0.0 minutes, 0.3323211669921875 seconds

2025-03-06 00:02:27,938 | INFO : Validation runtime: 0.0 hours, 0.0 minutes, 0.3323211669921875 seconds

2025-03-06 00:02:27,938 | INFO : Validation runtime: 0.0 hours, 0.0 minutes, 0.3323211669921875 seconds

2025-03-06 00:02:27,938 | INFO : Validation runtime: 0.0 hours, 0.0 minutes, 0.3323211669921875 seconds

2025-03-06 00:02:27,938 | INFO : Validation runtime: 0.0 hours, 0.0 minutes, 0.3323211669921875 seconds

2025-03-06 00:02:27,940 | INFO : Avg val. time: 0.0 hours, 0.0 minutes, 0.3375845822420987 seconds
2025-03-06 00:02:27,940 | INFO : Avg val. time: 0.0 hours, 0.0 minutes, 0.3375845822420987 seconds
2025-03-06 00:02:27,940 | INFO : Avg val. time: 0.0 hours, 0.0 minutes, 0.3375845822420987 seconds
2025-03-06 00:02:27,940 | INFO : Avg val. time: 0.0 hours, 0.0 minutes, 0.3375845822420987 seconds
2025-03-06 00:02:27,940 | INFO : Avg val. time: 0.0 hours, 0.0 minutes, 0.3375845822420987 seconds
2025-03-06 00:02:27,940 | INFO : Avg val. time: 0.0 hours, 0.0 minutes, 0.3375845822420987 seconds
2025-03-06 00:02:27,940 | INFO : Avg val. time: 0.0 hours, 0.0 minutes, 0.3375845822420987 seconds
2025-03-06 00:02:27,940 | INFO : Avg val. time: 0.0 hours, 0.0 minutes, 0.3375845822420987 seconds
2025-03-06 00:02:27,941 | INFO : Avg batch val. time: 0.008439614556052468 seconds
2025-03-06 00:02:27,941 | INFO : Avg batch val. time: 0.008439614556052468 seconds
2025-03-06 00:02:27,941 | INFO : Avg batch val. time: 0.008439614556052468 seconds
2025-03-06 00:02:27,941 | INFO : Avg batch val. time: 0.008439614556052468 seconds
2025-03-06 00:02:27,941 | INFO : Avg batch val. time: 0.008439614556052468 seconds
2025-03-06 00:02:27,941 | INFO : Avg batch val. time: 0.008439614556052468 seconds
2025-03-06 00:02:27,941 | INFO : Avg batch val. time: 0.008439614556052468 seconds
2025-03-06 00:02:27,941 | INFO : Avg batch val. time: 0.008439614556052468 seconds
2025-03-06 00:02:27,943 | INFO : Avg sample val. time: 0.008439614556052468 seconds
2025-03-06 00:02:27,943 | INFO : Avg sample val. time: 0.008439614556052468 seconds
2025-03-06 00:02:27,943 | INFO : Avg sample val. time: 0.008439614556052468 seconds
2025-03-06 00:02:27,943 | INFO : Avg sample val. time: 0.008439614556052468 seconds
2025-03-06 00:02:27,943 | INFO : Avg sample val. time: 0.008439614556052468 seconds
2025-03-06 00:02:27,943 | INFO : Avg sample val. time: 0.008439614556052468 seconds
2025-03-06 00:02:27,943 | INFO : Avg sample val. time: 0.008439614556052468 seconds
2025-03-06 00:02:27,943 | INFO : Avg sample val. time: 0.008439614556052468 seconds
2025-03-06 00:02:27,944 | INFO : Epoch 87 Validation Summary: epoch: 87.000000 | loss: 0.072461 | 
2025-03-06 00:02:27,944 | INFO : Epoch 87 Validation Summary: epoch: 87.000000 | loss: 0.072461 | 
2025-03-06 00:02:27,944 | INFO : Epoch 87 Validation Summary: epoch: 87.000000 | loss: 0.072461 | 
2025-03-06 00:02:27,944 | INFO : Epoch 87 Validation Summary: epoch: 87.000000 | loss: 0.072461 | 
2025-03-06 00:02:27,944 | INFO : Epoch 87 Validation Summary: epoch: 87.000000 | loss: 0.072461 | 
2025-03-06 00:02:27,944 | INFO : Epoch 87 Validation Summary: epoch: 87.000000 | loss: 0.072461 | 
2025-03-06 00:02:27,944 | INFO : Epoch 87 Validation Summary: epoch: 87.000000 | loss: 0.072461 | 
2025-03-06 00:02:27,944 | INFO : Epoch 87 Validation Summary: epoch: 87.000000 | loss: 0.072461 | 
2025-03-06 00:02:27,990 | INFO : Evaluating on validation set ...
2025-03-06 00:02:27,990 | INFO : Evaluating on validation set ...
2025-03-06 00:02:27,990 | INFO : Evaluating on validation set ...
2025-03-06 00:02:27,990 | INFO : Evaluating on validation set ...
2025-03-06 00:02:27,990 | INFO : Evaluating on validation set ...
2025-03-06 00:02:27,990 | INFO : Evaluating on validation set ...
2025-03-06 00:02:27,990 | INFO : Evaluating on validation set ...
2025-03-06 00:02:27,990 | INFO : Evaluating on validation set ...
2025-03-06 00:02:28,328 | INFO : Validation runtime: 0.0 hours, 0.0 minutes, 0.33678436279296875 seconds

2025-03-06 00:02:28,328 | INFO : Validation runtime: 0.0 hours, 0.0 minutes, 0.33678436279296875 seconds

2025-03-06 00:02:28,328 | INFO : Validation runtime: 0.0 hours, 0.0 minutes, 0.33678436279296875 seconds

2025-03-06 00:02:28,328 | INFO : Validation runtime: 0.0 hours, 0.0 minutes, 0.33678436279296875 seconds

2025-03-06 00:02:28,328 | INFO : Validation runtime: 0.0 hours, 0.0 minutes, 0.33678436279296875 seconds

2025-03-06 00:02:28,328 | INFO : Validation runtime: 0.0 hours, 0.0 minutes, 0.33678436279296875 seconds

2025-03-06 00:02:28,328 | INFO : Validation runtime: 0.0 hours, 0.0 minutes, 0.33678436279296875 seconds

2025-03-06 00:02:28,328 | INFO : Validation runtime: 0.0 hours, 0.0 minutes, 0.33678436279296875 seconds

2025-03-06 00:02:28,330 | INFO : Avg val. time: 0.0 hours, 0.0 minutes, 0.3375755910123332 seconds
2025-03-06 00:02:28,330 | INFO : Avg val. time: 0.0 hours, 0.0 minutes, 0.3375755910123332 seconds
2025-03-06 00:02:28,330 | INFO : Avg val. time: 0.0 hours, 0.0 minutes, 0.3375755910123332 seconds
2025-03-06 00:02:28,330 | INFO : Avg val. time: 0.0 hours, 0.0 minutes, 0.3375755910123332 seconds
2025-03-06 00:02:28,330 | INFO : Avg val. time: 0.0 hours, 0.0 minutes, 0.3375755910123332 seconds
2025-03-06 00:02:28,330 | INFO : Avg val. time: 0.0 hours, 0.0 minutes, 0.3375755910123332 seconds
2025-03-06 00:02:28,330 | INFO : Avg val. time: 0.0 hours, 0.0 minutes, 0.3375755910123332 seconds
2025-03-06 00:02:28,330 | INFO : Avg val. time: 0.0 hours, 0.0 minutes, 0.3375755910123332 seconds
2025-03-06 00:02:28,332 | INFO : Avg batch val. time: 0.00843938977530833 seconds
2025-03-06 00:02:28,332 | INFO : Avg batch val. time: 0.00843938977530833 seconds
2025-03-06 00:02:28,332 | INFO : Avg batch val. time: 0.00843938977530833 seconds
2025-03-06 00:02:28,332 | INFO : Avg batch val. time: 0.00843938977530833 seconds
2025-03-06 00:02:28,332 | INFO : Avg batch val. time: 0.00843938977530833 seconds
2025-03-06 00:02:28,332 | INFO : Avg batch val. time: 0.00843938977530833 seconds
2025-03-06 00:02:28,332 | INFO : Avg batch val. time: 0.00843938977530833 seconds
2025-03-06 00:02:28,332 | INFO : Avg batch val. time: 0.00843938977530833 seconds
2025-03-06 00:02:28,333 | INFO : Avg sample val. time: 0.00843938977530833 seconds
2025-03-06 00:02:28,333 | INFO : Avg sample val. time: 0.00843938977530833 seconds
2025-03-06 00:02:28,333 | INFO : Avg sample val. time: 0.00843938977530833 seconds
2025-03-06 00:02:28,333 | INFO : Avg sample val. time: 0.00843938977530833 seconds
2025-03-06 00:02:28,333 | INFO : Avg sample val. time: 0.00843938977530833 seconds
2025-03-06 00:02:28,333 | INFO : Avg sample val. time: 0.00843938977530833 seconds
2025-03-06 00:02:28,333 | INFO : Avg sample val. time: 0.00843938977530833 seconds
2025-03-06 00:02:28,333 | INFO : Avg sample val. time: 0.00843938977530833 seconds
2025-03-06 00:02:28,335 | INFO : Epoch 88 Validation Summary: epoch: 88.000000 | loss: 0.072250 | 
2025-03-06 00:02:28,335 | INFO : Epoch 88 Validation Summary: epoch: 88.000000 | loss: 0.072250 | 
2025-03-06 00:02:28,335 | INFO : Epoch 88 Validation Summary: epoch: 88.000000 | loss: 0.072250 | 
2025-03-06 00:02:28,335 | INFO : Epoch 88 Validation Summary: epoch: 88.000000 | loss: 0.072250 | 
2025-03-06 00:02:28,335 | INFO : Epoch 88 Validation Summary: epoch: 88.000000 | loss: 0.072250 | 
2025-03-06 00:02:28,335 | INFO : Epoch 88 Validation Summary: epoch: 88.000000 | loss: 0.072250 | 
2025-03-06 00:02:28,335 | INFO : Epoch 88 Validation Summary: epoch: 88.000000 | loss: 0.072250 | 
2025-03-06 00:02:28,335 | INFO : Epoch 88 Validation Summary: epoch: 88.000000 | loss: 0.072250 | 
2025-03-06 00:02:28,379 | INFO : Evaluating on validation set ...
2025-03-06 00:02:28,379 | INFO : Evaluating on validation set ...
2025-03-06 00:02:28,379 | INFO : Evaluating on validation set ...
2025-03-06 00:02:28,379 | INFO : Evaluating on validation set ...
2025-03-06 00:02:28,379 | INFO : Evaluating on validation set ...
2025-03-06 00:02:28,379 | INFO : Evaluating on validation set ...
2025-03-06 00:02:28,379 | INFO : Evaluating on validation set ...
2025-03-06 00:02:28,379 | INFO : Evaluating on validation set ...
2025-03-06 00:02:28,717 | INFO : Validation runtime: 0.0 hours, 0.0 minutes, 0.33550477027893066 seconds

2025-03-06 00:02:28,717 | INFO : Validation runtime: 0.0 hours, 0.0 minutes, 0.33550477027893066 seconds

2025-03-06 00:02:28,717 | INFO : Validation runtime: 0.0 hours, 0.0 minutes, 0.33550477027893066 seconds

2025-03-06 00:02:28,717 | INFO : Validation runtime: 0.0 hours, 0.0 minutes, 0.33550477027893066 seconds

2025-03-06 00:02:28,717 | INFO : Validation runtime: 0.0 hours, 0.0 minutes, 0.33550477027893066 seconds

2025-03-06 00:02:28,717 | INFO : Validation runtime: 0.0 hours, 0.0 minutes, 0.33550477027893066 seconds

2025-03-06 00:02:28,717 | INFO : Validation runtime: 0.0 hours, 0.0 minutes, 0.33550477027893066 seconds

2025-03-06 00:02:28,717 | INFO : Validation runtime: 0.0 hours, 0.0 minutes, 0.33550477027893066 seconds

2025-03-06 00:02:28,718 | INFO : Avg val. time: 0.0 hours, 0.0 minutes, 0.3375525818930732 seconds
2025-03-06 00:02:28,718 | INFO : Avg val. time: 0.0 hours, 0.0 minutes, 0.3375525818930732 seconds
2025-03-06 00:02:28,718 | INFO : Avg val. time: 0.0 hours, 0.0 minutes, 0.3375525818930732 seconds
2025-03-06 00:02:28,718 | INFO : Avg val. time: 0.0 hours, 0.0 minutes, 0.3375525818930732 seconds
2025-03-06 00:02:28,718 | INFO : Avg val. time: 0.0 hours, 0.0 minutes, 0.3375525818930732 seconds
2025-03-06 00:02:28,718 | INFO : Avg val. time: 0.0 hours, 0.0 minutes, 0.3375525818930732 seconds
2025-03-06 00:02:28,718 | INFO : Avg val. time: 0.0 hours, 0.0 minutes, 0.3375525818930732 seconds
2025-03-06 00:02:28,718 | INFO : Avg val. time: 0.0 hours, 0.0 minutes, 0.3375525818930732 seconds
2025-03-06 00:02:28,720 | INFO : Avg batch val. time: 0.008438814547326829 seconds
2025-03-06 00:02:28,720 | INFO : Avg batch val. time: 0.008438814547326829 seconds
2025-03-06 00:02:28,720 | INFO : Avg batch val. time: 0.008438814547326829 seconds
2025-03-06 00:02:28,720 | INFO : Avg batch val. time: 0.008438814547326829 seconds
2025-03-06 00:02:28,720 | INFO : Avg batch val. time: 0.008438814547326829 seconds
2025-03-06 00:02:28,720 | INFO : Avg batch val. time: 0.008438814547326829 seconds
2025-03-06 00:02:28,720 | INFO : Avg batch val. time: 0.008438814547326829 seconds
2025-03-06 00:02:28,720 | INFO : Avg batch val. time: 0.008438814547326829 seconds
2025-03-06 00:02:28,721 | INFO : Avg sample val. time: 0.008438814547326829 seconds
2025-03-06 00:02:28,721 | INFO : Avg sample val. time: 0.008438814547326829 seconds
2025-03-06 00:02:28,721 | INFO : Avg sample val. time: 0.008438814547326829 seconds
2025-03-06 00:02:28,721 | INFO : Avg sample val. time: 0.008438814547326829 seconds
2025-03-06 00:02:28,721 | INFO : Avg sample val. time: 0.008438814547326829 seconds
2025-03-06 00:02:28,721 | INFO : Avg sample val. time: 0.008438814547326829 seconds
2025-03-06 00:02:28,721 | INFO : Avg sample val. time: 0.008438814547326829 seconds
2025-03-06 00:02:28,721 | INFO : Avg sample val. time: 0.008438814547326829 seconds
2025-03-06 00:02:28,723 | INFO : Epoch 89 Validation Summary: epoch: 89.000000 | loss: 0.072043 | 
2025-03-06 00:02:28,723 | INFO : Epoch 89 Validation Summary: epoch: 89.000000 | loss: 0.072043 | 
2025-03-06 00:02:28,723 | INFO : Epoch 89 Validation Summary: epoch: 89.000000 | loss: 0.072043 | 
2025-03-06 00:02:28,723 | INFO : Epoch 89 Validation Summary: epoch: 89.000000 | loss: 0.072043 | 
2025-03-06 00:02:28,723 | INFO : Epoch 89 Validation Summary: epoch: 89.000000 | loss: 0.072043 | 
2025-03-06 00:02:28,723 | INFO : Epoch 89 Validation Summary: epoch: 89.000000 | loss: 0.072043 | 
2025-03-06 00:02:28,723 | INFO : Epoch 89 Validation Summary: epoch: 89.000000 | loss: 0.072043 | 
2025-03-06 00:02:28,723 | INFO : Epoch 89 Validation Summary: epoch: 89.000000 | loss: 0.072043 | 
2025-03-06 00:02:28,770 | INFO : Evaluating on validation set ...
2025-03-06 00:02:28,770 | INFO : Evaluating on validation set ...
2025-03-06 00:02:28,770 | INFO : Evaluating on validation set ...
2025-03-06 00:02:28,770 | INFO : Evaluating on validation set ...
2025-03-06 00:02:28,770 | INFO : Evaluating on validation set ...
2025-03-06 00:02:28,770 | INFO : Evaluating on validation set ...
2025-03-06 00:02:28,770 | INFO : Evaluating on validation set ...
2025-03-06 00:02:28,770 | INFO : Evaluating on validation set ...
2025-03-06 00:02:29,119 | INFO : Validation runtime: 0.0 hours, 0.0 minutes, 0.3473649024963379 seconds

2025-03-06 00:02:29,119 | INFO : Validation runtime: 0.0 hours, 0.0 minutes, 0.3473649024963379 seconds

2025-03-06 00:02:29,119 | INFO : Validation runtime: 0.0 hours, 0.0 minutes, 0.3473649024963379 seconds

2025-03-06 00:02:29,119 | INFO : Validation runtime: 0.0 hours, 0.0 minutes, 0.3473649024963379 seconds

2025-03-06 00:02:29,119 | INFO : Validation runtime: 0.0 hours, 0.0 minutes, 0.3473649024963379 seconds

2025-03-06 00:02:29,119 | INFO : Validation runtime: 0.0 hours, 0.0 minutes, 0.3473649024963379 seconds

2025-03-06 00:02:29,119 | INFO : Validation runtime: 0.0 hours, 0.0 minutes, 0.3473649024963379 seconds

2025-03-06 00:02:29,119 | INFO : Validation runtime: 0.0 hours, 0.0 minutes, 0.3473649024963379 seconds

2025-03-06 00:02:29,120 | INFO : Avg val. time: 0.0 hours, 0.0 minutes, 0.33766040959201016 seconds
2025-03-06 00:02:29,120 | INFO : Avg val. time: 0.0 hours, 0.0 minutes, 0.33766040959201016 seconds
2025-03-06 00:02:29,120 | INFO : Avg val. time: 0.0 hours, 0.0 minutes, 0.33766040959201016 seconds
2025-03-06 00:02:29,120 | INFO : Avg val. time: 0.0 hours, 0.0 minutes, 0.33766040959201016 seconds
2025-03-06 00:02:29,120 | INFO : Avg val. time: 0.0 hours, 0.0 minutes, 0.33766040959201016 seconds
2025-03-06 00:02:29,120 | INFO : Avg val. time: 0.0 hours, 0.0 minutes, 0.33766040959201016 seconds
2025-03-06 00:02:29,120 | INFO : Avg val. time: 0.0 hours, 0.0 minutes, 0.33766040959201016 seconds
2025-03-06 00:02:29,120 | INFO : Avg val. time: 0.0 hours, 0.0 minutes, 0.33766040959201016 seconds
2025-03-06 00:02:29,122 | INFO : Avg batch val. time: 0.008441510239800254 seconds
2025-03-06 00:02:29,122 | INFO : Avg batch val. time: 0.008441510239800254 seconds
2025-03-06 00:02:29,122 | INFO : Avg batch val. time: 0.008441510239800254 seconds
2025-03-06 00:02:29,122 | INFO : Avg batch val. time: 0.008441510239800254 seconds
2025-03-06 00:02:29,122 | INFO : Avg batch val. time: 0.008441510239800254 seconds
2025-03-06 00:02:29,122 | INFO : Avg batch val. time: 0.008441510239800254 seconds
2025-03-06 00:02:29,122 | INFO : Avg batch val. time: 0.008441510239800254 seconds
2025-03-06 00:02:29,122 | INFO : Avg batch val. time: 0.008441510239800254 seconds
2025-03-06 00:02:29,124 | INFO : Avg sample val. time: 0.008441510239800254 seconds
2025-03-06 00:02:29,124 | INFO : Avg sample val. time: 0.008441510239800254 seconds
2025-03-06 00:02:29,124 | INFO : Avg sample val. time: 0.008441510239800254 seconds
2025-03-06 00:02:29,124 | INFO : Avg sample val. time: 0.008441510239800254 seconds
2025-03-06 00:02:29,124 | INFO : Avg sample val. time: 0.008441510239800254 seconds
2025-03-06 00:02:29,124 | INFO : Avg sample val. time: 0.008441510239800254 seconds
2025-03-06 00:02:29,124 | INFO : Avg sample val. time: 0.008441510239800254 seconds
2025-03-06 00:02:29,124 | INFO : Avg sample val. time: 0.008441510239800254 seconds
2025-03-06 00:02:29,127 | INFO : Epoch 90 Validation Summary: epoch: 90.000000 | loss: 0.071839 | 
2025-03-06 00:02:29,127 | INFO : Epoch 90 Validation Summary: epoch: 90.000000 | loss: 0.071839 | 
2025-03-06 00:02:29,127 | INFO : Epoch 90 Validation Summary: epoch: 90.000000 | loss: 0.071839 | 
2025-03-06 00:02:29,127 | INFO : Epoch 90 Validation Summary: epoch: 90.000000 | loss: 0.071839 | 
2025-03-06 00:02:29,127 | INFO : Epoch 90 Validation Summary: epoch: 90.000000 | loss: 0.071839 | 
2025-03-06 00:02:29,127 | INFO : Epoch 90 Validation Summary: epoch: 90.000000 | loss: 0.071839 | 
2025-03-06 00:02:29,127 | INFO : Epoch 90 Validation Summary: epoch: 90.000000 | loss: 0.071839 | 
2025-03-06 00:02:29,127 | INFO : Epoch 90 Validation Summary: epoch: 90.000000 | loss: 0.071839 | 
2025-03-06 00:02:29,174 | INFO : Evaluating on validation set ...
2025-03-06 00:02:29,174 | INFO : Evaluating on validation set ...
2025-03-06 00:02:29,174 | INFO : Evaluating on validation set ...
2025-03-06 00:02:29,174 | INFO : Evaluating on validation set ...
2025-03-06 00:02:29,174 | INFO : Evaluating on validation set ...
2025-03-06 00:02:29,174 | INFO : Evaluating on validation set ...
2025-03-06 00:02:29,174 | INFO : Evaluating on validation set ...
2025-03-06 00:02:29,174 | INFO : Evaluating on validation set ...
2025-03-06 00:02:29,509 | INFO : Validation runtime: 0.0 hours, 0.0 minutes, 0.33346080780029297 seconds

2025-03-06 00:02:29,509 | INFO : Validation runtime: 0.0 hours, 0.0 minutes, 0.33346080780029297 seconds

2025-03-06 00:02:29,509 | INFO : Validation runtime: 0.0 hours, 0.0 minutes, 0.33346080780029297 seconds

2025-03-06 00:02:29,509 | INFO : Validation runtime: 0.0 hours, 0.0 minutes, 0.33346080780029297 seconds

2025-03-06 00:02:29,509 | INFO : Validation runtime: 0.0 hours, 0.0 minutes, 0.33346080780029297 seconds

2025-03-06 00:02:29,509 | INFO : Validation runtime: 0.0 hours, 0.0 minutes, 0.33346080780029297 seconds

2025-03-06 00:02:29,509 | INFO : Validation runtime: 0.0 hours, 0.0 minutes, 0.33346080780029297 seconds

2025-03-06 00:02:29,509 | INFO : Validation runtime: 0.0 hours, 0.0 minutes, 0.33346080780029297 seconds

2025-03-06 00:02:29,511 | INFO : Avg val. time: 0.0 hours, 0.0 minutes, 0.337614761746448 seconds
2025-03-06 00:02:29,511 | INFO : Avg val. time: 0.0 hours, 0.0 minutes, 0.337614761746448 seconds
2025-03-06 00:02:29,511 | INFO : Avg val. time: 0.0 hours, 0.0 minutes, 0.337614761746448 seconds
2025-03-06 00:02:29,511 | INFO : Avg val. time: 0.0 hours, 0.0 minutes, 0.337614761746448 seconds
2025-03-06 00:02:29,511 | INFO : Avg val. time: 0.0 hours, 0.0 minutes, 0.337614761746448 seconds
2025-03-06 00:02:29,511 | INFO : Avg val. time: 0.0 hours, 0.0 minutes, 0.337614761746448 seconds
2025-03-06 00:02:29,511 | INFO : Avg val. time: 0.0 hours, 0.0 minutes, 0.337614761746448 seconds
2025-03-06 00:02:29,511 | INFO : Avg val. time: 0.0 hours, 0.0 minutes, 0.337614761746448 seconds
2025-03-06 00:02:29,513 | INFO : Avg batch val. time: 0.0084403690436612 seconds
2025-03-06 00:02:29,513 | INFO : Avg batch val. time: 0.0084403690436612 seconds
2025-03-06 00:02:29,513 | INFO : Avg batch val. time: 0.0084403690436612 seconds
2025-03-06 00:02:29,513 | INFO : Avg batch val. time: 0.0084403690436612 seconds
2025-03-06 00:02:29,513 | INFO : Avg batch val. time: 0.0084403690436612 seconds
2025-03-06 00:02:29,513 | INFO : Avg batch val. time: 0.0084403690436612 seconds
2025-03-06 00:02:29,513 | INFO : Avg batch val. time: 0.0084403690436612 seconds
2025-03-06 00:02:29,513 | INFO : Avg batch val. time: 0.0084403690436612 seconds
2025-03-06 00:02:29,514 | INFO : Avg sample val. time: 0.0084403690436612 seconds
2025-03-06 00:02:29,514 | INFO : Avg sample val. time: 0.0084403690436612 seconds
2025-03-06 00:02:29,514 | INFO : Avg sample val. time: 0.0084403690436612 seconds
2025-03-06 00:02:29,514 | INFO : Avg sample val. time: 0.0084403690436612 seconds
2025-03-06 00:02:29,514 | INFO : Avg sample val. time: 0.0084403690436612 seconds
2025-03-06 00:02:29,514 | INFO : Avg sample val. time: 0.0084403690436612 seconds
2025-03-06 00:02:29,514 | INFO : Avg sample val. time: 0.0084403690436612 seconds
2025-03-06 00:02:29,514 | INFO : Avg sample val. time: 0.0084403690436612 seconds
2025-03-06 00:02:29,516 | INFO : Epoch 91 Validation Summary: epoch: 91.000000 | loss: 0.071639 | 
2025-03-06 00:02:29,516 | INFO : Epoch 91 Validation Summary: epoch: 91.000000 | loss: 0.071639 | 
2025-03-06 00:02:29,516 | INFO : Epoch 91 Validation Summary: epoch: 91.000000 | loss: 0.071639 | 
2025-03-06 00:02:29,516 | INFO : Epoch 91 Validation Summary: epoch: 91.000000 | loss: 0.071639 | 
2025-03-06 00:02:29,516 | INFO : Epoch 91 Validation Summary: epoch: 91.000000 | loss: 0.071639 | 
2025-03-06 00:02:29,516 | INFO : Epoch 91 Validation Summary: epoch: 91.000000 | loss: 0.071639 | 
2025-03-06 00:02:29,516 | INFO : Epoch 91 Validation Summary: epoch: 91.000000 | loss: 0.071639 | 
2025-03-06 00:02:29,516 | INFO : Epoch 91 Validation Summary: epoch: 91.000000 | loss: 0.071639 | 
2025-03-06 00:02:29,561 | INFO : Evaluating on validation set ...
2025-03-06 00:02:29,561 | INFO : Evaluating on validation set ...
2025-03-06 00:02:29,561 | INFO : Evaluating on validation set ...
2025-03-06 00:02:29,561 | INFO : Evaluating on validation set ...
2025-03-06 00:02:29,561 | INFO : Evaluating on validation set ...
2025-03-06 00:02:29,561 | INFO : Evaluating on validation set ...
2025-03-06 00:02:29,561 | INFO : Evaluating on validation set ...
2025-03-06 00:02:29,561 | INFO : Evaluating on validation set ...
2025-03-06 00:02:29,906 | INFO : Validation runtime: 0.0 hours, 0.0 minutes, 0.34311795234680176 seconds

2025-03-06 00:02:29,906 | INFO : Validation runtime: 0.0 hours, 0.0 minutes, 0.34311795234680176 seconds

2025-03-06 00:02:29,906 | INFO : Validation runtime: 0.0 hours, 0.0 minutes, 0.34311795234680176 seconds

2025-03-06 00:02:29,906 | INFO : Validation runtime: 0.0 hours, 0.0 minutes, 0.34311795234680176 seconds

2025-03-06 00:02:29,906 | INFO : Validation runtime: 0.0 hours, 0.0 minutes, 0.34311795234680176 seconds

2025-03-06 00:02:29,906 | INFO : Validation runtime: 0.0 hours, 0.0 minutes, 0.34311795234680176 seconds

2025-03-06 00:02:29,906 | INFO : Validation runtime: 0.0 hours, 0.0 minutes, 0.34311795234680176 seconds

2025-03-06 00:02:29,906 | INFO : Validation runtime: 0.0 hours, 0.0 minutes, 0.34311795234680176 seconds

2025-03-06 00:02:29,909 | INFO : Avg val. time: 0.0 hours, 0.0 minutes, 0.33767393583892497 seconds
2025-03-06 00:02:29,909 | INFO : Avg val. time: 0.0 hours, 0.0 minutes, 0.33767393583892497 seconds
2025-03-06 00:02:29,909 | INFO : Avg val. time: 0.0 hours, 0.0 minutes, 0.33767393583892497 seconds
2025-03-06 00:02:29,909 | INFO : Avg val. time: 0.0 hours, 0.0 minutes, 0.33767393583892497 seconds
2025-03-06 00:02:29,909 | INFO : Avg val. time: 0.0 hours, 0.0 minutes, 0.33767393583892497 seconds
2025-03-06 00:02:29,909 | INFO : Avg val. time: 0.0 hours, 0.0 minutes, 0.33767393583892497 seconds
2025-03-06 00:02:29,909 | INFO : Avg val. time: 0.0 hours, 0.0 minutes, 0.33767393583892497 seconds
2025-03-06 00:02:29,909 | INFO : Avg val. time: 0.0 hours, 0.0 minutes, 0.33767393583892497 seconds
2025-03-06 00:02:29,911 | INFO : Avg batch val. time: 0.008441848395973124 seconds
2025-03-06 00:02:29,911 | INFO : Avg batch val. time: 0.008441848395973124 seconds
2025-03-06 00:02:29,911 | INFO : Avg batch val. time: 0.008441848395973124 seconds
2025-03-06 00:02:29,911 | INFO : Avg batch val. time: 0.008441848395973124 seconds
2025-03-06 00:02:29,911 | INFO : Avg batch val. time: 0.008441848395973124 seconds
2025-03-06 00:02:29,911 | INFO : Avg batch val. time: 0.008441848395973124 seconds
2025-03-06 00:02:29,911 | INFO : Avg batch val. time: 0.008441848395973124 seconds
2025-03-06 00:02:29,911 | INFO : Avg batch val. time: 0.008441848395973124 seconds
2025-03-06 00:02:29,913 | INFO : Avg sample val. time: 0.008441848395973124 seconds
2025-03-06 00:02:29,913 | INFO : Avg sample val. time: 0.008441848395973124 seconds
2025-03-06 00:02:29,913 | INFO : Avg sample val. time: 0.008441848395973124 seconds
2025-03-06 00:02:29,913 | INFO : Avg sample val. time: 0.008441848395973124 seconds
2025-03-06 00:02:29,913 | INFO : Avg sample val. time: 0.008441848395973124 seconds
2025-03-06 00:02:29,913 | INFO : Avg sample val. time: 0.008441848395973124 seconds
2025-03-06 00:02:29,913 | INFO : Avg sample val. time: 0.008441848395973124 seconds
2025-03-06 00:02:29,913 | INFO : Avg sample val. time: 0.008441848395973124 seconds
2025-03-06 00:02:29,915 | INFO : Epoch 92 Validation Summary: epoch: 92.000000 | loss: 0.071443 | 
2025-03-06 00:02:29,915 | INFO : Epoch 92 Validation Summary: epoch: 92.000000 | loss: 0.071443 | 
2025-03-06 00:02:29,915 | INFO : Epoch 92 Validation Summary: epoch: 92.000000 | loss: 0.071443 | 
2025-03-06 00:02:29,915 | INFO : Epoch 92 Validation Summary: epoch: 92.000000 | loss: 0.071443 | 
2025-03-06 00:02:29,915 | INFO : Epoch 92 Validation Summary: epoch: 92.000000 | loss: 0.071443 | 
2025-03-06 00:02:29,915 | INFO : Epoch 92 Validation Summary: epoch: 92.000000 | loss: 0.071443 | 
2025-03-06 00:02:29,915 | INFO : Epoch 92 Validation Summary: epoch: 92.000000 | loss: 0.071443 | 
2025-03-06 00:02:29,915 | INFO : Epoch 92 Validation Summary: epoch: 92.000000 | loss: 0.071443 | 
2025-03-06 00:02:29,963 | INFO : Evaluating on validation set ...
2025-03-06 00:02:29,963 | INFO : Evaluating on validation set ...
2025-03-06 00:02:29,963 | INFO : Evaluating on validation set ...
2025-03-06 00:02:29,963 | INFO : Evaluating on validation set ...
2025-03-06 00:02:29,963 | INFO : Evaluating on validation set ...
2025-03-06 00:02:29,963 | INFO : Evaluating on validation set ...
2025-03-06 00:02:29,963 | INFO : Evaluating on validation set ...
2025-03-06 00:02:29,963 | INFO : Evaluating on validation set ...
2025-03-06 00:02:30,301 | INFO : Validation runtime: 0.0 hours, 0.0 minutes, 0.3361356258392334 seconds

2025-03-06 00:02:30,301 | INFO : Validation runtime: 0.0 hours, 0.0 minutes, 0.3361356258392334 seconds

2025-03-06 00:02:30,301 | INFO : Validation runtime: 0.0 hours, 0.0 minutes, 0.3361356258392334 seconds

2025-03-06 00:02:30,301 | INFO : Validation runtime: 0.0 hours, 0.0 minutes, 0.3361356258392334 seconds

2025-03-06 00:02:30,301 | INFO : Validation runtime: 0.0 hours, 0.0 minutes, 0.3361356258392334 seconds

2025-03-06 00:02:30,301 | INFO : Validation runtime: 0.0 hours, 0.0 minutes, 0.3361356258392334 seconds

2025-03-06 00:02:30,301 | INFO : Validation runtime: 0.0 hours, 0.0 minutes, 0.3361356258392334 seconds

2025-03-06 00:02:30,301 | INFO : Validation runtime: 0.0 hours, 0.0 minutes, 0.3361356258392334 seconds

2025-03-06 00:02:30,303 | INFO : Avg val. time: 0.0 hours, 0.0 minutes, 0.3376575708389282 seconds
2025-03-06 00:02:30,303 | INFO : Avg val. time: 0.0 hours, 0.0 minutes, 0.3376575708389282 seconds
2025-03-06 00:02:30,303 | INFO : Avg val. time: 0.0 hours, 0.0 minutes, 0.3376575708389282 seconds
2025-03-06 00:02:30,303 | INFO : Avg val. time: 0.0 hours, 0.0 minutes, 0.3376575708389282 seconds
2025-03-06 00:02:30,303 | INFO : Avg val. time: 0.0 hours, 0.0 minutes, 0.3376575708389282 seconds
2025-03-06 00:02:30,303 | INFO : Avg val. time: 0.0 hours, 0.0 minutes, 0.3376575708389282 seconds
2025-03-06 00:02:30,303 | INFO : Avg val. time: 0.0 hours, 0.0 minutes, 0.3376575708389282 seconds
2025-03-06 00:02:30,303 | INFO : Avg val. time: 0.0 hours, 0.0 minutes, 0.3376575708389282 seconds
2025-03-06 00:02:30,305 | INFO : Avg batch val. time: 0.008441439270973206 seconds
2025-03-06 00:02:30,305 | INFO : Avg batch val. time: 0.008441439270973206 seconds
2025-03-06 00:02:30,305 | INFO : Avg batch val. time: 0.008441439270973206 seconds
2025-03-06 00:02:30,305 | INFO : Avg batch val. time: 0.008441439270973206 seconds
2025-03-06 00:02:30,305 | INFO : Avg batch val. time: 0.008441439270973206 seconds
2025-03-06 00:02:30,305 | INFO : Avg batch val. time: 0.008441439270973206 seconds
2025-03-06 00:02:30,305 | INFO : Avg batch val. time: 0.008441439270973206 seconds
2025-03-06 00:02:30,305 | INFO : Avg batch val. time: 0.008441439270973206 seconds
2025-03-06 00:02:30,306 | INFO : Avg sample val. time: 0.008441439270973206 seconds
2025-03-06 00:02:30,306 | INFO : Avg sample val. time: 0.008441439270973206 seconds
2025-03-06 00:02:30,306 | INFO : Avg sample val. time: 0.008441439270973206 seconds
2025-03-06 00:02:30,306 | INFO : Avg sample val. time: 0.008441439270973206 seconds
2025-03-06 00:02:30,306 | INFO : Avg sample val. time: 0.008441439270973206 seconds
2025-03-06 00:02:30,306 | INFO : Avg sample val. time: 0.008441439270973206 seconds
2025-03-06 00:02:30,306 | INFO : Avg sample val. time: 0.008441439270973206 seconds
2025-03-06 00:02:30,306 | INFO : Avg sample val. time: 0.008441439270973206 seconds
2025-03-06 00:02:30,307 | INFO : Epoch 93 Validation Summary: epoch: 93.000000 | loss: 0.071249 | 
2025-03-06 00:02:30,307 | INFO : Epoch 93 Validation Summary: epoch: 93.000000 | loss: 0.071249 | 
2025-03-06 00:02:30,307 | INFO : Epoch 93 Validation Summary: epoch: 93.000000 | loss: 0.071249 | 
2025-03-06 00:02:30,307 | INFO : Epoch 93 Validation Summary: epoch: 93.000000 | loss: 0.071249 | 
2025-03-06 00:02:30,307 | INFO : Epoch 93 Validation Summary: epoch: 93.000000 | loss: 0.071249 | 
2025-03-06 00:02:30,307 | INFO : Epoch 93 Validation Summary: epoch: 93.000000 | loss: 0.071249 | 
2025-03-06 00:02:30,307 | INFO : Epoch 93 Validation Summary: epoch: 93.000000 | loss: 0.071249 | 
2025-03-06 00:02:30,307 | INFO : Epoch 93 Validation Summary: epoch: 93.000000 | loss: 0.071249 | 
2025-03-06 00:02:30,353 | INFO : Evaluating on validation set ...
2025-03-06 00:02:30,353 | INFO : Evaluating on validation set ...
2025-03-06 00:02:30,353 | INFO : Evaluating on validation set ...
2025-03-06 00:02:30,353 | INFO : Evaluating on validation set ...
2025-03-06 00:02:30,353 | INFO : Evaluating on validation set ...
2025-03-06 00:02:30,353 | INFO : Evaluating on validation set ...
2025-03-06 00:02:30,353 | INFO : Evaluating on validation set ...
2025-03-06 00:02:30,353 | INFO : Evaluating on validation set ...
2025-03-06 00:02:30,692 | INFO : Validation runtime: 0.0 hours, 0.0 minutes, 0.3374614715576172 seconds

2025-03-06 00:02:30,692 | INFO : Validation runtime: 0.0 hours, 0.0 minutes, 0.3374614715576172 seconds

2025-03-06 00:02:30,692 | INFO : Validation runtime: 0.0 hours, 0.0 minutes, 0.3374614715576172 seconds

2025-03-06 00:02:30,692 | INFO : Validation runtime: 0.0 hours, 0.0 minutes, 0.3374614715576172 seconds

2025-03-06 00:02:30,692 | INFO : Validation runtime: 0.0 hours, 0.0 minutes, 0.3374614715576172 seconds

2025-03-06 00:02:30,692 | INFO : Validation runtime: 0.0 hours, 0.0 minutes, 0.3374614715576172 seconds

2025-03-06 00:02:30,692 | INFO : Validation runtime: 0.0 hours, 0.0 minutes, 0.3374614715576172 seconds

2025-03-06 00:02:30,692 | INFO : Validation runtime: 0.0 hours, 0.0 minutes, 0.3374614715576172 seconds

2025-03-06 00:02:30,694 | INFO : Avg val. time: 0.0 hours, 0.0 minutes, 0.33765550663596705 seconds
2025-03-06 00:02:30,694 | INFO : Avg val. time: 0.0 hours, 0.0 minutes, 0.33765550663596705 seconds
2025-03-06 00:02:30,694 | INFO : Avg val. time: 0.0 hours, 0.0 minutes, 0.33765550663596705 seconds
2025-03-06 00:02:30,694 | INFO : Avg val. time: 0.0 hours, 0.0 minutes, 0.33765550663596705 seconds
2025-03-06 00:02:30,694 | INFO : Avg val. time: 0.0 hours, 0.0 minutes, 0.33765550663596705 seconds
2025-03-06 00:02:30,694 | INFO : Avg val. time: 0.0 hours, 0.0 minutes, 0.33765550663596705 seconds
2025-03-06 00:02:30,694 | INFO : Avg val. time: 0.0 hours, 0.0 minutes, 0.33765550663596705 seconds
2025-03-06 00:02:30,694 | INFO : Avg val. time: 0.0 hours, 0.0 minutes, 0.33765550663596705 seconds
2025-03-06 00:02:30,696 | INFO : Avg batch val. time: 0.008441387665899176 seconds
2025-03-06 00:02:30,696 | INFO : Avg batch val. time: 0.008441387665899176 seconds
2025-03-06 00:02:30,696 | INFO : Avg batch val. time: 0.008441387665899176 seconds
2025-03-06 00:02:30,696 | INFO : Avg batch val. time: 0.008441387665899176 seconds
2025-03-06 00:02:30,696 | INFO : Avg batch val. time: 0.008441387665899176 seconds
2025-03-06 00:02:30,696 | INFO : Avg batch val. time: 0.008441387665899176 seconds
2025-03-06 00:02:30,696 | INFO : Avg batch val. time: 0.008441387665899176 seconds
2025-03-06 00:02:30,696 | INFO : Avg batch val. time: 0.008441387665899176 seconds
2025-03-06 00:02:30,697 | INFO : Avg sample val. time: 0.008441387665899176 seconds
2025-03-06 00:02:30,697 | INFO : Avg sample val. time: 0.008441387665899176 seconds
2025-03-06 00:02:30,697 | INFO : Avg sample val. time: 0.008441387665899176 seconds
2025-03-06 00:02:30,697 | INFO : Avg sample val. time: 0.008441387665899176 seconds
2025-03-06 00:02:30,697 | INFO : Avg sample val. time: 0.008441387665899176 seconds
2025-03-06 00:02:30,697 | INFO : Avg sample val. time: 0.008441387665899176 seconds
2025-03-06 00:02:30,697 | INFO : Avg sample val. time: 0.008441387665899176 seconds
2025-03-06 00:02:30,697 | INFO : Avg sample val. time: 0.008441387665899176 seconds
2025-03-06 00:02:30,699 | INFO : Epoch 94 Validation Summary: epoch: 94.000000 | loss: 0.071058 | 
2025-03-06 00:02:30,699 | INFO : Epoch 94 Validation Summary: epoch: 94.000000 | loss: 0.071058 | 
2025-03-06 00:02:30,699 | INFO : Epoch 94 Validation Summary: epoch: 94.000000 | loss: 0.071058 | 
2025-03-06 00:02:30,699 | INFO : Epoch 94 Validation Summary: epoch: 94.000000 | loss: 0.071058 | 
2025-03-06 00:02:30,699 | INFO : Epoch 94 Validation Summary: epoch: 94.000000 | loss: 0.071058 | 
2025-03-06 00:02:30,699 | INFO : Epoch 94 Validation Summary: epoch: 94.000000 | loss: 0.071058 | 
2025-03-06 00:02:30,699 | INFO : Epoch 94 Validation Summary: epoch: 94.000000 | loss: 0.071058 | 
2025-03-06 00:02:30,699 | INFO : Epoch 94 Validation Summary: epoch: 94.000000 | loss: 0.071058 | 
2025-03-06 00:02:30,745 | INFO : Evaluating on validation set ...
2025-03-06 00:02:30,745 | INFO : Evaluating on validation set ...
2025-03-06 00:02:30,745 | INFO : Evaluating on validation set ...
2025-03-06 00:02:30,745 | INFO : Evaluating on validation set ...
2025-03-06 00:02:30,745 | INFO : Evaluating on validation set ...
2025-03-06 00:02:30,745 | INFO : Evaluating on validation set ...
2025-03-06 00:02:30,745 | INFO : Evaluating on validation set ...
2025-03-06 00:02:30,745 | INFO : Evaluating on validation set ...
2025-03-06 00:02:31,080 | INFO : Validation runtime: 0.0 hours, 0.0 minutes, 0.33380866050720215 seconds

2025-03-06 00:02:31,080 | INFO : Validation runtime: 0.0 hours, 0.0 minutes, 0.33380866050720215 seconds

2025-03-06 00:02:31,080 | INFO : Validation runtime: 0.0 hours, 0.0 minutes, 0.33380866050720215 seconds

2025-03-06 00:02:31,080 | INFO : Validation runtime: 0.0 hours, 0.0 minutes, 0.33380866050720215 seconds

2025-03-06 00:02:31,080 | INFO : Validation runtime: 0.0 hours, 0.0 minutes, 0.33380866050720215 seconds

2025-03-06 00:02:31,080 | INFO : Validation runtime: 0.0 hours, 0.0 minutes, 0.33380866050720215 seconds

2025-03-06 00:02:31,080 | INFO : Validation runtime: 0.0 hours, 0.0 minutes, 0.33380866050720215 seconds

2025-03-06 00:02:31,080 | INFO : Validation runtime: 0.0 hours, 0.0 minutes, 0.33380866050720215 seconds

2025-03-06 00:02:31,082 | INFO : Avg val. time: 0.0 hours, 0.0 minutes, 0.33761543532212573 seconds
2025-03-06 00:02:31,082 | INFO : Avg val. time: 0.0 hours, 0.0 minutes, 0.33761543532212573 seconds
2025-03-06 00:02:31,082 | INFO : Avg val. time: 0.0 hours, 0.0 minutes, 0.33761543532212573 seconds
2025-03-06 00:02:31,082 | INFO : Avg val. time: 0.0 hours, 0.0 minutes, 0.33761543532212573 seconds
2025-03-06 00:02:31,082 | INFO : Avg val. time: 0.0 hours, 0.0 minutes, 0.33761543532212573 seconds
2025-03-06 00:02:31,082 | INFO : Avg val. time: 0.0 hours, 0.0 minutes, 0.33761543532212573 seconds
2025-03-06 00:02:31,082 | INFO : Avg val. time: 0.0 hours, 0.0 minutes, 0.33761543532212573 seconds
2025-03-06 00:02:31,082 | INFO : Avg val. time: 0.0 hours, 0.0 minutes, 0.33761543532212573 seconds
2025-03-06 00:02:31,084 | INFO : Avg batch val. time: 0.008440385883053143 seconds
2025-03-06 00:02:31,084 | INFO : Avg batch val. time: 0.008440385883053143 seconds
2025-03-06 00:02:31,084 | INFO : Avg batch val. time: 0.008440385883053143 seconds
2025-03-06 00:02:31,084 | INFO : Avg batch val. time: 0.008440385883053143 seconds
2025-03-06 00:02:31,084 | INFO : Avg batch val. time: 0.008440385883053143 seconds
2025-03-06 00:02:31,084 | INFO : Avg batch val. time: 0.008440385883053143 seconds
2025-03-06 00:02:31,084 | INFO : Avg batch val. time: 0.008440385883053143 seconds
2025-03-06 00:02:31,084 | INFO : Avg batch val. time: 0.008440385883053143 seconds
2025-03-06 00:02:31,085 | INFO : Avg sample val. time: 0.008440385883053143 seconds
2025-03-06 00:02:31,085 | INFO : Avg sample val. time: 0.008440385883053143 seconds
2025-03-06 00:02:31,085 | INFO : Avg sample val. time: 0.008440385883053143 seconds
2025-03-06 00:02:31,085 | INFO : Avg sample val. time: 0.008440385883053143 seconds
2025-03-06 00:02:31,085 | INFO : Avg sample val. time: 0.008440385883053143 seconds
2025-03-06 00:02:31,085 | INFO : Avg sample val. time: 0.008440385883053143 seconds
2025-03-06 00:02:31,085 | INFO : Avg sample val. time: 0.008440385883053143 seconds
2025-03-06 00:02:31,085 | INFO : Avg sample val. time: 0.008440385883053143 seconds
2025-03-06 00:02:31,087 | INFO : Epoch 95 Validation Summary: epoch: 95.000000 | loss: 0.070869 | 
2025-03-06 00:02:31,087 | INFO : Epoch 95 Validation Summary: epoch: 95.000000 | loss: 0.070869 | 
2025-03-06 00:02:31,087 | INFO : Epoch 95 Validation Summary: epoch: 95.000000 | loss: 0.070869 | 
2025-03-06 00:02:31,087 | INFO : Epoch 95 Validation Summary: epoch: 95.000000 | loss: 0.070869 | 
2025-03-06 00:02:31,087 | INFO : Epoch 95 Validation Summary: epoch: 95.000000 | loss: 0.070869 | 
2025-03-06 00:02:31,087 | INFO : Epoch 95 Validation Summary: epoch: 95.000000 | loss: 0.070869 | 
2025-03-06 00:02:31,087 | INFO : Epoch 95 Validation Summary: epoch: 95.000000 | loss: 0.070869 | 
2025-03-06 00:02:31,087 | INFO : Epoch 95 Validation Summary: epoch: 95.000000 | loss: 0.070869 | 
2025-03-06 00:02:31,134 | INFO : Evaluating on validation set ...
2025-03-06 00:02:31,134 | INFO : Evaluating on validation set ...
2025-03-06 00:02:31,134 | INFO : Evaluating on validation set ...
2025-03-06 00:02:31,134 | INFO : Evaluating on validation set ...
2025-03-06 00:02:31,134 | INFO : Evaluating on validation set ...
2025-03-06 00:02:31,134 | INFO : Evaluating on validation set ...
2025-03-06 00:02:31,134 | INFO : Evaluating on validation set ...
2025-03-06 00:02:31,134 | INFO : Evaluating on validation set ...
2025-03-06 00:02:31,473 | INFO : Validation runtime: 0.0 hours, 0.0 minutes, 0.33771705627441406 seconds

2025-03-06 00:02:31,473 | INFO : Validation runtime: 0.0 hours, 0.0 minutes, 0.33771705627441406 seconds

2025-03-06 00:02:31,473 | INFO : Validation runtime: 0.0 hours, 0.0 minutes, 0.33771705627441406 seconds

2025-03-06 00:02:31,473 | INFO : Validation runtime: 0.0 hours, 0.0 minutes, 0.33771705627441406 seconds

2025-03-06 00:02:31,473 | INFO : Validation runtime: 0.0 hours, 0.0 minutes, 0.33771705627441406 seconds

2025-03-06 00:02:31,473 | INFO : Validation runtime: 0.0 hours, 0.0 minutes, 0.33771705627441406 seconds

2025-03-06 00:02:31,473 | INFO : Validation runtime: 0.0 hours, 0.0 minutes, 0.33771705627441406 seconds

2025-03-06 00:02:31,473 | INFO : Validation runtime: 0.0 hours, 0.0 minutes, 0.33771705627441406 seconds

2025-03-06 00:02:31,475 | INFO : Avg val. time: 0.0 hours, 0.0 minutes, 0.33761648296080915 seconds
2025-03-06 00:02:31,475 | INFO : Avg val. time: 0.0 hours, 0.0 minutes, 0.33761648296080915 seconds
2025-03-06 00:02:31,475 | INFO : Avg val. time: 0.0 hours, 0.0 minutes, 0.33761648296080915 seconds
2025-03-06 00:02:31,475 | INFO : Avg val. time: 0.0 hours, 0.0 minutes, 0.33761648296080915 seconds
2025-03-06 00:02:31,475 | INFO : Avg val. time: 0.0 hours, 0.0 minutes, 0.33761648296080915 seconds
2025-03-06 00:02:31,475 | INFO : Avg val. time: 0.0 hours, 0.0 minutes, 0.33761648296080915 seconds
2025-03-06 00:02:31,475 | INFO : Avg val. time: 0.0 hours, 0.0 minutes, 0.33761648296080915 seconds
2025-03-06 00:02:31,475 | INFO : Avg val. time: 0.0 hours, 0.0 minutes, 0.33761648296080915 seconds
2025-03-06 00:02:31,476 | INFO : Avg batch val. time: 0.008440412074020229 seconds
2025-03-06 00:02:31,476 | INFO : Avg batch val. time: 0.008440412074020229 seconds
2025-03-06 00:02:31,476 | INFO : Avg batch val. time: 0.008440412074020229 seconds
2025-03-06 00:02:31,476 | INFO : Avg batch val. time: 0.008440412074020229 seconds
2025-03-06 00:02:31,476 | INFO : Avg batch val. time: 0.008440412074020229 seconds
2025-03-06 00:02:31,476 | INFO : Avg batch val. time: 0.008440412074020229 seconds
2025-03-06 00:02:31,476 | INFO : Avg batch val. time: 0.008440412074020229 seconds
2025-03-06 00:02:31,476 | INFO : Avg batch val. time: 0.008440412074020229 seconds
2025-03-06 00:02:31,478 | INFO : Avg sample val. time: 0.008440412074020229 seconds
2025-03-06 00:02:31,478 | INFO : Avg sample val. time: 0.008440412074020229 seconds
2025-03-06 00:02:31,478 | INFO : Avg sample val. time: 0.008440412074020229 seconds
2025-03-06 00:02:31,478 | INFO : Avg sample val. time: 0.008440412074020229 seconds
2025-03-06 00:02:31,478 | INFO : Avg sample val. time: 0.008440412074020229 seconds
2025-03-06 00:02:31,478 | INFO : Avg sample val. time: 0.008440412074020229 seconds
2025-03-06 00:02:31,478 | INFO : Avg sample val. time: 0.008440412074020229 seconds
2025-03-06 00:02:31,478 | INFO : Avg sample val. time: 0.008440412074020229 seconds
2025-03-06 00:02:31,479 | INFO : Epoch 96 Validation Summary: epoch: 96.000000 | loss: 0.070684 | 
2025-03-06 00:02:31,479 | INFO : Epoch 96 Validation Summary: epoch: 96.000000 | loss: 0.070684 | 
2025-03-06 00:02:31,479 | INFO : Epoch 96 Validation Summary: epoch: 96.000000 | loss: 0.070684 | 
2025-03-06 00:02:31,479 | INFO : Epoch 96 Validation Summary: epoch: 96.000000 | loss: 0.070684 | 
2025-03-06 00:02:31,479 | INFO : Epoch 96 Validation Summary: epoch: 96.000000 | loss: 0.070684 | 
2025-03-06 00:02:31,479 | INFO : Epoch 96 Validation Summary: epoch: 96.000000 | loss: 0.070684 | 
2025-03-06 00:02:31,479 | INFO : Epoch 96 Validation Summary: epoch: 96.000000 | loss: 0.070684 | 
2025-03-06 00:02:31,479 | INFO : Epoch 96 Validation Summary: epoch: 96.000000 | loss: 0.070684 | 
2025-03-06 00:02:31,526 | INFO : Evaluating on validation set ...
2025-03-06 00:02:31,526 | INFO : Evaluating on validation set ...
2025-03-06 00:02:31,526 | INFO : Evaluating on validation set ...
2025-03-06 00:02:31,526 | INFO : Evaluating on validation set ...
2025-03-06 00:02:31,526 | INFO : Evaluating on validation set ...
2025-03-06 00:02:31,526 | INFO : Evaluating on validation set ...
2025-03-06 00:02:31,526 | INFO : Evaluating on validation set ...
2025-03-06 00:02:31,526 | INFO : Evaluating on validation set ...
2025-03-06 00:02:31,866 | INFO : Validation runtime: 0.0 hours, 0.0 minutes, 0.33771705627441406 seconds

2025-03-06 00:02:31,866 | INFO : Validation runtime: 0.0 hours, 0.0 minutes, 0.33771705627441406 seconds

2025-03-06 00:02:31,866 | INFO : Validation runtime: 0.0 hours, 0.0 minutes, 0.33771705627441406 seconds

2025-03-06 00:02:31,866 | INFO : Validation runtime: 0.0 hours, 0.0 minutes, 0.33771705627441406 seconds

2025-03-06 00:02:31,866 | INFO : Validation runtime: 0.0 hours, 0.0 minutes, 0.33771705627441406 seconds

2025-03-06 00:02:31,866 | INFO : Validation runtime: 0.0 hours, 0.0 minutes, 0.33771705627441406 seconds

2025-03-06 00:02:31,866 | INFO : Validation runtime: 0.0 hours, 0.0 minutes, 0.33771705627441406 seconds

2025-03-06 00:02:31,866 | INFO : Validation runtime: 0.0 hours, 0.0 minutes, 0.33771705627441406 seconds

2025-03-06 00:02:31,867 | INFO : Avg val. time: 0.0 hours, 0.0 minutes, 0.3376175092191112 seconds
2025-03-06 00:02:31,867 | INFO : Avg val. time: 0.0 hours, 0.0 minutes, 0.3376175092191112 seconds
2025-03-06 00:02:31,867 | INFO : Avg val. time: 0.0 hours, 0.0 minutes, 0.3376175092191112 seconds
2025-03-06 00:02:31,867 | INFO : Avg val. time: 0.0 hours, 0.0 minutes, 0.3376175092191112 seconds
2025-03-06 00:02:31,867 | INFO : Avg val. time: 0.0 hours, 0.0 minutes, 0.3376175092191112 seconds
2025-03-06 00:02:31,867 | INFO : Avg val. time: 0.0 hours, 0.0 minutes, 0.3376175092191112 seconds
2025-03-06 00:02:31,867 | INFO : Avg val. time: 0.0 hours, 0.0 minutes, 0.3376175092191112 seconds
2025-03-06 00:02:31,867 | INFO : Avg val. time: 0.0 hours, 0.0 minutes, 0.3376175092191112 seconds
2025-03-06 00:02:31,869 | INFO : Avg batch val. time: 0.008440437730477781 seconds
2025-03-06 00:02:31,869 | INFO : Avg batch val. time: 0.008440437730477781 seconds
2025-03-06 00:02:31,869 | INFO : Avg batch val. time: 0.008440437730477781 seconds
2025-03-06 00:02:31,869 | INFO : Avg batch val. time: 0.008440437730477781 seconds
2025-03-06 00:02:31,869 | INFO : Avg batch val. time: 0.008440437730477781 seconds
2025-03-06 00:02:31,869 | INFO : Avg batch val. time: 0.008440437730477781 seconds
2025-03-06 00:02:31,869 | INFO : Avg batch val. time: 0.008440437730477781 seconds
2025-03-06 00:02:31,869 | INFO : Avg batch val. time: 0.008440437730477781 seconds
2025-03-06 00:02:31,870 | INFO : Avg sample val. time: 0.008440437730477781 seconds
2025-03-06 00:02:31,870 | INFO : Avg sample val. time: 0.008440437730477781 seconds
2025-03-06 00:02:31,870 | INFO : Avg sample val. time: 0.008440437730477781 seconds
2025-03-06 00:02:31,870 | INFO : Avg sample val. time: 0.008440437730477781 seconds
2025-03-06 00:02:31,870 | INFO : Avg sample val. time: 0.008440437730477781 seconds
2025-03-06 00:02:31,870 | INFO : Avg sample val. time: 0.008440437730477781 seconds
2025-03-06 00:02:31,870 | INFO : Avg sample val. time: 0.008440437730477781 seconds
2025-03-06 00:02:31,870 | INFO : Avg sample val. time: 0.008440437730477781 seconds
2025-03-06 00:02:31,872 | INFO : Epoch 97 Validation Summary: epoch: 97.000000 | loss: 0.070500 | 
2025-03-06 00:02:31,872 | INFO : Epoch 97 Validation Summary: epoch: 97.000000 | loss: 0.070500 | 
2025-03-06 00:02:31,872 | INFO : Epoch 97 Validation Summary: epoch: 97.000000 | loss: 0.070500 | 
2025-03-06 00:02:31,872 | INFO : Epoch 97 Validation Summary: epoch: 97.000000 | loss: 0.070500 | 
2025-03-06 00:02:31,872 | INFO : Epoch 97 Validation Summary: epoch: 97.000000 | loss: 0.070500 | 
2025-03-06 00:02:31,872 | INFO : Epoch 97 Validation Summary: epoch: 97.000000 | loss: 0.070500 | 
2025-03-06 00:02:31,872 | INFO : Epoch 97 Validation Summary: epoch: 97.000000 | loss: 0.070500 | 
2025-03-06 00:02:31,872 | INFO : Epoch 97 Validation Summary: epoch: 97.000000 | loss: 0.070500 | 
2025-03-06 00:02:31,919 | INFO : Evaluating on validation set ...
2025-03-06 00:02:31,919 | INFO : Evaluating on validation set ...
2025-03-06 00:02:31,919 | INFO : Evaluating on validation set ...
2025-03-06 00:02:31,919 | INFO : Evaluating on validation set ...
2025-03-06 00:02:31,919 | INFO : Evaluating on validation set ...
2025-03-06 00:02:31,919 | INFO : Evaluating on validation set ...
2025-03-06 00:02:31,919 | INFO : Evaluating on validation set ...
2025-03-06 00:02:31,919 | INFO : Evaluating on validation set ...
2025-03-06 00:02:32,258 | INFO : Validation runtime: 0.0 hours, 0.0 minutes, 0.33693623542785645 seconds

2025-03-06 00:02:32,258 | INFO : Validation runtime: 0.0 hours, 0.0 minutes, 0.33693623542785645 seconds

2025-03-06 00:02:32,258 | INFO : Validation runtime: 0.0 hours, 0.0 minutes, 0.33693623542785645 seconds

2025-03-06 00:02:32,258 | INFO : Validation runtime: 0.0 hours, 0.0 minutes, 0.33693623542785645 seconds

2025-03-06 00:02:32,258 | INFO : Validation runtime: 0.0 hours, 0.0 minutes, 0.33693623542785645 seconds

2025-03-06 00:02:32,258 | INFO : Validation runtime: 0.0 hours, 0.0 minutes, 0.33693623542785645 seconds

2025-03-06 00:02:32,258 | INFO : Validation runtime: 0.0 hours, 0.0 minutes, 0.33693623542785645 seconds

2025-03-06 00:02:32,258 | INFO : Validation runtime: 0.0 hours, 0.0 minutes, 0.33693623542785645 seconds

2025-03-06 00:02:32,259 | INFO : Avg val. time: 0.0 hours, 0.0 minutes, 0.3376106276656642 seconds
2025-03-06 00:02:32,259 | INFO : Avg val. time: 0.0 hours, 0.0 minutes, 0.3376106276656642 seconds
2025-03-06 00:02:32,259 | INFO : Avg val. time: 0.0 hours, 0.0 minutes, 0.3376106276656642 seconds
2025-03-06 00:02:32,259 | INFO : Avg val. time: 0.0 hours, 0.0 minutes, 0.3376106276656642 seconds
2025-03-06 00:02:32,259 | INFO : Avg val. time: 0.0 hours, 0.0 minutes, 0.3376106276656642 seconds
2025-03-06 00:02:32,259 | INFO : Avg val. time: 0.0 hours, 0.0 minutes, 0.3376106276656642 seconds
2025-03-06 00:02:32,259 | INFO : Avg val. time: 0.0 hours, 0.0 minutes, 0.3376106276656642 seconds
2025-03-06 00:02:32,259 | INFO : Avg val. time: 0.0 hours, 0.0 minutes, 0.3376106276656642 seconds
2025-03-06 00:02:32,261 | INFO : Avg batch val. time: 0.008440265691641604 seconds
2025-03-06 00:02:32,261 | INFO : Avg batch val. time: 0.008440265691641604 seconds
2025-03-06 00:02:32,261 | INFO : Avg batch val. time: 0.008440265691641604 seconds
2025-03-06 00:02:32,261 | INFO : Avg batch val. time: 0.008440265691641604 seconds
2025-03-06 00:02:32,261 | INFO : Avg batch val. time: 0.008440265691641604 seconds
2025-03-06 00:02:32,261 | INFO : Avg batch val. time: 0.008440265691641604 seconds
2025-03-06 00:02:32,261 | INFO : Avg batch val. time: 0.008440265691641604 seconds
2025-03-06 00:02:32,261 | INFO : Avg batch val. time: 0.008440265691641604 seconds
2025-03-06 00:02:32,263 | INFO : Avg sample val. time: 0.008440265691641604 seconds
2025-03-06 00:02:32,263 | INFO : Avg sample val. time: 0.008440265691641604 seconds
2025-03-06 00:02:32,263 | INFO : Avg sample val. time: 0.008440265691641604 seconds
2025-03-06 00:02:32,263 | INFO : Avg sample val. time: 0.008440265691641604 seconds
2025-03-06 00:02:32,263 | INFO : Avg sample val. time: 0.008440265691641604 seconds
2025-03-06 00:02:32,263 | INFO : Avg sample val. time: 0.008440265691641604 seconds
2025-03-06 00:02:32,263 | INFO : Avg sample val. time: 0.008440265691641604 seconds
2025-03-06 00:02:32,263 | INFO : Avg sample val. time: 0.008440265691641604 seconds
2025-03-06 00:02:32,264 | INFO : Epoch 98 Validation Summary: epoch: 98.000000 | loss: 0.070320 | 
2025-03-06 00:02:32,264 | INFO : Epoch 98 Validation Summary: epoch: 98.000000 | loss: 0.070320 | 
2025-03-06 00:02:32,264 | INFO : Epoch 98 Validation Summary: epoch: 98.000000 | loss: 0.070320 | 
2025-03-06 00:02:32,264 | INFO : Epoch 98 Validation Summary: epoch: 98.000000 | loss: 0.070320 | 
2025-03-06 00:02:32,264 | INFO : Epoch 98 Validation Summary: epoch: 98.000000 | loss: 0.070320 | 
2025-03-06 00:02:32,264 | INFO : Epoch 98 Validation Summary: epoch: 98.000000 | loss: 0.070320 | 
2025-03-06 00:02:32,264 | INFO : Epoch 98 Validation Summary: epoch: 98.000000 | loss: 0.070320 | 
2025-03-06 00:02:32,264 | INFO : Epoch 98 Validation Summary: epoch: 98.000000 | loss: 0.070320 | 
2025-03-06 00:02:32,311 | INFO : Evaluating on validation set ...
2025-03-06 00:02:32,311 | INFO : Evaluating on validation set ...
2025-03-06 00:02:32,311 | INFO : Evaluating on validation set ...
2025-03-06 00:02:32,311 | INFO : Evaluating on validation set ...
2025-03-06 00:02:32,311 | INFO : Evaluating on validation set ...
2025-03-06 00:02:32,311 | INFO : Evaluating on validation set ...
2025-03-06 00:02:32,311 | INFO : Evaluating on validation set ...
2025-03-06 00:02:32,311 | INFO : Evaluating on validation set ...
2025-03-06 00:02:32,657 | INFO : Validation runtime: 0.0 hours, 0.0 minutes, 0.3446464538574219 seconds

2025-03-06 00:02:32,657 | INFO : Validation runtime: 0.0 hours, 0.0 minutes, 0.3446464538574219 seconds

2025-03-06 00:02:32,657 | INFO : Validation runtime: 0.0 hours, 0.0 minutes, 0.3446464538574219 seconds

2025-03-06 00:02:32,657 | INFO : Validation runtime: 0.0 hours, 0.0 minutes, 0.3446464538574219 seconds

2025-03-06 00:02:32,657 | INFO : Validation runtime: 0.0 hours, 0.0 minutes, 0.3446464538574219 seconds

2025-03-06 00:02:32,657 | INFO : Validation runtime: 0.0 hours, 0.0 minutes, 0.3446464538574219 seconds

2025-03-06 00:02:32,657 | INFO : Validation runtime: 0.0 hours, 0.0 minutes, 0.3446464538574219 seconds

2025-03-06 00:02:32,657 | INFO : Validation runtime: 0.0 hours, 0.0 minutes, 0.3446464538574219 seconds

2025-03-06 00:02:32,659 | INFO : Avg val. time: 0.0 hours, 0.0 minutes, 0.3376809859275818 seconds
2025-03-06 00:02:32,659 | INFO : Avg val. time: 0.0 hours, 0.0 minutes, 0.3376809859275818 seconds
2025-03-06 00:02:32,659 | INFO : Avg val. time: 0.0 hours, 0.0 minutes, 0.3376809859275818 seconds
2025-03-06 00:02:32,659 | INFO : Avg val. time: 0.0 hours, 0.0 minutes, 0.3376809859275818 seconds
2025-03-06 00:02:32,659 | INFO : Avg val. time: 0.0 hours, 0.0 minutes, 0.3376809859275818 seconds
2025-03-06 00:02:32,659 | INFO : Avg val. time: 0.0 hours, 0.0 minutes, 0.3376809859275818 seconds
2025-03-06 00:02:32,659 | INFO : Avg val. time: 0.0 hours, 0.0 minutes, 0.3376809859275818 seconds
2025-03-06 00:02:32,659 | INFO : Avg val. time: 0.0 hours, 0.0 minutes, 0.3376809859275818 seconds
2025-03-06 00:02:32,661 | INFO : Avg batch val. time: 0.008442024648189545 seconds
2025-03-06 00:02:32,661 | INFO : Avg batch val. time: 0.008442024648189545 seconds
2025-03-06 00:02:32,661 | INFO : Avg batch val. time: 0.008442024648189545 seconds
2025-03-06 00:02:32,661 | INFO : Avg batch val. time: 0.008442024648189545 seconds
2025-03-06 00:02:32,661 | INFO : Avg batch val. time: 0.008442024648189545 seconds
2025-03-06 00:02:32,661 | INFO : Avg batch val. time: 0.008442024648189545 seconds
2025-03-06 00:02:32,661 | INFO : Avg batch val. time: 0.008442024648189545 seconds
2025-03-06 00:02:32,661 | INFO : Avg batch val. time: 0.008442024648189545 seconds
2025-03-06 00:02:32,662 | INFO : Avg sample val. time: 0.008442024648189545 seconds
2025-03-06 00:02:32,662 | INFO : Avg sample val. time: 0.008442024648189545 seconds
2025-03-06 00:02:32,662 | INFO : Avg sample val. time: 0.008442024648189545 seconds
2025-03-06 00:02:32,662 | INFO : Avg sample val. time: 0.008442024648189545 seconds
2025-03-06 00:02:32,662 | INFO : Avg sample val. time: 0.008442024648189545 seconds
2025-03-06 00:02:32,662 | INFO : Avg sample val. time: 0.008442024648189545 seconds
2025-03-06 00:02:32,662 | INFO : Avg sample val. time: 0.008442024648189545 seconds
2025-03-06 00:02:32,662 | INFO : Avg sample val. time: 0.008442024648189545 seconds
2025-03-06 00:02:32,664 | INFO : Epoch 99 Validation Summary: epoch: 99.000000 | loss: 0.070143 | 
2025-03-06 00:02:32,664 | INFO : Epoch 99 Validation Summary: epoch: 99.000000 | loss: 0.070143 | 
2025-03-06 00:02:32,664 | INFO : Epoch 99 Validation Summary: epoch: 99.000000 | loss: 0.070143 | 
2025-03-06 00:02:32,664 | INFO : Epoch 99 Validation Summary: epoch: 99.000000 | loss: 0.070143 | 
2025-03-06 00:02:32,664 | INFO : Epoch 99 Validation Summary: epoch: 99.000000 | loss: 0.070143 | 
2025-03-06 00:02:32,664 | INFO : Epoch 99 Validation Summary: epoch: 99.000000 | loss: 0.070143 | 
2025-03-06 00:02:32,664 | INFO : Epoch 99 Validation Summary: epoch: 99.000000 | loss: 0.070143 | 
2025-03-06 00:02:32,664 | INFO : Epoch 99 Validation Summary: epoch: 99.000000 | loss: 0.070143 | 
2025-03-06 00:03:39,530 | INFO : train_ds length: 40, valid_ds length: 40
2025-03-06 00:03:39,530 | INFO : train_ds length: 40, valid_ds length: 40
2025-03-06 00:03:39,530 | INFO : train_ds length: 40, valid_ds length: 40
2025-03-06 00:03:39,530 | INFO : train_ds length: 40, valid_ds length: 40
2025-03-06 00:03:39,530 | INFO : train_ds length: 40, valid_ds length: 40
2025-03-06 00:03:39,530 | INFO : train_ds length: 40, valid_ds length: 40
2025-03-06 00:03:39,530 | INFO : train_ds length: 40, valid_ds length: 40
2025-03-06 00:03:39,530 | INFO : train_ds length: 40, valid_ds length: 40
2025-03-06 00:03:39,543 | INFO : {'output_dims': 320, 'feat_dim': 6, 'max_len': 100, 'device': 'cpu'}
2025-03-06 00:03:39,543 | INFO : {'output_dims': 320, 'feat_dim': 6, 'max_len': 100, 'device': 'cpu'}
2025-03-06 00:03:39,543 | INFO : {'output_dims': 320, 'feat_dim': 6, 'max_len': 100, 'device': 'cpu'}
2025-03-06 00:03:39,543 | INFO : {'output_dims': 320, 'feat_dim': 6, 'max_len': 100, 'device': 'cpu'}
2025-03-06 00:03:39,543 | INFO : {'output_dims': 320, 'feat_dim': 6, 'max_len': 100, 'device': 'cpu'}
2025-03-06 00:03:39,543 | INFO : {'output_dims': 320, 'feat_dim': 6, 'max_len': 100, 'device': 'cpu'}
2025-03-06 00:03:39,543 | INFO : {'output_dims': 320, 'feat_dim': 6, 'max_len': 100, 'device': 'cpu'}
2025-03-06 00:03:39,543 | INFO : {'output_dims': 320, 'feat_dim': 6, 'max_len': 100, 'device': 'cpu'}
2025-03-06 00:03:39,545 | INFO : CSL(
  (shapelets_euclidean): ShapeletsDistBlocks(
    (blocks): ModuleList(
      (0-7): 8 x MinEuclideanDistBlock()
    )
  )
  (shapelets_cosine): ShapeletsDistBlocks(
    (blocks): ModuleList(
      (0-7): 8 x MaxCosineSimilarityBlock(
        (relu): ReLU()
      )
    )
  )
  (shapelets_cross_correlation): ShapeletsDistBlocks(
    (blocks): ModuleList(
      (0): MaxCrossCorrelationBlock(
        (shapelets): Conv1d(6, 14, kernel_size=(10,), stride=(1,))
      )
      (1): MaxCrossCorrelationBlock(
        (shapelets): Conv1d(6, 14, kernel_size=(20,), stride=(1,))
      )
      (2): MaxCrossCorrelationBlock(
        (shapelets): Conv1d(6, 14, kernel_size=(30,), stride=(1,))
      )
      (3): MaxCrossCorrelationBlock(
        (shapelets): Conv1d(6, 14, kernel_size=(40,), stride=(1,))
      )
      (4): MaxCrossCorrelationBlock(
        (shapelets): Conv1d(6, 14, kernel_size=(50,), stride=(1,))
      )
      (5): MaxCrossCorrelationBlock(
        (shapelets): Conv1d(6, 14, kernel_size=(60,), stride=(1,))
      )
      (6): MaxCrossCorrelationBlock(
        (shapelets): Conv1d(6, 14, kernel_size=(70,), stride=(1,))
      )
      (7): MaxCrossCorrelationBlock(
        (shapelets): Conv1d(6, 14, kernel_size=(80,), stride=(1,))
      )
    )
  )
  (linear): Linear(in_features=320, out_features=2, bias=True)
  (projection): Sequential(
    (0): BatchNorm1d(320, eps=1e-05, momentum=0.1, affine=True, track_running_stats=True)
  )
  (bn1): BatchNorm1d(104, eps=1e-05, momentum=0.1, affine=True, track_running_stats=True)
  (bn2): BatchNorm1d(104, eps=1e-05, momentum=0.1, affine=True, track_running_stats=True)
  (bn3): BatchNorm1d(112, eps=1e-05, momentum=0.1, affine=True, track_running_stats=True)
  (projection2): Sequential(
    (0): Linear(in_features=320, out_features=256, bias=True)
    (1): ReLU()
    (2): Linear(in_features=256, out_features=128, bias=True)
  )
)
2025-03-06 00:03:39,545 | INFO : CSL(
  (shapelets_euclidean): ShapeletsDistBlocks(
    (blocks): ModuleList(
      (0-7): 8 x MinEuclideanDistBlock()
    )
  )
  (shapelets_cosine): ShapeletsDistBlocks(
    (blocks): ModuleList(
      (0-7): 8 x MaxCosineSimilarityBlock(
        (relu): ReLU()
      )
    )
  )
  (shapelets_cross_correlation): ShapeletsDistBlocks(
    (blocks): ModuleList(
      (0): MaxCrossCorrelationBlock(
        (shapelets): Conv1d(6, 14, kernel_size=(10,), stride=(1,))
      )
      (1): MaxCrossCorrelationBlock(
        (shapelets): Conv1d(6, 14, kernel_size=(20,), stride=(1,))
      )
      (2): MaxCrossCorrelationBlock(
        (shapelets): Conv1d(6, 14, kernel_size=(30,), stride=(1,))
      )
      (3): MaxCrossCorrelationBlock(
        (shapelets): Conv1d(6, 14, kernel_size=(40,), stride=(1,))
      )
      (4): MaxCrossCorrelationBlock(
        (shapelets): Conv1d(6, 14, kernel_size=(50,), stride=(1,))
      )
      (5): MaxCrossCorrelationBlock(
        (shapelets): Conv1d(6, 14, kernel_size=(60,), stride=(1,))
      )
      (6): MaxCrossCorrelationBlock(
        (shapelets): Conv1d(6, 14, kernel_size=(70,), stride=(1,))
      )
      (7): MaxCrossCorrelationBlock(
        (shapelets): Conv1d(6, 14, kernel_size=(80,), stride=(1,))
      )
    )
  )
  (linear): Linear(in_features=320, out_features=2, bias=True)
  (projection): Sequential(
    (0): BatchNorm1d(320, eps=1e-05, momentum=0.1, affine=True, track_running_stats=True)
  )
  (bn1): BatchNorm1d(104, eps=1e-05, momentum=0.1, affine=True, track_running_stats=True)
  (bn2): BatchNorm1d(104, eps=1e-05, momentum=0.1, affine=True, track_running_stats=True)
  (bn3): BatchNorm1d(112, eps=1e-05, momentum=0.1, affine=True, track_running_stats=True)
  (projection2): Sequential(
    (0): Linear(in_features=320, out_features=256, bias=True)
    (1): ReLU()
    (2): Linear(in_features=256, out_features=128, bias=True)
  )
)
2025-03-06 00:03:39,545 | INFO : CSL(
  (shapelets_euclidean): ShapeletsDistBlocks(
    (blocks): ModuleList(
      (0-7): 8 x MinEuclideanDistBlock()
    )
  )
  (shapelets_cosine): ShapeletsDistBlocks(
    (blocks): ModuleList(
      (0-7): 8 x MaxCosineSimilarityBlock(
        (relu): ReLU()
      )
    )
  )
  (shapelets_cross_correlation): ShapeletsDistBlocks(
    (blocks): ModuleList(
      (0): MaxCrossCorrelationBlock(
        (shapelets): Conv1d(6, 14, kernel_size=(10,), stride=(1,))
      )
      (1): MaxCrossCorrelationBlock(
        (shapelets): Conv1d(6, 14, kernel_size=(20,), stride=(1,))
      )
      (2): MaxCrossCorrelationBlock(
        (shapelets): Conv1d(6, 14, kernel_size=(30,), stride=(1,))
      )
      (3): MaxCrossCorrelationBlock(
        (shapelets): Conv1d(6, 14, kernel_size=(40,), stride=(1,))
      )
      (4): MaxCrossCorrelationBlock(
        (shapelets): Conv1d(6, 14, kernel_size=(50,), stride=(1,))
      )
      (5): MaxCrossCorrelationBlock(
        (shapelets): Conv1d(6, 14, kernel_size=(60,), stride=(1,))
      )
      (6): MaxCrossCorrelationBlock(
        (shapelets): Conv1d(6, 14, kernel_size=(70,), stride=(1,))
      )
      (7): MaxCrossCorrelationBlock(
        (shapelets): Conv1d(6, 14, kernel_size=(80,), stride=(1,))
      )
    )
  )
  (linear): Linear(in_features=320, out_features=2, bias=True)
  (projection): Sequential(
    (0): BatchNorm1d(320, eps=1e-05, momentum=0.1, affine=True, track_running_stats=True)
  )
  (bn1): BatchNorm1d(104, eps=1e-05, momentum=0.1, affine=True, track_running_stats=True)
  (bn2): BatchNorm1d(104, eps=1e-05, momentum=0.1, affine=True, track_running_stats=True)
  (bn3): BatchNorm1d(112, eps=1e-05, momentum=0.1, affine=True, track_running_stats=True)
  (projection2): Sequential(
    (0): Linear(in_features=320, out_features=256, bias=True)
    (1): ReLU()
    (2): Linear(in_features=256, out_features=128, bias=True)
  )
)
2025-03-06 00:03:39,545 | INFO : CSL(
  (shapelets_euclidean): ShapeletsDistBlocks(
    (blocks): ModuleList(
      (0-7): 8 x MinEuclideanDistBlock()
    )
  )
  (shapelets_cosine): ShapeletsDistBlocks(
    (blocks): ModuleList(
      (0-7): 8 x MaxCosineSimilarityBlock(
        (relu): ReLU()
      )
    )
  )
  (shapelets_cross_correlation): ShapeletsDistBlocks(
    (blocks): ModuleList(
      (0): MaxCrossCorrelationBlock(
        (shapelets): Conv1d(6, 14, kernel_size=(10,), stride=(1,))
      )
      (1): MaxCrossCorrelationBlock(
        (shapelets): Conv1d(6, 14, kernel_size=(20,), stride=(1,))
      )
      (2): MaxCrossCorrelationBlock(
        (shapelets): Conv1d(6, 14, kernel_size=(30,), stride=(1,))
      )
      (3): MaxCrossCorrelationBlock(
        (shapelets): Conv1d(6, 14, kernel_size=(40,), stride=(1,))
      )
      (4): MaxCrossCorrelationBlock(
        (shapelets): Conv1d(6, 14, kernel_size=(50,), stride=(1,))
      )
      (5): MaxCrossCorrelationBlock(
        (shapelets): Conv1d(6, 14, kernel_size=(60,), stride=(1,))
      )
      (6): MaxCrossCorrelationBlock(
        (shapelets): Conv1d(6, 14, kernel_size=(70,), stride=(1,))
      )
      (7): MaxCrossCorrelationBlock(
        (shapelets): Conv1d(6, 14, kernel_size=(80,), stride=(1,))
      )
    )
  )
  (linear): Linear(in_features=320, out_features=2, bias=True)
  (projection): Sequential(
    (0): BatchNorm1d(320, eps=1e-05, momentum=0.1, affine=True, track_running_stats=True)
  )
  (bn1): BatchNorm1d(104, eps=1e-05, momentum=0.1, affine=True, track_running_stats=True)
  (bn2): BatchNorm1d(104, eps=1e-05, momentum=0.1, affine=True, track_running_stats=True)
  (bn3): BatchNorm1d(112, eps=1e-05, momentum=0.1, affine=True, track_running_stats=True)
  (projection2): Sequential(
    (0): Linear(in_features=320, out_features=256, bias=True)
    (1): ReLU()
    (2): Linear(in_features=256, out_features=128, bias=True)
  )
)
2025-03-06 00:03:39,545 | INFO : CSL(
  (shapelets_euclidean): ShapeletsDistBlocks(
    (blocks): ModuleList(
      (0-7): 8 x MinEuclideanDistBlock()
    )
  )
  (shapelets_cosine): ShapeletsDistBlocks(
    (blocks): ModuleList(
      (0-7): 8 x MaxCosineSimilarityBlock(
        (relu): ReLU()
      )
    )
  )
  (shapelets_cross_correlation): ShapeletsDistBlocks(
    (blocks): ModuleList(
      (0): MaxCrossCorrelationBlock(
        (shapelets): Conv1d(6, 14, kernel_size=(10,), stride=(1,))
      )
      (1): MaxCrossCorrelationBlock(
        (shapelets): Conv1d(6, 14, kernel_size=(20,), stride=(1,))
      )
      (2): MaxCrossCorrelationBlock(
        (shapelets): Conv1d(6, 14, kernel_size=(30,), stride=(1,))
      )
      (3): MaxCrossCorrelationBlock(
        (shapelets): Conv1d(6, 14, kernel_size=(40,), stride=(1,))
      )
      (4): MaxCrossCorrelationBlock(
        (shapelets): Conv1d(6, 14, kernel_size=(50,), stride=(1,))
      )
      (5): MaxCrossCorrelationBlock(
        (shapelets): Conv1d(6, 14, kernel_size=(60,), stride=(1,))
      )
      (6): MaxCrossCorrelationBlock(
        (shapelets): Conv1d(6, 14, kernel_size=(70,), stride=(1,))
      )
      (7): MaxCrossCorrelationBlock(
        (shapelets): Conv1d(6, 14, kernel_size=(80,), stride=(1,))
      )
    )
  )
  (linear): Linear(in_features=320, out_features=2, bias=True)
  (projection): Sequential(
    (0): BatchNorm1d(320, eps=1e-05, momentum=0.1, affine=True, track_running_stats=True)
  )
  (bn1): BatchNorm1d(104, eps=1e-05, momentum=0.1, affine=True, track_running_stats=True)
  (bn2): BatchNorm1d(104, eps=1e-05, momentum=0.1, affine=True, track_running_stats=True)
  (bn3): BatchNorm1d(112, eps=1e-05, momentum=0.1, affine=True, track_running_stats=True)
  (projection2): Sequential(
    (0): Linear(in_features=320, out_features=256, bias=True)
    (1): ReLU()
    (2): Linear(in_features=256, out_features=128, bias=True)
  )
)
2025-03-06 00:03:39,545 | INFO : CSL(
  (shapelets_euclidean): ShapeletsDistBlocks(
    (blocks): ModuleList(
      (0-7): 8 x MinEuclideanDistBlock()
    )
  )
  (shapelets_cosine): ShapeletsDistBlocks(
    (blocks): ModuleList(
      (0-7): 8 x MaxCosineSimilarityBlock(
        (relu): ReLU()
      )
    )
  )
  (shapelets_cross_correlation): ShapeletsDistBlocks(
    (blocks): ModuleList(
      (0): MaxCrossCorrelationBlock(
        (shapelets): Conv1d(6, 14, kernel_size=(10,), stride=(1,))
      )
      (1): MaxCrossCorrelationBlock(
        (shapelets): Conv1d(6, 14, kernel_size=(20,), stride=(1,))
      )
      (2): MaxCrossCorrelationBlock(
        (shapelets): Conv1d(6, 14, kernel_size=(30,), stride=(1,))
      )
      (3): MaxCrossCorrelationBlock(
        (shapelets): Conv1d(6, 14, kernel_size=(40,), stride=(1,))
      )
      (4): MaxCrossCorrelationBlock(
        (shapelets): Conv1d(6, 14, kernel_size=(50,), stride=(1,))
      )
      (5): MaxCrossCorrelationBlock(
        (shapelets): Conv1d(6, 14, kernel_size=(60,), stride=(1,))
      )
      (6): MaxCrossCorrelationBlock(
        (shapelets): Conv1d(6, 14, kernel_size=(70,), stride=(1,))
      )
      (7): MaxCrossCorrelationBlock(
        (shapelets): Conv1d(6, 14, kernel_size=(80,), stride=(1,))
      )
    )
  )
  (linear): Linear(in_features=320, out_features=2, bias=True)
  (projection): Sequential(
    (0): BatchNorm1d(320, eps=1e-05, momentum=0.1, affine=True, track_running_stats=True)
  )
  (bn1): BatchNorm1d(104, eps=1e-05, momentum=0.1, affine=True, track_running_stats=True)
  (bn2): BatchNorm1d(104, eps=1e-05, momentum=0.1, affine=True, track_running_stats=True)
  (bn3): BatchNorm1d(112, eps=1e-05, momentum=0.1, affine=True, track_running_stats=True)
  (projection2): Sequential(
    (0): Linear(in_features=320, out_features=256, bias=True)
    (1): ReLU()
    (2): Linear(in_features=256, out_features=128, bias=True)
  )
)
2025-03-06 00:03:39,545 | INFO : CSL(
  (shapelets_euclidean): ShapeletsDistBlocks(
    (blocks): ModuleList(
      (0-7): 8 x MinEuclideanDistBlock()
    )
  )
  (shapelets_cosine): ShapeletsDistBlocks(
    (blocks): ModuleList(
      (0-7): 8 x MaxCosineSimilarityBlock(
        (relu): ReLU()
      )
    )
  )
  (shapelets_cross_correlation): ShapeletsDistBlocks(
    (blocks): ModuleList(
      (0): MaxCrossCorrelationBlock(
        (shapelets): Conv1d(6, 14, kernel_size=(10,), stride=(1,))
      )
      (1): MaxCrossCorrelationBlock(
        (shapelets): Conv1d(6, 14, kernel_size=(20,), stride=(1,))
      )
      (2): MaxCrossCorrelationBlock(
        (shapelets): Conv1d(6, 14, kernel_size=(30,), stride=(1,))
      )
      (3): MaxCrossCorrelationBlock(
        (shapelets): Conv1d(6, 14, kernel_size=(40,), stride=(1,))
      )
      (4): MaxCrossCorrelationBlock(
        (shapelets): Conv1d(6, 14, kernel_size=(50,), stride=(1,))
      )
      (5): MaxCrossCorrelationBlock(
        (shapelets): Conv1d(6, 14, kernel_size=(60,), stride=(1,))
      )
      (6): MaxCrossCorrelationBlock(
        (shapelets): Conv1d(6, 14, kernel_size=(70,), stride=(1,))
      )
      (7): MaxCrossCorrelationBlock(
        (shapelets): Conv1d(6, 14, kernel_size=(80,), stride=(1,))
      )
    )
  )
  (linear): Linear(in_features=320, out_features=2, bias=True)
  (projection): Sequential(
    (0): BatchNorm1d(320, eps=1e-05, momentum=0.1, affine=True, track_running_stats=True)
  )
  (bn1): BatchNorm1d(104, eps=1e-05, momentum=0.1, affine=True, track_running_stats=True)
  (bn2): BatchNorm1d(104, eps=1e-05, momentum=0.1, affine=True, track_running_stats=True)
  (bn3): BatchNorm1d(112, eps=1e-05, momentum=0.1, affine=True, track_running_stats=True)
  (projection2): Sequential(
    (0): Linear(in_features=320, out_features=256, bias=True)
    (1): ReLU()
    (2): Linear(in_features=256, out_features=128, bias=True)
  )
)
2025-03-06 00:03:39,545 | INFO : CSL(
  (shapelets_euclidean): ShapeletsDistBlocks(
    (blocks): ModuleList(
      (0-7): 8 x MinEuclideanDistBlock()
    )
  )
  (shapelets_cosine): ShapeletsDistBlocks(
    (blocks): ModuleList(
      (0-7): 8 x MaxCosineSimilarityBlock(
        (relu): ReLU()
      )
    )
  )
  (shapelets_cross_correlation): ShapeletsDistBlocks(
    (blocks): ModuleList(
      (0): MaxCrossCorrelationBlock(
        (shapelets): Conv1d(6, 14, kernel_size=(10,), stride=(1,))
      )
      (1): MaxCrossCorrelationBlock(
        (shapelets): Conv1d(6, 14, kernel_size=(20,), stride=(1,))
      )
      (2): MaxCrossCorrelationBlock(
        (shapelets): Conv1d(6, 14, kernel_size=(30,), stride=(1,))
      )
      (3): MaxCrossCorrelationBlock(
        (shapelets): Conv1d(6, 14, kernel_size=(40,), stride=(1,))
      )
      (4): MaxCrossCorrelationBlock(
        (shapelets): Conv1d(6, 14, kernel_size=(50,), stride=(1,))
      )
      (5): MaxCrossCorrelationBlock(
        (shapelets): Conv1d(6, 14, kernel_size=(60,), stride=(1,))
      )
      (6): MaxCrossCorrelationBlock(
        (shapelets): Conv1d(6, 14, kernel_size=(70,), stride=(1,))
      )
      (7): MaxCrossCorrelationBlock(
        (shapelets): Conv1d(6, 14, kernel_size=(80,), stride=(1,))
      )
    )
  )
  (linear): Linear(in_features=320, out_features=2, bias=True)
  (projection): Sequential(
    (0): BatchNorm1d(320, eps=1e-05, momentum=0.1, affine=True, track_running_stats=True)
  )
  (bn1): BatchNorm1d(104, eps=1e-05, momentum=0.1, affine=True, track_running_stats=True)
  (bn2): BatchNorm1d(104, eps=1e-05, momentum=0.1, affine=True, track_running_stats=True)
  (bn3): BatchNorm1d(112, eps=1e-05, momentum=0.1, affine=True, track_running_stats=True)
  (projection2): Sequential(
    (0): Linear(in_features=320, out_features=256, bias=True)
    (1): ReLU()
    (2): Linear(in_features=256, out_features=128, bias=True)
  )
)
2025-03-06 00:03:42,090 | INFO : Evaluating on validation set ...
2025-03-06 00:03:42,090 | INFO : Evaluating on validation set ...
2025-03-06 00:03:42,090 | INFO : Evaluating on validation set ...
2025-03-06 00:03:42,090 | INFO : Evaluating on validation set ...
2025-03-06 00:03:42,090 | INFO : Evaluating on validation set ...
2025-03-06 00:03:42,090 | INFO : Evaluating on validation set ...
2025-03-06 00:03:42,090 | INFO : Evaluating on validation set ...
2025-03-06 00:03:42,090 | INFO : Evaluating on validation set ...
2025-03-06 00:03:43,290 | INFO : Validation runtime: 0.0 hours, 0.0 minutes, 1.1977033615112305 seconds

2025-03-06 00:03:43,290 | INFO : Validation runtime: 0.0 hours, 0.0 minutes, 1.1977033615112305 seconds

2025-03-06 00:03:43,290 | INFO : Validation runtime: 0.0 hours, 0.0 minutes, 1.1977033615112305 seconds

2025-03-06 00:03:43,290 | INFO : Validation runtime: 0.0 hours, 0.0 minutes, 1.1977033615112305 seconds

2025-03-06 00:03:43,290 | INFO : Validation runtime: 0.0 hours, 0.0 minutes, 1.1977033615112305 seconds

2025-03-06 00:03:43,290 | INFO : Validation runtime: 0.0 hours, 0.0 minutes, 1.1977033615112305 seconds

2025-03-06 00:03:43,290 | INFO : Validation runtime: 0.0 hours, 0.0 minutes, 1.1977033615112305 seconds

2025-03-06 00:03:43,290 | INFO : Validation runtime: 0.0 hours, 0.0 minutes, 1.1977033615112305 seconds

2025-03-06 00:03:43,291 | INFO : Avg val. time: 0.0 hours, 0.0 minutes, 1.1977033615112305 seconds
2025-03-06 00:03:43,291 | INFO : Avg val. time: 0.0 hours, 0.0 minutes, 1.1977033615112305 seconds
2025-03-06 00:03:43,291 | INFO : Avg val. time: 0.0 hours, 0.0 minutes, 1.1977033615112305 seconds
2025-03-06 00:03:43,291 | INFO : Avg val. time: 0.0 hours, 0.0 minutes, 1.1977033615112305 seconds
2025-03-06 00:03:43,291 | INFO : Avg val. time: 0.0 hours, 0.0 minutes, 1.1977033615112305 seconds
2025-03-06 00:03:43,291 | INFO : Avg val. time: 0.0 hours, 0.0 minutes, 1.1977033615112305 seconds
2025-03-06 00:03:43,291 | INFO : Avg val. time: 0.0 hours, 0.0 minutes, 1.1977033615112305 seconds
2025-03-06 00:03:43,291 | INFO : Avg val. time: 0.0 hours, 0.0 minutes, 1.1977033615112305 seconds
2025-03-06 00:03:43,309 | INFO : Avg batch val. time: 0.029942584037780762 seconds
2025-03-06 00:03:43,309 | INFO : Avg batch val. time: 0.029942584037780762 seconds
2025-03-06 00:03:43,309 | INFO : Avg batch val. time: 0.029942584037780762 seconds
2025-03-06 00:03:43,309 | INFO : Avg batch val. time: 0.029942584037780762 seconds
2025-03-06 00:03:43,309 | INFO : Avg batch val. time: 0.029942584037780762 seconds
2025-03-06 00:03:43,309 | INFO : Avg batch val. time: 0.029942584037780762 seconds
2025-03-06 00:03:43,309 | INFO : Avg batch val. time: 0.029942584037780762 seconds
2025-03-06 00:03:43,309 | INFO : Avg batch val. time: 0.029942584037780762 seconds
2025-03-06 00:03:43,310 | INFO : Avg sample val. time: 0.029942584037780762 seconds
2025-03-06 00:03:43,310 | INFO : Avg sample val. time: 0.029942584037780762 seconds
2025-03-06 00:03:43,310 | INFO : Avg sample val. time: 0.029942584037780762 seconds
2025-03-06 00:03:43,310 | INFO : Avg sample val. time: 0.029942584037780762 seconds
2025-03-06 00:03:43,310 | INFO : Avg sample val. time: 0.029942584037780762 seconds
2025-03-06 00:03:43,310 | INFO : Avg sample val. time: 0.029942584037780762 seconds
2025-03-06 00:03:43,310 | INFO : Avg sample val. time: 0.029942584037780762 seconds
2025-03-06 00:03:43,310 | INFO : Avg sample val. time: 0.029942584037780762 seconds
2025-03-06 00:03:43,312 | INFO : Epoch 0 Validation Summary: epoch: 0.000000 | loss: 0.051363 | 
2025-03-06 00:03:43,312 | INFO : Epoch 0 Validation Summary: epoch: 0.000000 | loss: 0.051363 | 
2025-03-06 00:03:43,312 | INFO : Epoch 0 Validation Summary: epoch: 0.000000 | loss: 0.051363 | 
2025-03-06 00:03:43,312 | INFO : Epoch 0 Validation Summary: epoch: 0.000000 | loss: 0.051363 | 
2025-03-06 00:03:43,312 | INFO : Epoch 0 Validation Summary: epoch: 0.000000 | loss: 0.051363 | 
2025-03-06 00:03:43,312 | INFO : Epoch 0 Validation Summary: epoch: 0.000000 | loss: 0.051363 | 
2025-03-06 00:03:43,312 | INFO : Epoch 0 Validation Summary: epoch: 0.000000 | loss: 0.051363 | 
2025-03-06 00:03:43,312 | INFO : Epoch 0 Validation Summary: epoch: 0.000000 | loss: 0.051363 | 
2025-03-06 00:03:45,814 | INFO : Evaluating on validation set ...
2025-03-06 00:03:45,814 | INFO : Evaluating on validation set ...
2025-03-06 00:03:45,814 | INFO : Evaluating on validation set ...
2025-03-06 00:03:45,814 | INFO : Evaluating on validation set ...
2025-03-06 00:03:45,814 | INFO : Evaluating on validation set ...
2025-03-06 00:03:45,814 | INFO : Evaluating on validation set ...
2025-03-06 00:03:45,814 | INFO : Evaluating on validation set ...
2025-03-06 00:03:45,814 | INFO : Evaluating on validation set ...
2025-03-06 00:03:46,924 | INFO : Validation runtime: 0.0 hours, 0.0 minutes, 1.1077687740325928 seconds

2025-03-06 00:03:46,924 | INFO : Validation runtime: 0.0 hours, 0.0 minutes, 1.1077687740325928 seconds

2025-03-06 00:03:46,924 | INFO : Validation runtime: 0.0 hours, 0.0 minutes, 1.1077687740325928 seconds

2025-03-06 00:03:46,924 | INFO : Validation runtime: 0.0 hours, 0.0 minutes, 1.1077687740325928 seconds

2025-03-06 00:03:46,924 | INFO : Validation runtime: 0.0 hours, 0.0 minutes, 1.1077687740325928 seconds

2025-03-06 00:03:46,924 | INFO : Validation runtime: 0.0 hours, 0.0 minutes, 1.1077687740325928 seconds

2025-03-06 00:03:46,924 | INFO : Validation runtime: 0.0 hours, 0.0 minutes, 1.1077687740325928 seconds

2025-03-06 00:03:46,924 | INFO : Validation runtime: 0.0 hours, 0.0 minutes, 1.1077687740325928 seconds

2025-03-06 00:03:46,939 | INFO : Avg val. time: 0.0 hours, 0.0 minutes, 1.1527360677719116 seconds
2025-03-06 00:03:46,939 | INFO : Avg val. time: 0.0 hours, 0.0 minutes, 1.1527360677719116 seconds
2025-03-06 00:03:46,939 | INFO : Avg val. time: 0.0 hours, 0.0 minutes, 1.1527360677719116 seconds
2025-03-06 00:03:46,939 | INFO : Avg val. time: 0.0 hours, 0.0 minutes, 1.1527360677719116 seconds
2025-03-06 00:03:46,939 | INFO : Avg val. time: 0.0 hours, 0.0 minutes, 1.1527360677719116 seconds
2025-03-06 00:03:46,939 | INFO : Avg val. time: 0.0 hours, 0.0 minutes, 1.1527360677719116 seconds
2025-03-06 00:03:46,939 | INFO : Avg val. time: 0.0 hours, 0.0 minutes, 1.1527360677719116 seconds
2025-03-06 00:03:46,939 | INFO : Avg val. time: 0.0 hours, 0.0 minutes, 1.1527360677719116 seconds
2025-03-06 00:03:46,943 | INFO : Avg batch val. time: 0.02881840169429779 seconds
2025-03-06 00:03:46,943 | INFO : Avg batch val. time: 0.02881840169429779 seconds
2025-03-06 00:03:46,943 | INFO : Avg batch val. time: 0.02881840169429779 seconds
2025-03-06 00:03:46,943 | INFO : Avg batch val. time: 0.02881840169429779 seconds
2025-03-06 00:03:46,943 | INFO : Avg batch val. time: 0.02881840169429779 seconds
2025-03-06 00:03:46,943 | INFO : Avg batch val. time: 0.02881840169429779 seconds
2025-03-06 00:03:46,943 | INFO : Avg batch val. time: 0.02881840169429779 seconds
2025-03-06 00:03:46,943 | INFO : Avg batch val. time: 0.02881840169429779 seconds
2025-03-06 00:03:46,950 | INFO : Avg sample val. time: 0.02881840169429779 seconds
2025-03-06 00:03:46,950 | INFO : Avg sample val. time: 0.02881840169429779 seconds
2025-03-06 00:03:46,950 | INFO : Avg sample val. time: 0.02881840169429779 seconds
2025-03-06 00:03:46,950 | INFO : Avg sample val. time: 0.02881840169429779 seconds
2025-03-06 00:03:46,950 | INFO : Avg sample val. time: 0.02881840169429779 seconds
2025-03-06 00:03:46,950 | INFO : Avg sample val. time: 0.02881840169429779 seconds
2025-03-06 00:03:46,950 | INFO : Avg sample val. time: 0.02881840169429779 seconds
2025-03-06 00:03:46,950 | INFO : Avg sample val. time: 0.02881840169429779 seconds
2025-03-06 00:03:46,957 | INFO : Epoch 1 Validation Summary: epoch: 1.000000 | loss: 0.051174 | 
2025-03-06 00:03:46,957 | INFO : Epoch 1 Validation Summary: epoch: 1.000000 | loss: 0.051174 | 
2025-03-06 00:03:46,957 | INFO : Epoch 1 Validation Summary: epoch: 1.000000 | loss: 0.051174 | 
2025-03-06 00:03:46,957 | INFO : Epoch 1 Validation Summary: epoch: 1.000000 | loss: 0.051174 | 
2025-03-06 00:03:46,957 | INFO : Epoch 1 Validation Summary: epoch: 1.000000 | loss: 0.051174 | 
2025-03-06 00:03:46,957 | INFO : Epoch 1 Validation Summary: epoch: 1.000000 | loss: 0.051174 | 
2025-03-06 00:03:46,957 | INFO : Epoch 1 Validation Summary: epoch: 1.000000 | loss: 0.051174 | 
2025-03-06 00:03:46,957 | INFO : Epoch 1 Validation Summary: epoch: 1.000000 | loss: 0.051174 | 
2025-03-06 00:03:49,487 | INFO : Evaluating on validation set ...
2025-03-06 00:03:49,487 | INFO : Evaluating on validation set ...
2025-03-06 00:03:49,487 | INFO : Evaluating on validation set ...
2025-03-06 00:03:49,487 | INFO : Evaluating on validation set ...
2025-03-06 00:03:49,487 | INFO : Evaluating on validation set ...
2025-03-06 00:03:49,487 | INFO : Evaluating on validation set ...
2025-03-06 00:03:49,487 | INFO : Evaluating on validation set ...
2025-03-06 00:03:49,487 | INFO : Evaluating on validation set ...
2025-03-06 00:03:50,629 | INFO : Validation runtime: 0.0 hours, 0.0 minutes, 1.1398041248321533 seconds

2025-03-06 00:03:50,629 | INFO : Validation runtime: 0.0 hours, 0.0 minutes, 1.1398041248321533 seconds

2025-03-06 00:03:50,629 | INFO : Validation runtime: 0.0 hours, 0.0 minutes, 1.1398041248321533 seconds

2025-03-06 00:03:50,629 | INFO : Validation runtime: 0.0 hours, 0.0 minutes, 1.1398041248321533 seconds

2025-03-06 00:03:50,629 | INFO : Validation runtime: 0.0 hours, 0.0 minutes, 1.1398041248321533 seconds

2025-03-06 00:03:50,629 | INFO : Validation runtime: 0.0 hours, 0.0 minutes, 1.1398041248321533 seconds

2025-03-06 00:03:50,629 | INFO : Validation runtime: 0.0 hours, 0.0 minutes, 1.1398041248321533 seconds

2025-03-06 00:03:50,629 | INFO : Validation runtime: 0.0 hours, 0.0 minutes, 1.1398041248321533 seconds

2025-03-06 00:03:50,634 | INFO : Avg val. time: 0.0 hours, 0.0 minutes, 1.1484254201253254 seconds
2025-03-06 00:03:50,634 | INFO : Avg val. time: 0.0 hours, 0.0 minutes, 1.1484254201253254 seconds
2025-03-06 00:03:50,634 | INFO : Avg val. time: 0.0 hours, 0.0 minutes, 1.1484254201253254 seconds
2025-03-06 00:03:50,634 | INFO : Avg val. time: 0.0 hours, 0.0 minutes, 1.1484254201253254 seconds
2025-03-06 00:03:50,634 | INFO : Avg val. time: 0.0 hours, 0.0 minutes, 1.1484254201253254 seconds
2025-03-06 00:03:50,634 | INFO : Avg val. time: 0.0 hours, 0.0 minutes, 1.1484254201253254 seconds
2025-03-06 00:03:50,634 | INFO : Avg val. time: 0.0 hours, 0.0 minutes, 1.1484254201253254 seconds
2025-03-06 00:03:50,634 | INFO : Avg val. time: 0.0 hours, 0.0 minutes, 1.1484254201253254 seconds
2025-03-06 00:03:50,637 | INFO : Avg batch val. time: 0.028710635503133138 seconds
2025-03-06 00:03:50,637 | INFO : Avg batch val. time: 0.028710635503133138 seconds
2025-03-06 00:03:50,637 | INFO : Avg batch val. time: 0.028710635503133138 seconds
2025-03-06 00:03:50,637 | INFO : Avg batch val. time: 0.028710635503133138 seconds
2025-03-06 00:03:50,637 | INFO : Avg batch val. time: 0.028710635503133138 seconds
2025-03-06 00:03:50,637 | INFO : Avg batch val. time: 0.028710635503133138 seconds
2025-03-06 00:03:50,637 | INFO : Avg batch val. time: 0.028710635503133138 seconds
2025-03-06 00:03:50,637 | INFO : Avg batch val. time: 0.028710635503133138 seconds
2025-03-06 00:03:50,641 | INFO : Avg sample val. time: 0.028710635503133138 seconds
2025-03-06 00:03:50,641 | INFO : Avg sample val. time: 0.028710635503133138 seconds
2025-03-06 00:03:50,641 | INFO : Avg sample val. time: 0.028710635503133138 seconds
2025-03-06 00:03:50,641 | INFO : Avg sample val. time: 0.028710635503133138 seconds
2025-03-06 00:03:50,641 | INFO : Avg sample val. time: 0.028710635503133138 seconds
2025-03-06 00:03:50,641 | INFO : Avg sample val. time: 0.028710635503133138 seconds
2025-03-06 00:03:50,641 | INFO : Avg sample val. time: 0.028710635503133138 seconds
2025-03-06 00:03:50,641 | INFO : Avg sample val. time: 0.028710635503133138 seconds
2025-03-06 00:03:50,644 | INFO : Epoch 2 Validation Summary: epoch: 2.000000 | loss: 0.052436 | 
2025-03-06 00:03:50,644 | INFO : Epoch 2 Validation Summary: epoch: 2.000000 | loss: 0.052436 | 
2025-03-06 00:03:50,644 | INFO : Epoch 2 Validation Summary: epoch: 2.000000 | loss: 0.052436 | 
2025-03-06 00:03:50,644 | INFO : Epoch 2 Validation Summary: epoch: 2.000000 | loss: 0.052436 | 
2025-03-06 00:03:50,644 | INFO : Epoch 2 Validation Summary: epoch: 2.000000 | loss: 0.052436 | 
2025-03-06 00:03:50,644 | INFO : Epoch 2 Validation Summary: epoch: 2.000000 | loss: 0.052436 | 
2025-03-06 00:03:50,644 | INFO : Epoch 2 Validation Summary: epoch: 2.000000 | loss: 0.052436 | 
2025-03-06 00:03:50,644 | INFO : Epoch 2 Validation Summary: epoch: 2.000000 | loss: 0.052436 | 
2025-03-06 00:03:53,178 | INFO : Evaluating on validation set ...
2025-03-06 00:03:53,178 | INFO : Evaluating on validation set ...
2025-03-06 00:03:53,178 | INFO : Evaluating on validation set ...
2025-03-06 00:03:53,178 | INFO : Evaluating on validation set ...
2025-03-06 00:03:53,178 | INFO : Evaluating on validation set ...
2025-03-06 00:03:53,178 | INFO : Evaluating on validation set ...
2025-03-06 00:03:53,178 | INFO : Evaluating on validation set ...
2025-03-06 00:03:53,178 | INFO : Evaluating on validation set ...
2025-03-06 00:03:54,247 | INFO : Validation runtime: 0.0 hours, 0.0 minutes, 1.0661771297454834 seconds

2025-03-06 00:03:54,247 | INFO : Validation runtime: 0.0 hours, 0.0 minutes, 1.0661771297454834 seconds

2025-03-06 00:03:54,247 | INFO : Validation runtime: 0.0 hours, 0.0 minutes, 1.0661771297454834 seconds

2025-03-06 00:03:54,247 | INFO : Validation runtime: 0.0 hours, 0.0 minutes, 1.0661771297454834 seconds

2025-03-06 00:03:54,247 | INFO : Validation runtime: 0.0 hours, 0.0 minutes, 1.0661771297454834 seconds

2025-03-06 00:03:54,247 | INFO : Validation runtime: 0.0 hours, 0.0 minutes, 1.0661771297454834 seconds

2025-03-06 00:03:54,247 | INFO : Validation runtime: 0.0 hours, 0.0 minutes, 1.0661771297454834 seconds

2025-03-06 00:03:54,247 | INFO : Validation runtime: 0.0 hours, 0.0 minutes, 1.0661771297454834 seconds

2025-03-06 00:03:54,250 | INFO : Avg val. time: 0.0 hours, 0.0 minutes, 1.127863347530365 seconds
2025-03-06 00:03:54,250 | INFO : Avg val. time: 0.0 hours, 0.0 minutes, 1.127863347530365 seconds
2025-03-06 00:03:54,250 | INFO : Avg val. time: 0.0 hours, 0.0 minutes, 1.127863347530365 seconds
2025-03-06 00:03:54,250 | INFO : Avg val. time: 0.0 hours, 0.0 minutes, 1.127863347530365 seconds
2025-03-06 00:03:54,250 | INFO : Avg val. time: 0.0 hours, 0.0 minutes, 1.127863347530365 seconds
2025-03-06 00:03:54,250 | INFO : Avg val. time: 0.0 hours, 0.0 minutes, 1.127863347530365 seconds
2025-03-06 00:03:54,250 | INFO : Avg val. time: 0.0 hours, 0.0 minutes, 1.127863347530365 seconds
2025-03-06 00:03:54,250 | INFO : Avg val. time: 0.0 hours, 0.0 minutes, 1.127863347530365 seconds
2025-03-06 00:03:54,251 | INFO : Avg batch val. time: 0.028196583688259124 seconds
2025-03-06 00:03:54,251 | INFO : Avg batch val. time: 0.028196583688259124 seconds
2025-03-06 00:03:54,251 | INFO : Avg batch val. time: 0.028196583688259124 seconds
2025-03-06 00:03:54,251 | INFO : Avg batch val. time: 0.028196583688259124 seconds
2025-03-06 00:03:54,251 | INFO : Avg batch val. time: 0.028196583688259124 seconds
2025-03-06 00:03:54,251 | INFO : Avg batch val. time: 0.028196583688259124 seconds
2025-03-06 00:03:54,251 | INFO : Avg batch val. time: 0.028196583688259124 seconds
2025-03-06 00:03:54,251 | INFO : Avg batch val. time: 0.028196583688259124 seconds
2025-03-06 00:03:54,253 | INFO : Avg sample val. time: 0.028196583688259124 seconds
2025-03-06 00:03:54,253 | INFO : Avg sample val. time: 0.028196583688259124 seconds
2025-03-06 00:03:54,253 | INFO : Avg sample val. time: 0.028196583688259124 seconds
2025-03-06 00:03:54,253 | INFO : Avg sample val. time: 0.028196583688259124 seconds
2025-03-06 00:03:54,253 | INFO : Avg sample val. time: 0.028196583688259124 seconds
2025-03-06 00:03:54,253 | INFO : Avg sample val. time: 0.028196583688259124 seconds
2025-03-06 00:03:54,253 | INFO : Avg sample val. time: 0.028196583688259124 seconds
2025-03-06 00:03:54,253 | INFO : Avg sample val. time: 0.028196583688259124 seconds
2025-03-06 00:03:54,255 | INFO : Epoch 3 Validation Summary: epoch: 3.000000 | loss: 0.053594 | 
2025-03-06 00:03:54,255 | INFO : Epoch 3 Validation Summary: epoch: 3.000000 | loss: 0.053594 | 
2025-03-06 00:03:54,255 | INFO : Epoch 3 Validation Summary: epoch: 3.000000 | loss: 0.053594 | 
2025-03-06 00:03:54,255 | INFO : Epoch 3 Validation Summary: epoch: 3.000000 | loss: 0.053594 | 
2025-03-06 00:03:54,255 | INFO : Epoch 3 Validation Summary: epoch: 3.000000 | loss: 0.053594 | 
2025-03-06 00:03:54,255 | INFO : Epoch 3 Validation Summary: epoch: 3.000000 | loss: 0.053594 | 
2025-03-06 00:03:54,255 | INFO : Epoch 3 Validation Summary: epoch: 3.000000 | loss: 0.053594 | 
2025-03-06 00:03:54,255 | INFO : Epoch 3 Validation Summary: epoch: 3.000000 | loss: 0.053594 | 
2025-03-06 00:03:56,714 | INFO : Evaluating on validation set ...
2025-03-06 00:03:56,714 | INFO : Evaluating on validation set ...
2025-03-06 00:03:56,714 | INFO : Evaluating on validation set ...
2025-03-06 00:03:56,714 | INFO : Evaluating on validation set ...
2025-03-06 00:03:56,714 | INFO : Evaluating on validation set ...
2025-03-06 00:03:56,714 | INFO : Evaluating on validation set ...
2025-03-06 00:03:56,714 | INFO : Evaluating on validation set ...
2025-03-06 00:03:56,714 | INFO : Evaluating on validation set ...
2025-03-06 00:03:57,810 | INFO : Validation runtime: 0.0 hours, 0.0 minutes, 1.093775987625122 seconds

2025-03-06 00:03:57,810 | INFO : Validation runtime: 0.0 hours, 0.0 minutes, 1.093775987625122 seconds

2025-03-06 00:03:57,810 | INFO : Validation runtime: 0.0 hours, 0.0 minutes, 1.093775987625122 seconds

2025-03-06 00:03:57,810 | INFO : Validation runtime: 0.0 hours, 0.0 minutes, 1.093775987625122 seconds

2025-03-06 00:03:57,810 | INFO : Validation runtime: 0.0 hours, 0.0 minutes, 1.093775987625122 seconds

2025-03-06 00:03:57,810 | INFO : Validation runtime: 0.0 hours, 0.0 minutes, 1.093775987625122 seconds

2025-03-06 00:03:57,810 | INFO : Validation runtime: 0.0 hours, 0.0 minutes, 1.093775987625122 seconds

2025-03-06 00:03:57,810 | INFO : Validation runtime: 0.0 hours, 0.0 minutes, 1.093775987625122 seconds

2025-03-06 00:03:57,814 | INFO : Avg val. time: 0.0 hours, 0.0 minutes, 1.1210458755493165 seconds
2025-03-06 00:03:57,814 | INFO : Avg val. time: 0.0 hours, 0.0 minutes, 1.1210458755493165 seconds
2025-03-06 00:03:57,814 | INFO : Avg val. time: 0.0 hours, 0.0 minutes, 1.1210458755493165 seconds
2025-03-06 00:03:57,814 | INFO : Avg val. time: 0.0 hours, 0.0 minutes, 1.1210458755493165 seconds
2025-03-06 00:03:57,814 | INFO : Avg val. time: 0.0 hours, 0.0 minutes, 1.1210458755493165 seconds
2025-03-06 00:03:57,814 | INFO : Avg val. time: 0.0 hours, 0.0 minutes, 1.1210458755493165 seconds
2025-03-06 00:03:57,814 | INFO : Avg val. time: 0.0 hours, 0.0 minutes, 1.1210458755493165 seconds
2025-03-06 00:03:57,814 | INFO : Avg val. time: 0.0 hours, 0.0 minutes, 1.1210458755493165 seconds
2025-03-06 00:03:57,817 | INFO : Avg batch val. time: 0.028026146888732912 seconds
2025-03-06 00:03:57,817 | INFO : Avg batch val. time: 0.028026146888732912 seconds
2025-03-06 00:03:57,817 | INFO : Avg batch val. time: 0.028026146888732912 seconds
2025-03-06 00:03:57,817 | INFO : Avg batch val. time: 0.028026146888732912 seconds
2025-03-06 00:03:57,817 | INFO : Avg batch val. time: 0.028026146888732912 seconds
2025-03-06 00:03:57,817 | INFO : Avg batch val. time: 0.028026146888732912 seconds
2025-03-06 00:03:57,817 | INFO : Avg batch val. time: 0.028026146888732912 seconds
2025-03-06 00:03:57,817 | INFO : Avg batch val. time: 0.028026146888732912 seconds
2025-03-06 00:03:57,824 | INFO : Avg sample val. time: 0.028026146888732912 seconds
2025-03-06 00:03:57,824 | INFO : Avg sample val. time: 0.028026146888732912 seconds
2025-03-06 00:03:57,824 | INFO : Avg sample val. time: 0.028026146888732912 seconds
2025-03-06 00:03:57,824 | INFO : Avg sample val. time: 0.028026146888732912 seconds
2025-03-06 00:03:57,824 | INFO : Avg sample val. time: 0.028026146888732912 seconds
2025-03-06 00:03:57,824 | INFO : Avg sample val. time: 0.028026146888732912 seconds
2025-03-06 00:03:57,824 | INFO : Avg sample val. time: 0.028026146888732912 seconds
2025-03-06 00:03:57,824 | INFO : Avg sample val. time: 0.028026146888732912 seconds
2025-03-06 00:03:57,828 | INFO : Epoch 4 Validation Summary: epoch: 4.000000 | loss: 0.054637 | 
2025-03-06 00:03:57,828 | INFO : Epoch 4 Validation Summary: epoch: 4.000000 | loss: 0.054637 | 
2025-03-06 00:03:57,828 | INFO : Epoch 4 Validation Summary: epoch: 4.000000 | loss: 0.054637 | 
2025-03-06 00:03:57,828 | INFO : Epoch 4 Validation Summary: epoch: 4.000000 | loss: 0.054637 | 
2025-03-06 00:03:57,828 | INFO : Epoch 4 Validation Summary: epoch: 4.000000 | loss: 0.054637 | 
2025-03-06 00:03:57,828 | INFO : Epoch 4 Validation Summary: epoch: 4.000000 | loss: 0.054637 | 
2025-03-06 00:03:57,828 | INFO : Epoch 4 Validation Summary: epoch: 4.000000 | loss: 0.054637 | 
2025-03-06 00:03:57,828 | INFO : Epoch 4 Validation Summary: epoch: 4.000000 | loss: 0.054637 | 
2025-03-06 00:04:00,764 | INFO : Evaluating on validation set ...
2025-03-06 00:04:00,764 | INFO : Evaluating on validation set ...
2025-03-06 00:04:00,764 | INFO : Evaluating on validation set ...
2025-03-06 00:04:00,764 | INFO : Evaluating on validation set ...
2025-03-06 00:04:00,764 | INFO : Evaluating on validation set ...
2025-03-06 00:04:00,764 | INFO : Evaluating on validation set ...
2025-03-06 00:04:00,764 | INFO : Evaluating on validation set ...
2025-03-06 00:04:00,764 | INFO : Evaluating on validation set ...
2025-03-06 00:04:02,017 | INFO : Validation runtime: 0.0 hours, 0.0 minutes, 1.2498517036437988 seconds

2025-03-06 00:04:02,017 | INFO : Validation runtime: 0.0 hours, 0.0 minutes, 1.2498517036437988 seconds

2025-03-06 00:04:02,017 | INFO : Validation runtime: 0.0 hours, 0.0 minutes, 1.2498517036437988 seconds

2025-03-06 00:04:02,017 | INFO : Validation runtime: 0.0 hours, 0.0 minutes, 1.2498517036437988 seconds

2025-03-06 00:04:02,017 | INFO : Validation runtime: 0.0 hours, 0.0 minutes, 1.2498517036437988 seconds

2025-03-06 00:04:02,017 | INFO : Validation runtime: 0.0 hours, 0.0 minutes, 1.2498517036437988 seconds

2025-03-06 00:04:02,017 | INFO : Validation runtime: 0.0 hours, 0.0 minutes, 1.2498517036437988 seconds

2025-03-06 00:04:02,017 | INFO : Validation runtime: 0.0 hours, 0.0 minutes, 1.2498517036437988 seconds

2025-03-06 00:04:02,023 | INFO : Avg val. time: 0.0 hours, 0.0 minutes, 1.1425135135650635 seconds
2025-03-06 00:04:02,023 | INFO : Avg val. time: 0.0 hours, 0.0 minutes, 1.1425135135650635 seconds
2025-03-06 00:04:02,023 | INFO : Avg val. time: 0.0 hours, 0.0 minutes, 1.1425135135650635 seconds
2025-03-06 00:04:02,023 | INFO : Avg val. time: 0.0 hours, 0.0 minutes, 1.1425135135650635 seconds
2025-03-06 00:04:02,023 | INFO : Avg val. time: 0.0 hours, 0.0 minutes, 1.1425135135650635 seconds
2025-03-06 00:04:02,023 | INFO : Avg val. time: 0.0 hours, 0.0 minutes, 1.1425135135650635 seconds
2025-03-06 00:04:02,023 | INFO : Avg val. time: 0.0 hours, 0.0 minutes, 1.1425135135650635 seconds
2025-03-06 00:04:02,023 | INFO : Avg val. time: 0.0 hours, 0.0 minutes, 1.1425135135650635 seconds
2025-03-06 00:04:02,025 | INFO : Avg batch val. time: 0.02856283783912659 seconds
2025-03-06 00:04:02,025 | INFO : Avg batch val. time: 0.02856283783912659 seconds
2025-03-06 00:04:02,025 | INFO : Avg batch val. time: 0.02856283783912659 seconds
2025-03-06 00:04:02,025 | INFO : Avg batch val. time: 0.02856283783912659 seconds
2025-03-06 00:04:02,025 | INFO : Avg batch val. time: 0.02856283783912659 seconds
2025-03-06 00:04:02,025 | INFO : Avg batch val. time: 0.02856283783912659 seconds
2025-03-06 00:04:02,025 | INFO : Avg batch val. time: 0.02856283783912659 seconds
2025-03-06 00:04:02,025 | INFO : Avg batch val. time: 0.02856283783912659 seconds
2025-03-06 00:04:02,026 | INFO : Avg sample val. time: 0.02856283783912659 seconds
2025-03-06 00:04:02,026 | INFO : Avg sample val. time: 0.02856283783912659 seconds
2025-03-06 00:04:02,026 | INFO : Avg sample val. time: 0.02856283783912659 seconds
2025-03-06 00:04:02,026 | INFO : Avg sample val. time: 0.02856283783912659 seconds
2025-03-06 00:04:02,026 | INFO : Avg sample val. time: 0.02856283783912659 seconds
2025-03-06 00:04:02,026 | INFO : Avg sample val. time: 0.02856283783912659 seconds
2025-03-06 00:04:02,026 | INFO : Avg sample val. time: 0.02856283783912659 seconds
2025-03-06 00:04:02,026 | INFO : Avg sample val. time: 0.02856283783912659 seconds
2025-03-06 00:04:02,027 | INFO : Epoch 5 Validation Summary: epoch: 5.000000 | loss: 0.055995 | 
2025-03-06 00:04:02,027 | INFO : Epoch 5 Validation Summary: epoch: 5.000000 | loss: 0.055995 | 
2025-03-06 00:04:02,027 | INFO : Epoch 5 Validation Summary: epoch: 5.000000 | loss: 0.055995 | 
2025-03-06 00:04:02,027 | INFO : Epoch 5 Validation Summary: epoch: 5.000000 | loss: 0.055995 | 
2025-03-06 00:04:02,027 | INFO : Epoch 5 Validation Summary: epoch: 5.000000 | loss: 0.055995 | 
2025-03-06 00:04:02,027 | INFO : Epoch 5 Validation Summary: epoch: 5.000000 | loss: 0.055995 | 
2025-03-06 00:04:02,027 | INFO : Epoch 5 Validation Summary: epoch: 5.000000 | loss: 0.055995 | 
2025-03-06 00:04:02,027 | INFO : Epoch 5 Validation Summary: epoch: 5.000000 | loss: 0.055995 | 
2025-03-06 00:04:04,558 | INFO : Evaluating on validation set ...
2025-03-06 00:04:04,558 | INFO : Evaluating on validation set ...
2025-03-06 00:04:04,558 | INFO : Evaluating on validation set ...
2025-03-06 00:04:04,558 | INFO : Evaluating on validation set ...
2025-03-06 00:04:04,558 | INFO : Evaluating on validation set ...
2025-03-06 00:04:04,558 | INFO : Evaluating on validation set ...
2025-03-06 00:04:04,558 | INFO : Evaluating on validation set ...
2025-03-06 00:04:04,558 | INFO : Evaluating on validation set ...
2025-03-06 00:04:05,398 | INFO : Validation runtime: 0.0 hours, 0.0 minutes, 0.8380072116851807 seconds

2025-03-06 00:04:05,398 | INFO : Validation runtime: 0.0 hours, 0.0 minutes, 0.8380072116851807 seconds

2025-03-06 00:04:05,398 | INFO : Validation runtime: 0.0 hours, 0.0 minutes, 0.8380072116851807 seconds

2025-03-06 00:04:05,398 | INFO : Validation runtime: 0.0 hours, 0.0 minutes, 0.8380072116851807 seconds

2025-03-06 00:04:05,398 | INFO : Validation runtime: 0.0 hours, 0.0 minutes, 0.8380072116851807 seconds

2025-03-06 00:04:05,398 | INFO : Validation runtime: 0.0 hours, 0.0 minutes, 0.8380072116851807 seconds

2025-03-06 00:04:05,398 | INFO : Validation runtime: 0.0 hours, 0.0 minutes, 0.8380072116851807 seconds

2025-03-06 00:04:05,398 | INFO : Validation runtime: 0.0 hours, 0.0 minutes, 0.8380072116851807 seconds

2025-03-06 00:04:05,402 | INFO : Avg val. time: 0.0 hours, 0.0 minutes, 1.0990126132965088 seconds
2025-03-06 00:04:05,402 | INFO : Avg val. time: 0.0 hours, 0.0 minutes, 1.0990126132965088 seconds
2025-03-06 00:04:05,402 | INFO : Avg val. time: 0.0 hours, 0.0 minutes, 1.0990126132965088 seconds
2025-03-06 00:04:05,402 | INFO : Avg val. time: 0.0 hours, 0.0 minutes, 1.0990126132965088 seconds
2025-03-06 00:04:05,402 | INFO : Avg val. time: 0.0 hours, 0.0 minutes, 1.0990126132965088 seconds
2025-03-06 00:04:05,402 | INFO : Avg val. time: 0.0 hours, 0.0 minutes, 1.0990126132965088 seconds
2025-03-06 00:04:05,402 | INFO : Avg val. time: 0.0 hours, 0.0 minutes, 1.0990126132965088 seconds
2025-03-06 00:04:05,402 | INFO : Avg val. time: 0.0 hours, 0.0 minutes, 1.0990126132965088 seconds
2025-03-06 00:04:05,405 | INFO : Avg batch val. time: 0.02747531533241272 seconds
2025-03-06 00:04:05,405 | INFO : Avg batch val. time: 0.02747531533241272 seconds
2025-03-06 00:04:05,405 | INFO : Avg batch val. time: 0.02747531533241272 seconds
2025-03-06 00:04:05,405 | INFO : Avg batch val. time: 0.02747531533241272 seconds
2025-03-06 00:04:05,405 | INFO : Avg batch val. time: 0.02747531533241272 seconds
2025-03-06 00:04:05,405 | INFO : Avg batch val. time: 0.02747531533241272 seconds
2025-03-06 00:04:05,405 | INFO : Avg batch val. time: 0.02747531533241272 seconds
2025-03-06 00:04:05,405 | INFO : Avg batch val. time: 0.02747531533241272 seconds
2025-03-06 00:04:05,409 | INFO : Avg sample val. time: 0.02747531533241272 seconds
2025-03-06 00:04:05,409 | INFO : Avg sample val. time: 0.02747531533241272 seconds
2025-03-06 00:04:05,409 | INFO : Avg sample val. time: 0.02747531533241272 seconds
2025-03-06 00:04:05,409 | INFO : Avg sample val. time: 0.02747531533241272 seconds
2025-03-06 00:04:05,409 | INFO : Avg sample val. time: 0.02747531533241272 seconds
2025-03-06 00:04:05,409 | INFO : Avg sample val. time: 0.02747531533241272 seconds
2025-03-06 00:04:05,409 | INFO : Avg sample val. time: 0.02747531533241272 seconds
2025-03-06 00:04:05,409 | INFO : Avg sample val. time: 0.02747531533241272 seconds
2025-03-06 00:04:05,412 | INFO : Epoch 6 Validation Summary: epoch: 6.000000 | loss: 0.057669 | 
2025-03-06 00:04:05,412 | INFO : Epoch 6 Validation Summary: epoch: 6.000000 | loss: 0.057669 | 
2025-03-06 00:04:05,412 | INFO : Epoch 6 Validation Summary: epoch: 6.000000 | loss: 0.057669 | 
2025-03-06 00:04:05,412 | INFO : Epoch 6 Validation Summary: epoch: 6.000000 | loss: 0.057669 | 
2025-03-06 00:04:05,412 | INFO : Epoch 6 Validation Summary: epoch: 6.000000 | loss: 0.057669 | 
2025-03-06 00:04:05,412 | INFO : Epoch 6 Validation Summary: epoch: 6.000000 | loss: 0.057669 | 
2025-03-06 00:04:05,412 | INFO : Epoch 6 Validation Summary: epoch: 6.000000 | loss: 0.057669 | 
2025-03-06 00:04:05,412 | INFO : Epoch 6 Validation Summary: epoch: 6.000000 | loss: 0.057669 | 
2025-03-06 00:04:07,933 | INFO : Evaluating on validation set ...
2025-03-06 00:04:07,933 | INFO : Evaluating on validation set ...
2025-03-06 00:04:07,933 | INFO : Evaluating on validation set ...
2025-03-06 00:04:07,933 | INFO : Evaluating on validation set ...
2025-03-06 00:04:07,933 | INFO : Evaluating on validation set ...
2025-03-06 00:04:07,933 | INFO : Evaluating on validation set ...
2025-03-06 00:04:07,933 | INFO : Evaluating on validation set ...
2025-03-06 00:04:07,933 | INFO : Evaluating on validation set ...
2025-03-06 00:04:09,133 | INFO : Validation runtime: 0.0 hours, 0.0 minutes, 1.1958136558532715 seconds

2025-03-06 00:04:09,133 | INFO : Validation runtime: 0.0 hours, 0.0 minutes, 1.1958136558532715 seconds

2025-03-06 00:04:09,133 | INFO : Validation runtime: 0.0 hours, 0.0 minutes, 1.1958136558532715 seconds

2025-03-06 00:04:09,133 | INFO : Validation runtime: 0.0 hours, 0.0 minutes, 1.1958136558532715 seconds

2025-03-06 00:04:09,133 | INFO : Validation runtime: 0.0 hours, 0.0 minutes, 1.1958136558532715 seconds

2025-03-06 00:04:09,133 | INFO : Validation runtime: 0.0 hours, 0.0 minutes, 1.1958136558532715 seconds

2025-03-06 00:04:09,133 | INFO : Validation runtime: 0.0 hours, 0.0 minutes, 1.1958136558532715 seconds

2025-03-06 00:04:09,133 | INFO : Validation runtime: 0.0 hours, 0.0 minutes, 1.1958136558532715 seconds

2025-03-06 00:04:09,137 | INFO : Avg val. time: 0.0 hours, 0.0 minutes, 1.1111127436161041 seconds
2025-03-06 00:04:09,137 | INFO : Avg val. time: 0.0 hours, 0.0 minutes, 1.1111127436161041 seconds
2025-03-06 00:04:09,137 | INFO : Avg val. time: 0.0 hours, 0.0 minutes, 1.1111127436161041 seconds
2025-03-06 00:04:09,137 | INFO : Avg val. time: 0.0 hours, 0.0 minutes, 1.1111127436161041 seconds
2025-03-06 00:04:09,137 | INFO : Avg val. time: 0.0 hours, 0.0 minutes, 1.1111127436161041 seconds
2025-03-06 00:04:09,137 | INFO : Avg val. time: 0.0 hours, 0.0 minutes, 1.1111127436161041 seconds
2025-03-06 00:04:09,137 | INFO : Avg val. time: 0.0 hours, 0.0 minutes, 1.1111127436161041 seconds
2025-03-06 00:04:09,137 | INFO : Avg val. time: 0.0 hours, 0.0 minutes, 1.1111127436161041 seconds
2025-03-06 00:04:09,140 | INFO : Avg batch val. time: 0.027777818590402605 seconds
2025-03-06 00:04:09,140 | INFO : Avg batch val. time: 0.027777818590402605 seconds
2025-03-06 00:04:09,140 | INFO : Avg batch val. time: 0.027777818590402605 seconds
2025-03-06 00:04:09,140 | INFO : Avg batch val. time: 0.027777818590402605 seconds
2025-03-06 00:04:09,140 | INFO : Avg batch val. time: 0.027777818590402605 seconds
2025-03-06 00:04:09,140 | INFO : Avg batch val. time: 0.027777818590402605 seconds
2025-03-06 00:04:09,140 | INFO : Avg batch val. time: 0.027777818590402605 seconds
2025-03-06 00:04:09,140 | INFO : Avg batch val. time: 0.027777818590402605 seconds
2025-03-06 00:04:09,144 | INFO : Avg sample val. time: 0.027777818590402605 seconds
2025-03-06 00:04:09,144 | INFO : Avg sample val. time: 0.027777818590402605 seconds
2025-03-06 00:04:09,144 | INFO : Avg sample val. time: 0.027777818590402605 seconds
2025-03-06 00:04:09,144 | INFO : Avg sample val. time: 0.027777818590402605 seconds
2025-03-06 00:04:09,144 | INFO : Avg sample val. time: 0.027777818590402605 seconds
2025-03-06 00:04:09,144 | INFO : Avg sample val. time: 0.027777818590402605 seconds
2025-03-06 00:04:09,144 | INFO : Avg sample val. time: 0.027777818590402605 seconds
2025-03-06 00:04:09,144 | INFO : Avg sample val. time: 0.027777818590402605 seconds
2025-03-06 00:04:09,147 | INFO : Epoch 7 Validation Summary: epoch: 7.000000 | loss: 0.059147 | 
2025-03-06 00:04:09,147 | INFO : Epoch 7 Validation Summary: epoch: 7.000000 | loss: 0.059147 | 
2025-03-06 00:04:09,147 | INFO : Epoch 7 Validation Summary: epoch: 7.000000 | loss: 0.059147 | 
2025-03-06 00:04:09,147 | INFO : Epoch 7 Validation Summary: epoch: 7.000000 | loss: 0.059147 | 
2025-03-06 00:04:09,147 | INFO : Epoch 7 Validation Summary: epoch: 7.000000 | loss: 0.059147 | 
2025-03-06 00:04:09,147 | INFO : Epoch 7 Validation Summary: epoch: 7.000000 | loss: 0.059147 | 
2025-03-06 00:04:09,147 | INFO : Epoch 7 Validation Summary: epoch: 7.000000 | loss: 0.059147 | 
2025-03-06 00:04:09,147 | INFO : Epoch 7 Validation Summary: epoch: 7.000000 | loss: 0.059147 | 
2025-03-06 00:04:11,646 | INFO : Evaluating on validation set ...
2025-03-06 00:04:11,646 | INFO : Evaluating on validation set ...
2025-03-06 00:04:11,646 | INFO : Evaluating on validation set ...
2025-03-06 00:04:11,646 | INFO : Evaluating on validation set ...
2025-03-06 00:04:11,646 | INFO : Evaluating on validation set ...
2025-03-06 00:04:11,646 | INFO : Evaluating on validation set ...
2025-03-06 00:04:11,646 | INFO : Evaluating on validation set ...
2025-03-06 00:04:11,646 | INFO : Evaluating on validation set ...
2025-03-06 00:04:12,899 | INFO : Validation runtime: 0.0 hours, 0.0 minutes, 1.2493293285369873 seconds

2025-03-06 00:04:12,899 | INFO : Validation runtime: 0.0 hours, 0.0 minutes, 1.2493293285369873 seconds

2025-03-06 00:04:12,899 | INFO : Validation runtime: 0.0 hours, 0.0 minutes, 1.2493293285369873 seconds

2025-03-06 00:04:12,899 | INFO : Validation runtime: 0.0 hours, 0.0 minutes, 1.2493293285369873 seconds

2025-03-06 00:04:12,899 | INFO : Validation runtime: 0.0 hours, 0.0 minutes, 1.2493293285369873 seconds

2025-03-06 00:04:12,899 | INFO : Validation runtime: 0.0 hours, 0.0 minutes, 1.2493293285369873 seconds

2025-03-06 00:04:12,899 | INFO : Validation runtime: 0.0 hours, 0.0 minutes, 1.2493293285369873 seconds

2025-03-06 00:04:12,899 | INFO : Validation runtime: 0.0 hours, 0.0 minutes, 1.2493293285369873 seconds

2025-03-06 00:04:12,902 | INFO : Avg val. time: 0.0 hours, 0.0 minutes, 1.1264701419406467 seconds
2025-03-06 00:04:12,902 | INFO : Avg val. time: 0.0 hours, 0.0 minutes, 1.1264701419406467 seconds
2025-03-06 00:04:12,902 | INFO : Avg val. time: 0.0 hours, 0.0 minutes, 1.1264701419406467 seconds
2025-03-06 00:04:12,902 | INFO : Avg val. time: 0.0 hours, 0.0 minutes, 1.1264701419406467 seconds
2025-03-06 00:04:12,902 | INFO : Avg val. time: 0.0 hours, 0.0 minutes, 1.1264701419406467 seconds
2025-03-06 00:04:12,902 | INFO : Avg val. time: 0.0 hours, 0.0 minutes, 1.1264701419406467 seconds
2025-03-06 00:04:12,902 | INFO : Avg val. time: 0.0 hours, 0.0 minutes, 1.1264701419406467 seconds
2025-03-06 00:04:12,902 | INFO : Avg val. time: 0.0 hours, 0.0 minutes, 1.1264701419406467 seconds
2025-03-06 00:04:12,904 | INFO : Avg batch val. time: 0.028161753548516168 seconds
2025-03-06 00:04:12,904 | INFO : Avg batch val. time: 0.028161753548516168 seconds
2025-03-06 00:04:12,904 | INFO : Avg batch val. time: 0.028161753548516168 seconds
2025-03-06 00:04:12,904 | INFO : Avg batch val. time: 0.028161753548516168 seconds
2025-03-06 00:04:12,904 | INFO : Avg batch val. time: 0.028161753548516168 seconds
2025-03-06 00:04:12,904 | INFO : Avg batch val. time: 0.028161753548516168 seconds
2025-03-06 00:04:12,904 | INFO : Avg batch val. time: 0.028161753548516168 seconds
2025-03-06 00:04:12,904 | INFO : Avg batch val. time: 0.028161753548516168 seconds
2025-03-06 00:04:12,905 | INFO : Avg sample val. time: 0.028161753548516168 seconds
2025-03-06 00:04:12,905 | INFO : Avg sample val. time: 0.028161753548516168 seconds
2025-03-06 00:04:12,905 | INFO : Avg sample val. time: 0.028161753548516168 seconds
2025-03-06 00:04:12,905 | INFO : Avg sample val. time: 0.028161753548516168 seconds
2025-03-06 00:04:12,905 | INFO : Avg sample val. time: 0.028161753548516168 seconds
2025-03-06 00:04:12,905 | INFO : Avg sample val. time: 0.028161753548516168 seconds
2025-03-06 00:04:12,905 | INFO : Avg sample val. time: 0.028161753548516168 seconds
2025-03-06 00:04:12,905 | INFO : Avg sample val. time: 0.028161753548516168 seconds
2025-03-06 00:04:12,906 | INFO : Epoch 8 Validation Summary: epoch: 8.000000 | loss: 0.060047 | 
2025-03-06 00:04:12,906 | INFO : Epoch 8 Validation Summary: epoch: 8.000000 | loss: 0.060047 | 
2025-03-06 00:04:12,906 | INFO : Epoch 8 Validation Summary: epoch: 8.000000 | loss: 0.060047 | 
2025-03-06 00:04:12,906 | INFO : Epoch 8 Validation Summary: epoch: 8.000000 | loss: 0.060047 | 
2025-03-06 00:04:12,906 | INFO : Epoch 8 Validation Summary: epoch: 8.000000 | loss: 0.060047 | 
2025-03-06 00:04:12,906 | INFO : Epoch 8 Validation Summary: epoch: 8.000000 | loss: 0.060047 | 
2025-03-06 00:04:12,906 | INFO : Epoch 8 Validation Summary: epoch: 8.000000 | loss: 0.060047 | 
2025-03-06 00:04:12,906 | INFO : Epoch 8 Validation Summary: epoch: 8.000000 | loss: 0.060047 | 
2025-03-06 00:04:15,422 | INFO : Evaluating on validation set ...
2025-03-06 00:04:15,422 | INFO : Evaluating on validation set ...
2025-03-06 00:04:15,422 | INFO : Evaluating on validation set ...
2025-03-06 00:04:15,422 | INFO : Evaluating on validation set ...
2025-03-06 00:04:15,422 | INFO : Evaluating on validation set ...
2025-03-06 00:04:15,422 | INFO : Evaluating on validation set ...
2025-03-06 00:04:15,422 | INFO : Evaluating on validation set ...
2025-03-06 00:04:15,422 | INFO : Evaluating on validation set ...
2025-03-06 00:04:16,758 | INFO : Validation runtime: 0.0 hours, 0.0 minutes, 1.3332579135894775 seconds

2025-03-06 00:04:16,758 | INFO : Validation runtime: 0.0 hours, 0.0 minutes, 1.3332579135894775 seconds

2025-03-06 00:04:16,758 | INFO : Validation runtime: 0.0 hours, 0.0 minutes, 1.3332579135894775 seconds

2025-03-06 00:04:16,758 | INFO : Validation runtime: 0.0 hours, 0.0 minutes, 1.3332579135894775 seconds

2025-03-06 00:04:16,758 | INFO : Validation runtime: 0.0 hours, 0.0 minutes, 1.3332579135894775 seconds

2025-03-06 00:04:16,758 | INFO : Validation runtime: 0.0 hours, 0.0 minutes, 1.3332579135894775 seconds

2025-03-06 00:04:16,758 | INFO : Validation runtime: 0.0 hours, 0.0 minutes, 1.3332579135894775 seconds

2025-03-06 00:04:16,758 | INFO : Validation runtime: 0.0 hours, 0.0 minutes, 1.3332579135894775 seconds

2025-03-06 00:04:16,766 | INFO : Avg val. time: 0.0 hours, 0.0 minutes, 1.1471489191055297 seconds
2025-03-06 00:04:16,766 | INFO : Avg val. time: 0.0 hours, 0.0 minutes, 1.1471489191055297 seconds
2025-03-06 00:04:16,766 | INFO : Avg val. time: 0.0 hours, 0.0 minutes, 1.1471489191055297 seconds
2025-03-06 00:04:16,766 | INFO : Avg val. time: 0.0 hours, 0.0 minutes, 1.1471489191055297 seconds
2025-03-06 00:04:16,766 | INFO : Avg val. time: 0.0 hours, 0.0 minutes, 1.1471489191055297 seconds
2025-03-06 00:04:16,766 | INFO : Avg val. time: 0.0 hours, 0.0 minutes, 1.1471489191055297 seconds
2025-03-06 00:04:16,766 | INFO : Avg val. time: 0.0 hours, 0.0 minutes, 1.1471489191055297 seconds
2025-03-06 00:04:16,766 | INFO : Avg val. time: 0.0 hours, 0.0 minutes, 1.1471489191055297 seconds
2025-03-06 00:04:16,772 | INFO : Avg batch val. time: 0.028678722977638245 seconds
2025-03-06 00:04:16,772 | INFO : Avg batch val. time: 0.028678722977638245 seconds
2025-03-06 00:04:16,772 | INFO : Avg batch val. time: 0.028678722977638245 seconds
2025-03-06 00:04:16,772 | INFO : Avg batch val. time: 0.028678722977638245 seconds
2025-03-06 00:04:16,772 | INFO : Avg batch val. time: 0.028678722977638245 seconds
2025-03-06 00:04:16,772 | INFO : Avg batch val. time: 0.028678722977638245 seconds
2025-03-06 00:04:16,772 | INFO : Avg batch val. time: 0.028678722977638245 seconds
2025-03-06 00:04:16,772 | INFO : Avg batch val. time: 0.028678722977638245 seconds
2025-03-06 00:04:16,776 | INFO : Avg sample val. time: 0.028678722977638245 seconds
2025-03-06 00:04:16,776 | INFO : Avg sample val. time: 0.028678722977638245 seconds
2025-03-06 00:04:16,776 | INFO : Avg sample val. time: 0.028678722977638245 seconds
2025-03-06 00:04:16,776 | INFO : Avg sample val. time: 0.028678722977638245 seconds
2025-03-06 00:04:16,776 | INFO : Avg sample val. time: 0.028678722977638245 seconds
2025-03-06 00:04:16,776 | INFO : Avg sample val. time: 0.028678722977638245 seconds
2025-03-06 00:04:16,776 | INFO : Avg sample val. time: 0.028678722977638245 seconds
2025-03-06 00:04:16,776 | INFO : Avg sample val. time: 0.028678722977638245 seconds
2025-03-06 00:04:16,781 | INFO : Epoch 9 Validation Summary: epoch: 9.000000 | loss: 0.060464 | 
2025-03-06 00:04:16,781 | INFO : Epoch 9 Validation Summary: epoch: 9.000000 | loss: 0.060464 | 
2025-03-06 00:04:16,781 | INFO : Epoch 9 Validation Summary: epoch: 9.000000 | loss: 0.060464 | 
2025-03-06 00:04:16,781 | INFO : Epoch 9 Validation Summary: epoch: 9.000000 | loss: 0.060464 | 
2025-03-06 00:04:16,781 | INFO : Epoch 9 Validation Summary: epoch: 9.000000 | loss: 0.060464 | 
2025-03-06 00:04:16,781 | INFO : Epoch 9 Validation Summary: epoch: 9.000000 | loss: 0.060464 | 
2025-03-06 00:04:16,781 | INFO : Epoch 9 Validation Summary: epoch: 9.000000 | loss: 0.060464 | 
2025-03-06 00:04:16,781 | INFO : Epoch 9 Validation Summary: epoch: 9.000000 | loss: 0.060464 | 
2025-03-06 00:08:56,072 | INFO : train_ds length: 40, valid_ds length: 40
2025-03-06 00:08:56,072 | INFO : train_ds length: 40, valid_ds length: 40
2025-03-06 00:08:56,072 | INFO : train_ds length: 40, valid_ds length: 40
2025-03-06 00:08:56,072 | INFO : train_ds length: 40, valid_ds length: 40
2025-03-06 00:08:56,072 | INFO : train_ds length: 40, valid_ds length: 40
2025-03-06 00:08:56,072 | INFO : train_ds length: 40, valid_ds length: 40
2025-03-06 00:08:56,072 | INFO : train_ds length: 40, valid_ds length: 40
2025-03-06 00:08:56,072 | INFO : train_ds length: 40, valid_ds length: 40
2025-03-06 00:08:56,085 | INFO : {'output_dims': 320, 'feat_dim': 6, 'max_len': 100, 'device': 'cpu'}
2025-03-06 00:08:56,085 | INFO : {'output_dims': 320, 'feat_dim': 6, 'max_len': 100, 'device': 'cpu'}
2025-03-06 00:08:56,085 | INFO : {'output_dims': 320, 'feat_dim': 6, 'max_len': 100, 'device': 'cpu'}
2025-03-06 00:08:56,085 | INFO : {'output_dims': 320, 'feat_dim': 6, 'max_len': 100, 'device': 'cpu'}
2025-03-06 00:08:56,085 | INFO : {'output_dims': 320, 'feat_dim': 6, 'max_len': 100, 'device': 'cpu'}
2025-03-06 00:08:56,085 | INFO : {'output_dims': 320, 'feat_dim': 6, 'max_len': 100, 'device': 'cpu'}
2025-03-06 00:08:56,085 | INFO : {'output_dims': 320, 'feat_dim': 6, 'max_len': 100, 'device': 'cpu'}
2025-03-06 00:08:56,085 | INFO : {'output_dims': 320, 'feat_dim': 6, 'max_len': 100, 'device': 'cpu'}
2025-03-06 00:08:56,087 | INFO : CSL(
  (shapelets_euclidean): ShapeletsDistBlocks(
    (blocks): ModuleList(
      (0-7): 8 x MinEuclideanDistBlock()
    )
  )
  (shapelets_cosine): ShapeletsDistBlocks(
    (blocks): ModuleList(
      (0-7): 8 x MaxCosineSimilarityBlock(
        (relu): ReLU()
      )
    )
  )
  (shapelets_cross_correlation): ShapeletsDistBlocks(
    (blocks): ModuleList(
      (0): MaxCrossCorrelationBlock(
        (shapelets): Conv1d(6, 14, kernel_size=(10,), stride=(1,))
      )
      (1): MaxCrossCorrelationBlock(
        (shapelets): Conv1d(6, 14, kernel_size=(20,), stride=(1,))
      )
      (2): MaxCrossCorrelationBlock(
        (shapelets): Conv1d(6, 14, kernel_size=(30,), stride=(1,))
      )
      (3): MaxCrossCorrelationBlock(
        (shapelets): Conv1d(6, 14, kernel_size=(40,), stride=(1,))
      )
      (4): MaxCrossCorrelationBlock(
        (shapelets): Conv1d(6, 14, kernel_size=(50,), stride=(1,))
      )
      (5): MaxCrossCorrelationBlock(
        (shapelets): Conv1d(6, 14, kernel_size=(60,), stride=(1,))
      )
      (6): MaxCrossCorrelationBlock(
        (shapelets): Conv1d(6, 14, kernel_size=(70,), stride=(1,))
      )
      (7): MaxCrossCorrelationBlock(
        (shapelets): Conv1d(6, 14, kernel_size=(80,), stride=(1,))
      )
    )
  )
  (linear): Linear(in_features=320, out_features=2, bias=True)
  (projection): Sequential(
    (0): BatchNorm1d(320, eps=1e-05, momentum=0.1, affine=True, track_running_stats=True)
  )
  (bn1): BatchNorm1d(104, eps=1e-05, momentum=0.1, affine=True, track_running_stats=True)
  (bn2): BatchNorm1d(104, eps=1e-05, momentum=0.1, affine=True, track_running_stats=True)
  (bn3): BatchNorm1d(112, eps=1e-05, momentum=0.1, affine=True, track_running_stats=True)
  (projection2): Sequential(
    (0): Linear(in_features=320, out_features=256, bias=True)
    (1): ReLU()
    (2): Linear(in_features=256, out_features=128, bias=True)
  )
)
2025-03-06 00:08:56,087 | INFO : CSL(
  (shapelets_euclidean): ShapeletsDistBlocks(
    (blocks): ModuleList(
      (0-7): 8 x MinEuclideanDistBlock()
    )
  )
  (shapelets_cosine): ShapeletsDistBlocks(
    (blocks): ModuleList(
      (0-7): 8 x MaxCosineSimilarityBlock(
        (relu): ReLU()
      )
    )
  )
  (shapelets_cross_correlation): ShapeletsDistBlocks(
    (blocks): ModuleList(
      (0): MaxCrossCorrelationBlock(
        (shapelets): Conv1d(6, 14, kernel_size=(10,), stride=(1,))
      )
      (1): MaxCrossCorrelationBlock(
        (shapelets): Conv1d(6, 14, kernel_size=(20,), stride=(1,))
      )
      (2): MaxCrossCorrelationBlock(
        (shapelets): Conv1d(6, 14, kernel_size=(30,), stride=(1,))
      )
      (3): MaxCrossCorrelationBlock(
        (shapelets): Conv1d(6, 14, kernel_size=(40,), stride=(1,))
      )
      (4): MaxCrossCorrelationBlock(
        (shapelets): Conv1d(6, 14, kernel_size=(50,), stride=(1,))
      )
      (5): MaxCrossCorrelationBlock(
        (shapelets): Conv1d(6, 14, kernel_size=(60,), stride=(1,))
      )
      (6): MaxCrossCorrelationBlock(
        (shapelets): Conv1d(6, 14, kernel_size=(70,), stride=(1,))
      )
      (7): MaxCrossCorrelationBlock(
        (shapelets): Conv1d(6, 14, kernel_size=(80,), stride=(1,))
      )
    )
  )
  (linear): Linear(in_features=320, out_features=2, bias=True)
  (projection): Sequential(
    (0): BatchNorm1d(320, eps=1e-05, momentum=0.1, affine=True, track_running_stats=True)
  )
  (bn1): BatchNorm1d(104, eps=1e-05, momentum=0.1, affine=True, track_running_stats=True)
  (bn2): BatchNorm1d(104, eps=1e-05, momentum=0.1, affine=True, track_running_stats=True)
  (bn3): BatchNorm1d(112, eps=1e-05, momentum=0.1, affine=True, track_running_stats=True)
  (projection2): Sequential(
    (0): Linear(in_features=320, out_features=256, bias=True)
    (1): ReLU()
    (2): Linear(in_features=256, out_features=128, bias=True)
  )
)
2025-03-06 00:08:56,087 | INFO : CSL(
  (shapelets_euclidean): ShapeletsDistBlocks(
    (blocks): ModuleList(
      (0-7): 8 x MinEuclideanDistBlock()
    )
  )
  (shapelets_cosine): ShapeletsDistBlocks(
    (blocks): ModuleList(
      (0-7): 8 x MaxCosineSimilarityBlock(
        (relu): ReLU()
      )
    )
  )
  (shapelets_cross_correlation): ShapeletsDistBlocks(
    (blocks): ModuleList(
      (0): MaxCrossCorrelationBlock(
        (shapelets): Conv1d(6, 14, kernel_size=(10,), stride=(1,))
      )
      (1): MaxCrossCorrelationBlock(
        (shapelets): Conv1d(6, 14, kernel_size=(20,), stride=(1,))
      )
      (2): MaxCrossCorrelationBlock(
        (shapelets): Conv1d(6, 14, kernel_size=(30,), stride=(1,))
      )
      (3): MaxCrossCorrelationBlock(
        (shapelets): Conv1d(6, 14, kernel_size=(40,), stride=(1,))
      )
      (4): MaxCrossCorrelationBlock(
        (shapelets): Conv1d(6, 14, kernel_size=(50,), stride=(1,))
      )
      (5): MaxCrossCorrelationBlock(
        (shapelets): Conv1d(6, 14, kernel_size=(60,), stride=(1,))
      )
      (6): MaxCrossCorrelationBlock(
        (shapelets): Conv1d(6, 14, kernel_size=(70,), stride=(1,))
      )
      (7): MaxCrossCorrelationBlock(
        (shapelets): Conv1d(6, 14, kernel_size=(80,), stride=(1,))
      )
    )
  )
  (linear): Linear(in_features=320, out_features=2, bias=True)
  (projection): Sequential(
    (0): BatchNorm1d(320, eps=1e-05, momentum=0.1, affine=True, track_running_stats=True)
  )
  (bn1): BatchNorm1d(104, eps=1e-05, momentum=0.1, affine=True, track_running_stats=True)
  (bn2): BatchNorm1d(104, eps=1e-05, momentum=0.1, affine=True, track_running_stats=True)
  (bn3): BatchNorm1d(112, eps=1e-05, momentum=0.1, affine=True, track_running_stats=True)
  (projection2): Sequential(
    (0): Linear(in_features=320, out_features=256, bias=True)
    (1): ReLU()
    (2): Linear(in_features=256, out_features=128, bias=True)
  )
)
2025-03-06 00:08:56,087 | INFO : CSL(
  (shapelets_euclidean): ShapeletsDistBlocks(
    (blocks): ModuleList(
      (0-7): 8 x MinEuclideanDistBlock()
    )
  )
  (shapelets_cosine): ShapeletsDistBlocks(
    (blocks): ModuleList(
      (0-7): 8 x MaxCosineSimilarityBlock(
        (relu): ReLU()
      )
    )
  )
  (shapelets_cross_correlation): ShapeletsDistBlocks(
    (blocks): ModuleList(
      (0): MaxCrossCorrelationBlock(
        (shapelets): Conv1d(6, 14, kernel_size=(10,), stride=(1,))
      )
      (1): MaxCrossCorrelationBlock(
        (shapelets): Conv1d(6, 14, kernel_size=(20,), stride=(1,))
      )
      (2): MaxCrossCorrelationBlock(
        (shapelets): Conv1d(6, 14, kernel_size=(30,), stride=(1,))
      )
      (3): MaxCrossCorrelationBlock(
        (shapelets): Conv1d(6, 14, kernel_size=(40,), stride=(1,))
      )
      (4): MaxCrossCorrelationBlock(
        (shapelets): Conv1d(6, 14, kernel_size=(50,), stride=(1,))
      )
      (5): MaxCrossCorrelationBlock(
        (shapelets): Conv1d(6, 14, kernel_size=(60,), stride=(1,))
      )
      (6): MaxCrossCorrelationBlock(
        (shapelets): Conv1d(6, 14, kernel_size=(70,), stride=(1,))
      )
      (7): MaxCrossCorrelationBlock(
        (shapelets): Conv1d(6, 14, kernel_size=(80,), stride=(1,))
      )
    )
  )
  (linear): Linear(in_features=320, out_features=2, bias=True)
  (projection): Sequential(
    (0): BatchNorm1d(320, eps=1e-05, momentum=0.1, affine=True, track_running_stats=True)
  )
  (bn1): BatchNorm1d(104, eps=1e-05, momentum=0.1, affine=True, track_running_stats=True)
  (bn2): BatchNorm1d(104, eps=1e-05, momentum=0.1, affine=True, track_running_stats=True)
  (bn3): BatchNorm1d(112, eps=1e-05, momentum=0.1, affine=True, track_running_stats=True)
  (projection2): Sequential(
    (0): Linear(in_features=320, out_features=256, bias=True)
    (1): ReLU()
    (2): Linear(in_features=256, out_features=128, bias=True)
  )
)
2025-03-06 00:08:56,087 | INFO : CSL(
  (shapelets_euclidean): ShapeletsDistBlocks(
    (blocks): ModuleList(
      (0-7): 8 x MinEuclideanDistBlock()
    )
  )
  (shapelets_cosine): ShapeletsDistBlocks(
    (blocks): ModuleList(
      (0-7): 8 x MaxCosineSimilarityBlock(
        (relu): ReLU()
      )
    )
  )
  (shapelets_cross_correlation): ShapeletsDistBlocks(
    (blocks): ModuleList(
      (0): MaxCrossCorrelationBlock(
        (shapelets): Conv1d(6, 14, kernel_size=(10,), stride=(1,))
      )
      (1): MaxCrossCorrelationBlock(
        (shapelets): Conv1d(6, 14, kernel_size=(20,), stride=(1,))
      )
      (2): MaxCrossCorrelationBlock(
        (shapelets): Conv1d(6, 14, kernel_size=(30,), stride=(1,))
      )
      (3): MaxCrossCorrelationBlock(
        (shapelets): Conv1d(6, 14, kernel_size=(40,), stride=(1,))
      )
      (4): MaxCrossCorrelationBlock(
        (shapelets): Conv1d(6, 14, kernel_size=(50,), stride=(1,))
      )
      (5): MaxCrossCorrelationBlock(
        (shapelets): Conv1d(6, 14, kernel_size=(60,), stride=(1,))
      )
      (6): MaxCrossCorrelationBlock(
        (shapelets): Conv1d(6, 14, kernel_size=(70,), stride=(1,))
      )
      (7): MaxCrossCorrelationBlock(
        (shapelets): Conv1d(6, 14, kernel_size=(80,), stride=(1,))
      )
    )
  )
  (linear): Linear(in_features=320, out_features=2, bias=True)
  (projection): Sequential(
    (0): BatchNorm1d(320, eps=1e-05, momentum=0.1, affine=True, track_running_stats=True)
  )
  (bn1): BatchNorm1d(104, eps=1e-05, momentum=0.1, affine=True, track_running_stats=True)
  (bn2): BatchNorm1d(104, eps=1e-05, momentum=0.1, affine=True, track_running_stats=True)
  (bn3): BatchNorm1d(112, eps=1e-05, momentum=0.1, affine=True, track_running_stats=True)
  (projection2): Sequential(
    (0): Linear(in_features=320, out_features=256, bias=True)
    (1): ReLU()
    (2): Linear(in_features=256, out_features=128, bias=True)
  )
)
2025-03-06 00:08:56,087 | INFO : CSL(
  (shapelets_euclidean): ShapeletsDistBlocks(
    (blocks): ModuleList(
      (0-7): 8 x MinEuclideanDistBlock()
    )
  )
  (shapelets_cosine): ShapeletsDistBlocks(
    (blocks): ModuleList(
      (0-7): 8 x MaxCosineSimilarityBlock(
        (relu): ReLU()
      )
    )
  )
  (shapelets_cross_correlation): ShapeletsDistBlocks(
    (blocks): ModuleList(
      (0): MaxCrossCorrelationBlock(
        (shapelets): Conv1d(6, 14, kernel_size=(10,), stride=(1,))
      )
      (1): MaxCrossCorrelationBlock(
        (shapelets): Conv1d(6, 14, kernel_size=(20,), stride=(1,))
      )
      (2): MaxCrossCorrelationBlock(
        (shapelets): Conv1d(6, 14, kernel_size=(30,), stride=(1,))
      )
      (3): MaxCrossCorrelationBlock(
        (shapelets): Conv1d(6, 14, kernel_size=(40,), stride=(1,))
      )
      (4): MaxCrossCorrelationBlock(
        (shapelets): Conv1d(6, 14, kernel_size=(50,), stride=(1,))
      )
      (5): MaxCrossCorrelationBlock(
        (shapelets): Conv1d(6, 14, kernel_size=(60,), stride=(1,))
      )
      (6): MaxCrossCorrelationBlock(
        (shapelets): Conv1d(6, 14, kernel_size=(70,), stride=(1,))
      )
      (7): MaxCrossCorrelationBlock(
        (shapelets): Conv1d(6, 14, kernel_size=(80,), stride=(1,))
      )
    )
  )
  (linear): Linear(in_features=320, out_features=2, bias=True)
  (projection): Sequential(
    (0): BatchNorm1d(320, eps=1e-05, momentum=0.1, affine=True, track_running_stats=True)
  )
  (bn1): BatchNorm1d(104, eps=1e-05, momentum=0.1, affine=True, track_running_stats=True)
  (bn2): BatchNorm1d(104, eps=1e-05, momentum=0.1, affine=True, track_running_stats=True)
  (bn3): BatchNorm1d(112, eps=1e-05, momentum=0.1, affine=True, track_running_stats=True)
  (projection2): Sequential(
    (0): Linear(in_features=320, out_features=256, bias=True)
    (1): ReLU()
    (2): Linear(in_features=256, out_features=128, bias=True)
  )
)
2025-03-06 00:08:56,087 | INFO : CSL(
  (shapelets_euclidean): ShapeletsDistBlocks(
    (blocks): ModuleList(
      (0-7): 8 x MinEuclideanDistBlock()
    )
  )
  (shapelets_cosine): ShapeletsDistBlocks(
    (blocks): ModuleList(
      (0-7): 8 x MaxCosineSimilarityBlock(
        (relu): ReLU()
      )
    )
  )
  (shapelets_cross_correlation): ShapeletsDistBlocks(
    (blocks): ModuleList(
      (0): MaxCrossCorrelationBlock(
        (shapelets): Conv1d(6, 14, kernel_size=(10,), stride=(1,))
      )
      (1): MaxCrossCorrelationBlock(
        (shapelets): Conv1d(6, 14, kernel_size=(20,), stride=(1,))
      )
      (2): MaxCrossCorrelationBlock(
        (shapelets): Conv1d(6, 14, kernel_size=(30,), stride=(1,))
      )
      (3): MaxCrossCorrelationBlock(
        (shapelets): Conv1d(6, 14, kernel_size=(40,), stride=(1,))
      )
      (4): MaxCrossCorrelationBlock(
        (shapelets): Conv1d(6, 14, kernel_size=(50,), stride=(1,))
      )
      (5): MaxCrossCorrelationBlock(
        (shapelets): Conv1d(6, 14, kernel_size=(60,), stride=(1,))
      )
      (6): MaxCrossCorrelationBlock(
        (shapelets): Conv1d(6, 14, kernel_size=(70,), stride=(1,))
      )
      (7): MaxCrossCorrelationBlock(
        (shapelets): Conv1d(6, 14, kernel_size=(80,), stride=(1,))
      )
    )
  )
  (linear): Linear(in_features=320, out_features=2, bias=True)
  (projection): Sequential(
    (0): BatchNorm1d(320, eps=1e-05, momentum=0.1, affine=True, track_running_stats=True)
  )
  (bn1): BatchNorm1d(104, eps=1e-05, momentum=0.1, affine=True, track_running_stats=True)
  (bn2): BatchNorm1d(104, eps=1e-05, momentum=0.1, affine=True, track_running_stats=True)
  (bn3): BatchNorm1d(112, eps=1e-05, momentum=0.1, affine=True, track_running_stats=True)
  (projection2): Sequential(
    (0): Linear(in_features=320, out_features=256, bias=True)
    (1): ReLU()
    (2): Linear(in_features=256, out_features=128, bias=True)
  )
)
2025-03-06 00:08:56,087 | INFO : CSL(
  (shapelets_euclidean): ShapeletsDistBlocks(
    (blocks): ModuleList(
      (0-7): 8 x MinEuclideanDistBlock()
    )
  )
  (shapelets_cosine): ShapeletsDistBlocks(
    (blocks): ModuleList(
      (0-7): 8 x MaxCosineSimilarityBlock(
        (relu): ReLU()
      )
    )
  )
  (shapelets_cross_correlation): ShapeletsDistBlocks(
    (blocks): ModuleList(
      (0): MaxCrossCorrelationBlock(
        (shapelets): Conv1d(6, 14, kernel_size=(10,), stride=(1,))
      )
      (1): MaxCrossCorrelationBlock(
        (shapelets): Conv1d(6, 14, kernel_size=(20,), stride=(1,))
      )
      (2): MaxCrossCorrelationBlock(
        (shapelets): Conv1d(6, 14, kernel_size=(30,), stride=(1,))
      )
      (3): MaxCrossCorrelationBlock(
        (shapelets): Conv1d(6, 14, kernel_size=(40,), stride=(1,))
      )
      (4): MaxCrossCorrelationBlock(
        (shapelets): Conv1d(6, 14, kernel_size=(50,), stride=(1,))
      )
      (5): MaxCrossCorrelationBlock(
        (shapelets): Conv1d(6, 14, kernel_size=(60,), stride=(1,))
      )
      (6): MaxCrossCorrelationBlock(
        (shapelets): Conv1d(6, 14, kernel_size=(70,), stride=(1,))
      )
      (7): MaxCrossCorrelationBlock(
        (shapelets): Conv1d(6, 14, kernel_size=(80,), stride=(1,))
      )
    )
  )
  (linear): Linear(in_features=320, out_features=2, bias=True)
  (projection): Sequential(
    (0): BatchNorm1d(320, eps=1e-05, momentum=0.1, affine=True, track_running_stats=True)
  )
  (bn1): BatchNorm1d(104, eps=1e-05, momentum=0.1, affine=True, track_running_stats=True)
  (bn2): BatchNorm1d(104, eps=1e-05, momentum=0.1, affine=True, track_running_stats=True)
  (bn3): BatchNorm1d(112, eps=1e-05, momentum=0.1, affine=True, track_running_stats=True)
  (projection2): Sequential(
    (0): Linear(in_features=320, out_features=256, bias=True)
    (1): ReLU()
    (2): Linear(in_features=256, out_features=128, bias=True)
  )
)
2025-03-06 00:09:08,037 | INFO : train_ds length: 40, valid_ds length: 40
2025-03-06 00:09:08,037 | INFO : train_ds length: 40, valid_ds length: 40
2025-03-06 00:09:08,037 | INFO : train_ds length: 40, valid_ds length: 40
2025-03-06 00:09:08,037 | INFO : train_ds length: 40, valid_ds length: 40
2025-03-06 00:09:08,037 | INFO : train_ds length: 40, valid_ds length: 40
2025-03-06 00:09:08,037 | INFO : train_ds length: 40, valid_ds length: 40
2025-03-06 00:09:08,037 | INFO : train_ds length: 40, valid_ds length: 40
2025-03-06 00:09:08,037 | INFO : train_ds length: 40, valid_ds length: 40
2025-03-06 00:09:08,037 | INFO : train_ds length: 40, valid_ds length: 40
2025-03-06 00:09:08,053 | INFO : {'output_dims': 320, 'feat_dim': 6, 'max_len': 100, 'device': 'cpu'}
2025-03-06 00:09:08,053 | INFO : {'output_dims': 320, 'feat_dim': 6, 'max_len': 100, 'device': 'cpu'}
2025-03-06 00:09:08,053 | INFO : {'output_dims': 320, 'feat_dim': 6, 'max_len': 100, 'device': 'cpu'}
2025-03-06 00:09:08,053 | INFO : {'output_dims': 320, 'feat_dim': 6, 'max_len': 100, 'device': 'cpu'}
2025-03-06 00:09:08,053 | INFO : {'output_dims': 320, 'feat_dim': 6, 'max_len': 100, 'device': 'cpu'}
2025-03-06 00:09:08,053 | INFO : {'output_dims': 320, 'feat_dim': 6, 'max_len': 100, 'device': 'cpu'}
2025-03-06 00:09:08,053 | INFO : {'output_dims': 320, 'feat_dim': 6, 'max_len': 100, 'device': 'cpu'}
2025-03-06 00:09:08,053 | INFO : {'output_dims': 320, 'feat_dim': 6, 'max_len': 100, 'device': 'cpu'}
2025-03-06 00:09:08,053 | INFO : {'output_dims': 320, 'feat_dim': 6, 'max_len': 100, 'device': 'cpu'}
2025-03-06 00:09:08,055 | INFO : CSL(
  (shapelets_euclidean): ShapeletsDistBlocks(
    (blocks): ModuleList(
      (0-7): 8 x MinEuclideanDistBlock()
    )
  )
  (shapelets_cosine): ShapeletsDistBlocks(
    (blocks): ModuleList(
      (0-7): 8 x MaxCosineSimilarityBlock(
        (relu): ReLU()
      )
    )
  )
  (shapelets_cross_correlation): ShapeletsDistBlocks(
    (blocks): ModuleList(
      (0): MaxCrossCorrelationBlock(
        (shapelets): Conv1d(6, 14, kernel_size=(10,), stride=(1,))
      )
      (1): MaxCrossCorrelationBlock(
        (shapelets): Conv1d(6, 14, kernel_size=(20,), stride=(1,))
      )
      (2): MaxCrossCorrelationBlock(
        (shapelets): Conv1d(6, 14, kernel_size=(30,), stride=(1,))
      )
      (3): MaxCrossCorrelationBlock(
        (shapelets): Conv1d(6, 14, kernel_size=(40,), stride=(1,))
      )
      (4): MaxCrossCorrelationBlock(
        (shapelets): Conv1d(6, 14, kernel_size=(50,), stride=(1,))
      )
      (5): MaxCrossCorrelationBlock(
        (shapelets): Conv1d(6, 14, kernel_size=(60,), stride=(1,))
      )
      (6): MaxCrossCorrelationBlock(
        (shapelets): Conv1d(6, 14, kernel_size=(70,), stride=(1,))
      )
      (7): MaxCrossCorrelationBlock(
        (shapelets): Conv1d(6, 14, kernel_size=(80,), stride=(1,))
      )
    )
  )
  (linear): Linear(in_features=320, out_features=2, bias=True)
  (projection): Sequential(
    (0): BatchNorm1d(320, eps=1e-05, momentum=0.1, affine=True, track_running_stats=True)
  )
  (bn1): BatchNorm1d(104, eps=1e-05, momentum=0.1, affine=True, track_running_stats=True)
  (bn2): BatchNorm1d(104, eps=1e-05, momentum=0.1, affine=True, track_running_stats=True)
  (bn3): BatchNorm1d(112, eps=1e-05, momentum=0.1, affine=True, track_running_stats=True)
  (projection2): Sequential(
    (0): Linear(in_features=320, out_features=256, bias=True)
    (1): ReLU()
    (2): Linear(in_features=256, out_features=128, bias=True)
  )
)
2025-03-06 00:09:08,055 | INFO : CSL(
  (shapelets_euclidean): ShapeletsDistBlocks(
    (blocks): ModuleList(
      (0-7): 8 x MinEuclideanDistBlock()
    )
  )
  (shapelets_cosine): ShapeletsDistBlocks(
    (blocks): ModuleList(
      (0-7): 8 x MaxCosineSimilarityBlock(
        (relu): ReLU()
      )
    )
  )
  (shapelets_cross_correlation): ShapeletsDistBlocks(
    (blocks): ModuleList(
      (0): MaxCrossCorrelationBlock(
        (shapelets): Conv1d(6, 14, kernel_size=(10,), stride=(1,))
      )
      (1): MaxCrossCorrelationBlock(
        (shapelets): Conv1d(6, 14, kernel_size=(20,), stride=(1,))
      )
      (2): MaxCrossCorrelationBlock(
        (shapelets): Conv1d(6, 14, kernel_size=(30,), stride=(1,))
      )
      (3): MaxCrossCorrelationBlock(
        (shapelets): Conv1d(6, 14, kernel_size=(40,), stride=(1,))
      )
      (4): MaxCrossCorrelationBlock(
        (shapelets): Conv1d(6, 14, kernel_size=(50,), stride=(1,))
      )
      (5): MaxCrossCorrelationBlock(
        (shapelets): Conv1d(6, 14, kernel_size=(60,), stride=(1,))
      )
      (6): MaxCrossCorrelationBlock(
        (shapelets): Conv1d(6, 14, kernel_size=(70,), stride=(1,))
      )
      (7): MaxCrossCorrelationBlock(
        (shapelets): Conv1d(6, 14, kernel_size=(80,), stride=(1,))
      )
    )
  )
  (linear): Linear(in_features=320, out_features=2, bias=True)
  (projection): Sequential(
    (0): BatchNorm1d(320, eps=1e-05, momentum=0.1, affine=True, track_running_stats=True)
  )
  (bn1): BatchNorm1d(104, eps=1e-05, momentum=0.1, affine=True, track_running_stats=True)
  (bn2): BatchNorm1d(104, eps=1e-05, momentum=0.1, affine=True, track_running_stats=True)
  (bn3): BatchNorm1d(112, eps=1e-05, momentum=0.1, affine=True, track_running_stats=True)
  (projection2): Sequential(
    (0): Linear(in_features=320, out_features=256, bias=True)
    (1): ReLU()
    (2): Linear(in_features=256, out_features=128, bias=True)
  )
)
2025-03-06 00:09:08,055 | INFO : CSL(
  (shapelets_euclidean): ShapeletsDistBlocks(
    (blocks): ModuleList(
      (0-7): 8 x MinEuclideanDistBlock()
    )
  )
  (shapelets_cosine): ShapeletsDistBlocks(
    (blocks): ModuleList(
      (0-7): 8 x MaxCosineSimilarityBlock(
        (relu): ReLU()
      )
    )
  )
  (shapelets_cross_correlation): ShapeletsDistBlocks(
    (blocks): ModuleList(
      (0): MaxCrossCorrelationBlock(
        (shapelets): Conv1d(6, 14, kernel_size=(10,), stride=(1,))
      )
      (1): MaxCrossCorrelationBlock(
        (shapelets): Conv1d(6, 14, kernel_size=(20,), stride=(1,))
      )
      (2): MaxCrossCorrelationBlock(
        (shapelets): Conv1d(6, 14, kernel_size=(30,), stride=(1,))
      )
      (3): MaxCrossCorrelationBlock(
        (shapelets): Conv1d(6, 14, kernel_size=(40,), stride=(1,))
      )
      (4): MaxCrossCorrelationBlock(
        (shapelets): Conv1d(6, 14, kernel_size=(50,), stride=(1,))
      )
      (5): MaxCrossCorrelationBlock(
        (shapelets): Conv1d(6, 14, kernel_size=(60,), stride=(1,))
      )
      (6): MaxCrossCorrelationBlock(
        (shapelets): Conv1d(6, 14, kernel_size=(70,), stride=(1,))
      )
      (7): MaxCrossCorrelationBlock(
        (shapelets): Conv1d(6, 14, kernel_size=(80,), stride=(1,))
      )
    )
  )
  (linear): Linear(in_features=320, out_features=2, bias=True)
  (projection): Sequential(
    (0): BatchNorm1d(320, eps=1e-05, momentum=0.1, affine=True, track_running_stats=True)
  )
  (bn1): BatchNorm1d(104, eps=1e-05, momentum=0.1, affine=True, track_running_stats=True)
  (bn2): BatchNorm1d(104, eps=1e-05, momentum=0.1, affine=True, track_running_stats=True)
  (bn3): BatchNorm1d(112, eps=1e-05, momentum=0.1, affine=True, track_running_stats=True)
  (projection2): Sequential(
    (0): Linear(in_features=320, out_features=256, bias=True)
    (1): ReLU()
    (2): Linear(in_features=256, out_features=128, bias=True)
  )
)
2025-03-06 00:09:08,055 | INFO : CSL(
  (shapelets_euclidean): ShapeletsDistBlocks(
    (blocks): ModuleList(
      (0-7): 8 x MinEuclideanDistBlock()
    )
  )
  (shapelets_cosine): ShapeletsDistBlocks(
    (blocks): ModuleList(
      (0-7): 8 x MaxCosineSimilarityBlock(
        (relu): ReLU()
      )
    )
  )
  (shapelets_cross_correlation): ShapeletsDistBlocks(
    (blocks): ModuleList(
      (0): MaxCrossCorrelationBlock(
        (shapelets): Conv1d(6, 14, kernel_size=(10,), stride=(1,))
      )
      (1): MaxCrossCorrelationBlock(
        (shapelets): Conv1d(6, 14, kernel_size=(20,), stride=(1,))
      )
      (2): MaxCrossCorrelationBlock(
        (shapelets): Conv1d(6, 14, kernel_size=(30,), stride=(1,))
      )
      (3): MaxCrossCorrelationBlock(
        (shapelets): Conv1d(6, 14, kernel_size=(40,), stride=(1,))
      )
      (4): MaxCrossCorrelationBlock(
        (shapelets): Conv1d(6, 14, kernel_size=(50,), stride=(1,))
      )
      (5): MaxCrossCorrelationBlock(
        (shapelets): Conv1d(6, 14, kernel_size=(60,), stride=(1,))
      )
      (6): MaxCrossCorrelationBlock(
        (shapelets): Conv1d(6, 14, kernel_size=(70,), stride=(1,))
      )
      (7): MaxCrossCorrelationBlock(
        (shapelets): Conv1d(6, 14, kernel_size=(80,), stride=(1,))
      )
    )
  )
  (linear): Linear(in_features=320, out_features=2, bias=True)
  (projection): Sequential(
    (0): BatchNorm1d(320, eps=1e-05, momentum=0.1, affine=True, track_running_stats=True)
  )
  (bn1): BatchNorm1d(104, eps=1e-05, momentum=0.1, affine=True, track_running_stats=True)
  (bn2): BatchNorm1d(104, eps=1e-05, momentum=0.1, affine=True, track_running_stats=True)
  (bn3): BatchNorm1d(112, eps=1e-05, momentum=0.1, affine=True, track_running_stats=True)
  (projection2): Sequential(
    (0): Linear(in_features=320, out_features=256, bias=True)
    (1): ReLU()
    (2): Linear(in_features=256, out_features=128, bias=True)
  )
)
2025-03-06 00:09:08,055 | INFO : CSL(
  (shapelets_euclidean): ShapeletsDistBlocks(
    (blocks): ModuleList(
      (0-7): 8 x MinEuclideanDistBlock()
    )
  )
  (shapelets_cosine): ShapeletsDistBlocks(
    (blocks): ModuleList(
      (0-7): 8 x MaxCosineSimilarityBlock(
        (relu): ReLU()
      )
    )
  )
  (shapelets_cross_correlation): ShapeletsDistBlocks(
    (blocks): ModuleList(
      (0): MaxCrossCorrelationBlock(
        (shapelets): Conv1d(6, 14, kernel_size=(10,), stride=(1,))
      )
      (1): MaxCrossCorrelationBlock(
        (shapelets): Conv1d(6, 14, kernel_size=(20,), stride=(1,))
      )
      (2): MaxCrossCorrelationBlock(
        (shapelets): Conv1d(6, 14, kernel_size=(30,), stride=(1,))
      )
      (3): MaxCrossCorrelationBlock(
        (shapelets): Conv1d(6, 14, kernel_size=(40,), stride=(1,))
      )
      (4): MaxCrossCorrelationBlock(
        (shapelets): Conv1d(6, 14, kernel_size=(50,), stride=(1,))
      )
      (5): MaxCrossCorrelationBlock(
        (shapelets): Conv1d(6, 14, kernel_size=(60,), stride=(1,))
      )
      (6): MaxCrossCorrelationBlock(
        (shapelets): Conv1d(6, 14, kernel_size=(70,), stride=(1,))
      )
      (7): MaxCrossCorrelationBlock(
        (shapelets): Conv1d(6, 14, kernel_size=(80,), stride=(1,))
      )
    )
  )
  (linear): Linear(in_features=320, out_features=2, bias=True)
  (projection): Sequential(
    (0): BatchNorm1d(320, eps=1e-05, momentum=0.1, affine=True, track_running_stats=True)
  )
  (bn1): BatchNorm1d(104, eps=1e-05, momentum=0.1, affine=True, track_running_stats=True)
  (bn2): BatchNorm1d(104, eps=1e-05, momentum=0.1, affine=True, track_running_stats=True)
  (bn3): BatchNorm1d(112, eps=1e-05, momentum=0.1, affine=True, track_running_stats=True)
  (projection2): Sequential(
    (0): Linear(in_features=320, out_features=256, bias=True)
    (1): ReLU()
    (2): Linear(in_features=256, out_features=128, bias=True)
  )
)
2025-03-06 00:09:08,055 | INFO : CSL(
  (shapelets_euclidean): ShapeletsDistBlocks(
    (blocks): ModuleList(
      (0-7): 8 x MinEuclideanDistBlock()
    )
  )
  (shapelets_cosine): ShapeletsDistBlocks(
    (blocks): ModuleList(
      (0-7): 8 x MaxCosineSimilarityBlock(
        (relu): ReLU()
      )
    )
  )
  (shapelets_cross_correlation): ShapeletsDistBlocks(
    (blocks): ModuleList(
      (0): MaxCrossCorrelationBlock(
        (shapelets): Conv1d(6, 14, kernel_size=(10,), stride=(1,))
      )
      (1): MaxCrossCorrelationBlock(
        (shapelets): Conv1d(6, 14, kernel_size=(20,), stride=(1,))
      )
      (2): MaxCrossCorrelationBlock(
        (shapelets): Conv1d(6, 14, kernel_size=(30,), stride=(1,))
      )
      (3): MaxCrossCorrelationBlock(
        (shapelets): Conv1d(6, 14, kernel_size=(40,), stride=(1,))
      )
      (4): MaxCrossCorrelationBlock(
        (shapelets): Conv1d(6, 14, kernel_size=(50,), stride=(1,))
      )
      (5): MaxCrossCorrelationBlock(
        (shapelets): Conv1d(6, 14, kernel_size=(60,), stride=(1,))
      )
      (6): MaxCrossCorrelationBlock(
        (shapelets): Conv1d(6, 14, kernel_size=(70,), stride=(1,))
      )
      (7): MaxCrossCorrelationBlock(
        (shapelets): Conv1d(6, 14, kernel_size=(80,), stride=(1,))
      )
    )
  )
  (linear): Linear(in_features=320, out_features=2, bias=True)
  (projection): Sequential(
    (0): BatchNorm1d(320, eps=1e-05, momentum=0.1, affine=True, track_running_stats=True)
  )
  (bn1): BatchNorm1d(104, eps=1e-05, momentum=0.1, affine=True, track_running_stats=True)
  (bn2): BatchNorm1d(104, eps=1e-05, momentum=0.1, affine=True, track_running_stats=True)
  (bn3): BatchNorm1d(112, eps=1e-05, momentum=0.1, affine=True, track_running_stats=True)
  (projection2): Sequential(
    (0): Linear(in_features=320, out_features=256, bias=True)
    (1): ReLU()
    (2): Linear(in_features=256, out_features=128, bias=True)
  )
)
2025-03-06 00:09:08,055 | INFO : CSL(
  (shapelets_euclidean): ShapeletsDistBlocks(
    (blocks): ModuleList(
      (0-7): 8 x MinEuclideanDistBlock()
    )
  )
  (shapelets_cosine): ShapeletsDistBlocks(
    (blocks): ModuleList(
      (0-7): 8 x MaxCosineSimilarityBlock(
        (relu): ReLU()
      )
    )
  )
  (shapelets_cross_correlation): ShapeletsDistBlocks(
    (blocks): ModuleList(
      (0): MaxCrossCorrelationBlock(
        (shapelets): Conv1d(6, 14, kernel_size=(10,), stride=(1,))
      )
      (1): MaxCrossCorrelationBlock(
        (shapelets): Conv1d(6, 14, kernel_size=(20,), stride=(1,))
      )
      (2): MaxCrossCorrelationBlock(
        (shapelets): Conv1d(6, 14, kernel_size=(30,), stride=(1,))
      )
      (3): MaxCrossCorrelationBlock(
        (shapelets): Conv1d(6, 14, kernel_size=(40,), stride=(1,))
      )
      (4): MaxCrossCorrelationBlock(
        (shapelets): Conv1d(6, 14, kernel_size=(50,), stride=(1,))
      )
      (5): MaxCrossCorrelationBlock(
        (shapelets): Conv1d(6, 14, kernel_size=(60,), stride=(1,))
      )
      (6): MaxCrossCorrelationBlock(
        (shapelets): Conv1d(6, 14, kernel_size=(70,), stride=(1,))
      )
      (7): MaxCrossCorrelationBlock(
        (shapelets): Conv1d(6, 14, kernel_size=(80,), stride=(1,))
      )
    )
  )
  (linear): Linear(in_features=320, out_features=2, bias=True)
  (projection): Sequential(
    (0): BatchNorm1d(320, eps=1e-05, momentum=0.1, affine=True, track_running_stats=True)
  )
  (bn1): BatchNorm1d(104, eps=1e-05, momentum=0.1, affine=True, track_running_stats=True)
  (bn2): BatchNorm1d(104, eps=1e-05, momentum=0.1, affine=True, track_running_stats=True)
  (bn3): BatchNorm1d(112, eps=1e-05, momentum=0.1, affine=True, track_running_stats=True)
  (projection2): Sequential(
    (0): Linear(in_features=320, out_features=256, bias=True)
    (1): ReLU()
    (2): Linear(in_features=256, out_features=128, bias=True)
  )
)
2025-03-06 00:09:08,055 | INFO : CSL(
  (shapelets_euclidean): ShapeletsDistBlocks(
    (blocks): ModuleList(
      (0-7): 8 x MinEuclideanDistBlock()
    )
  )
  (shapelets_cosine): ShapeletsDistBlocks(
    (blocks): ModuleList(
      (0-7): 8 x MaxCosineSimilarityBlock(
        (relu): ReLU()
      )
    )
  )
  (shapelets_cross_correlation): ShapeletsDistBlocks(
    (blocks): ModuleList(
      (0): MaxCrossCorrelationBlock(
        (shapelets): Conv1d(6, 14, kernel_size=(10,), stride=(1,))
      )
      (1): MaxCrossCorrelationBlock(
        (shapelets): Conv1d(6, 14, kernel_size=(20,), stride=(1,))
      )
      (2): MaxCrossCorrelationBlock(
        (shapelets): Conv1d(6, 14, kernel_size=(30,), stride=(1,))
      )
      (3): MaxCrossCorrelationBlock(
        (shapelets): Conv1d(6, 14, kernel_size=(40,), stride=(1,))
      )
      (4): MaxCrossCorrelationBlock(
        (shapelets): Conv1d(6, 14, kernel_size=(50,), stride=(1,))
      )
      (5): MaxCrossCorrelationBlock(
        (shapelets): Conv1d(6, 14, kernel_size=(60,), stride=(1,))
      )
      (6): MaxCrossCorrelationBlock(
        (shapelets): Conv1d(6, 14, kernel_size=(70,), stride=(1,))
      )
      (7): MaxCrossCorrelationBlock(
        (shapelets): Conv1d(6, 14, kernel_size=(80,), stride=(1,))
      )
    )
  )
  (linear): Linear(in_features=320, out_features=2, bias=True)
  (projection): Sequential(
    (0): BatchNorm1d(320, eps=1e-05, momentum=0.1, affine=True, track_running_stats=True)
  )
  (bn1): BatchNorm1d(104, eps=1e-05, momentum=0.1, affine=True, track_running_stats=True)
  (bn2): BatchNorm1d(104, eps=1e-05, momentum=0.1, affine=True, track_running_stats=True)
  (bn3): BatchNorm1d(112, eps=1e-05, momentum=0.1, affine=True, track_running_stats=True)
  (projection2): Sequential(
    (0): Linear(in_features=320, out_features=256, bias=True)
    (1): ReLU()
    (2): Linear(in_features=256, out_features=128, bias=True)
  )
)
2025-03-06 00:09:08,055 | INFO : CSL(
  (shapelets_euclidean): ShapeletsDistBlocks(
    (blocks): ModuleList(
      (0-7): 8 x MinEuclideanDistBlock()
    )
  )
  (shapelets_cosine): ShapeletsDistBlocks(
    (blocks): ModuleList(
      (0-7): 8 x MaxCosineSimilarityBlock(
        (relu): ReLU()
      )
    )
  )
  (shapelets_cross_correlation): ShapeletsDistBlocks(
    (blocks): ModuleList(
      (0): MaxCrossCorrelationBlock(
        (shapelets): Conv1d(6, 14, kernel_size=(10,), stride=(1,))
      )
      (1): MaxCrossCorrelationBlock(
        (shapelets): Conv1d(6, 14, kernel_size=(20,), stride=(1,))
      )
      (2): MaxCrossCorrelationBlock(
        (shapelets): Conv1d(6, 14, kernel_size=(30,), stride=(1,))
      )
      (3): MaxCrossCorrelationBlock(
        (shapelets): Conv1d(6, 14, kernel_size=(40,), stride=(1,))
      )
      (4): MaxCrossCorrelationBlock(
        (shapelets): Conv1d(6, 14, kernel_size=(50,), stride=(1,))
      )
      (5): MaxCrossCorrelationBlock(
        (shapelets): Conv1d(6, 14, kernel_size=(60,), stride=(1,))
      )
      (6): MaxCrossCorrelationBlock(
        (shapelets): Conv1d(6, 14, kernel_size=(70,), stride=(1,))
      )
      (7): MaxCrossCorrelationBlock(
        (shapelets): Conv1d(6, 14, kernel_size=(80,), stride=(1,))
      )
    )
  )
  (linear): Linear(in_features=320, out_features=2, bias=True)
  (projection): Sequential(
    (0): BatchNorm1d(320, eps=1e-05, momentum=0.1, affine=True, track_running_stats=True)
  )
  (bn1): BatchNorm1d(104, eps=1e-05, momentum=0.1, affine=True, track_running_stats=True)
  (bn2): BatchNorm1d(104, eps=1e-05, momentum=0.1, affine=True, track_running_stats=True)
  (bn3): BatchNorm1d(112, eps=1e-05, momentum=0.1, affine=True, track_running_stats=True)
  (projection2): Sequential(
    (0): Linear(in_features=320, out_features=256, bias=True)
    (1): ReLU()
    (2): Linear(in_features=256, out_features=128, bias=True)
  )
)
2025-03-06 00:09:10,597 | INFO : Evaluating on validation set ...
2025-03-06 00:09:10,597 | INFO : Evaluating on validation set ...
2025-03-06 00:09:10,597 | INFO : Evaluating on validation set ...
2025-03-06 00:09:10,597 | INFO : Evaluating on validation set ...
2025-03-06 00:09:10,597 | INFO : Evaluating on validation set ...
2025-03-06 00:09:10,597 | INFO : Evaluating on validation set ...
2025-03-06 00:09:10,597 | INFO : Evaluating on validation set ...
2025-03-06 00:09:10,597 | INFO : Evaluating on validation set ...
2025-03-06 00:09:10,597 | INFO : Evaluating on validation set ...
2025-03-06 00:09:11,718 | INFO : Validation runtime: 0.0 hours, 0.0 minutes, 1.118699312210083 seconds

2025-03-06 00:09:11,718 | INFO : Validation runtime: 0.0 hours, 0.0 minutes, 1.118699312210083 seconds

2025-03-06 00:09:11,718 | INFO : Validation runtime: 0.0 hours, 0.0 minutes, 1.118699312210083 seconds

2025-03-06 00:09:11,718 | INFO : Validation runtime: 0.0 hours, 0.0 minutes, 1.118699312210083 seconds

2025-03-06 00:09:11,718 | INFO : Validation runtime: 0.0 hours, 0.0 minutes, 1.118699312210083 seconds

2025-03-06 00:09:11,718 | INFO : Validation runtime: 0.0 hours, 0.0 minutes, 1.118699312210083 seconds

2025-03-06 00:09:11,718 | INFO : Validation runtime: 0.0 hours, 0.0 minutes, 1.118699312210083 seconds

2025-03-06 00:09:11,718 | INFO : Validation runtime: 0.0 hours, 0.0 minutes, 1.118699312210083 seconds

2025-03-06 00:09:11,718 | INFO : Validation runtime: 0.0 hours, 0.0 minutes, 1.118699312210083 seconds

2025-03-06 00:09:11,721 | INFO : Avg val. time: 0.0 hours, 0.0 minutes, 1.118699312210083 seconds
2025-03-06 00:09:11,721 | INFO : Avg val. time: 0.0 hours, 0.0 minutes, 1.118699312210083 seconds
2025-03-06 00:09:11,721 | INFO : Avg val. time: 0.0 hours, 0.0 minutes, 1.118699312210083 seconds
2025-03-06 00:09:11,721 | INFO : Avg val. time: 0.0 hours, 0.0 minutes, 1.118699312210083 seconds
2025-03-06 00:09:11,721 | INFO : Avg val. time: 0.0 hours, 0.0 minutes, 1.118699312210083 seconds
2025-03-06 00:09:11,721 | INFO : Avg val. time: 0.0 hours, 0.0 minutes, 1.118699312210083 seconds
2025-03-06 00:09:11,721 | INFO : Avg val. time: 0.0 hours, 0.0 minutes, 1.118699312210083 seconds
2025-03-06 00:09:11,721 | INFO : Avg val. time: 0.0 hours, 0.0 minutes, 1.118699312210083 seconds
2025-03-06 00:09:11,721 | INFO : Avg val. time: 0.0 hours, 0.0 minutes, 1.118699312210083 seconds
2025-03-06 00:09:11,723 | INFO : Avg batch val. time: 0.027967482805252075 seconds
2025-03-06 00:09:11,723 | INFO : Avg batch val. time: 0.027967482805252075 seconds
2025-03-06 00:09:11,723 | INFO : Avg batch val. time: 0.027967482805252075 seconds
2025-03-06 00:09:11,723 | INFO : Avg batch val. time: 0.027967482805252075 seconds
2025-03-06 00:09:11,723 | INFO : Avg batch val. time: 0.027967482805252075 seconds
2025-03-06 00:09:11,723 | INFO : Avg batch val. time: 0.027967482805252075 seconds
2025-03-06 00:09:11,723 | INFO : Avg batch val. time: 0.027967482805252075 seconds
2025-03-06 00:09:11,723 | INFO : Avg batch val. time: 0.027967482805252075 seconds
2025-03-06 00:09:11,723 | INFO : Avg batch val. time: 0.027967482805252075 seconds
2025-03-06 00:09:11,724 | INFO : Avg sample val. time: 0.027967482805252075 seconds
2025-03-06 00:09:11,724 | INFO : Avg sample val. time: 0.027967482805252075 seconds
2025-03-06 00:09:11,724 | INFO : Avg sample val. time: 0.027967482805252075 seconds
2025-03-06 00:09:11,724 | INFO : Avg sample val. time: 0.027967482805252075 seconds
2025-03-06 00:09:11,724 | INFO : Avg sample val. time: 0.027967482805252075 seconds
2025-03-06 00:09:11,724 | INFO : Avg sample val. time: 0.027967482805252075 seconds
2025-03-06 00:09:11,724 | INFO : Avg sample val. time: 0.027967482805252075 seconds
2025-03-06 00:09:11,724 | INFO : Avg sample val. time: 0.027967482805252075 seconds
2025-03-06 00:09:11,724 | INFO : Avg sample val. time: 0.027967482805252075 seconds
2025-03-06 00:09:11,726 | INFO : Epoch 0 Validation Summary: epoch: 0.000000 | loss: 0.051363 | 
2025-03-06 00:09:11,726 | INFO : Epoch 0 Validation Summary: epoch: 0.000000 | loss: 0.051363 | 
2025-03-06 00:09:11,726 | INFO : Epoch 0 Validation Summary: epoch: 0.000000 | loss: 0.051363 | 
2025-03-06 00:09:11,726 | INFO : Epoch 0 Validation Summary: epoch: 0.000000 | loss: 0.051363 | 
2025-03-06 00:09:11,726 | INFO : Epoch 0 Validation Summary: epoch: 0.000000 | loss: 0.051363 | 
2025-03-06 00:09:11,726 | INFO : Epoch 0 Validation Summary: epoch: 0.000000 | loss: 0.051363 | 
2025-03-06 00:09:11,726 | INFO : Epoch 0 Validation Summary: epoch: 0.000000 | loss: 0.051363 | 
2025-03-06 00:09:11,726 | INFO : Epoch 0 Validation Summary: epoch: 0.000000 | loss: 0.051363 | 
2025-03-06 00:09:11,726 | INFO : Epoch 0 Validation Summary: epoch: 0.000000 | loss: 0.051363 | 
2025-03-06 00:09:14,273 | INFO : Evaluating on validation set ...
2025-03-06 00:09:14,273 | INFO : Evaluating on validation set ...
2025-03-06 00:09:14,273 | INFO : Evaluating on validation set ...
2025-03-06 00:09:14,273 | INFO : Evaluating on validation set ...
2025-03-06 00:09:14,273 | INFO : Evaluating on validation set ...
2025-03-06 00:09:14,273 | INFO : Evaluating on validation set ...
2025-03-06 00:09:14,273 | INFO : Evaluating on validation set ...
2025-03-06 00:09:14,273 | INFO : Evaluating on validation set ...
2025-03-06 00:09:14,273 | INFO : Evaluating on validation set ...
2025-03-06 00:09:15,469 | INFO : Validation runtime: 0.0 hours, 0.0 minutes, 1.1925930976867676 seconds

2025-03-06 00:09:15,469 | INFO : Validation runtime: 0.0 hours, 0.0 minutes, 1.1925930976867676 seconds

2025-03-06 00:09:15,469 | INFO : Validation runtime: 0.0 hours, 0.0 minutes, 1.1925930976867676 seconds

2025-03-06 00:09:15,469 | INFO : Validation runtime: 0.0 hours, 0.0 minutes, 1.1925930976867676 seconds

2025-03-06 00:09:15,469 | INFO : Validation runtime: 0.0 hours, 0.0 minutes, 1.1925930976867676 seconds

2025-03-06 00:09:15,469 | INFO : Validation runtime: 0.0 hours, 0.0 minutes, 1.1925930976867676 seconds

2025-03-06 00:09:15,469 | INFO : Validation runtime: 0.0 hours, 0.0 minutes, 1.1925930976867676 seconds

2025-03-06 00:09:15,469 | INFO : Validation runtime: 0.0 hours, 0.0 minutes, 1.1925930976867676 seconds

2025-03-06 00:09:15,469 | INFO : Validation runtime: 0.0 hours, 0.0 minutes, 1.1925930976867676 seconds

2025-03-06 00:09:15,477 | INFO : Avg val. time: 0.0 hours, 0.0 minutes, 1.1556462049484253 seconds
2025-03-06 00:09:15,477 | INFO : Avg val. time: 0.0 hours, 0.0 minutes, 1.1556462049484253 seconds
2025-03-06 00:09:15,477 | INFO : Avg val. time: 0.0 hours, 0.0 minutes, 1.1556462049484253 seconds
2025-03-06 00:09:15,477 | INFO : Avg val. time: 0.0 hours, 0.0 minutes, 1.1556462049484253 seconds
2025-03-06 00:09:15,477 | INFO : Avg val. time: 0.0 hours, 0.0 minutes, 1.1556462049484253 seconds
2025-03-06 00:09:15,477 | INFO : Avg val. time: 0.0 hours, 0.0 minutes, 1.1556462049484253 seconds
2025-03-06 00:09:15,477 | INFO : Avg val. time: 0.0 hours, 0.0 minutes, 1.1556462049484253 seconds
2025-03-06 00:09:15,477 | INFO : Avg val. time: 0.0 hours, 0.0 minutes, 1.1556462049484253 seconds
2025-03-06 00:09:15,477 | INFO : Avg val. time: 0.0 hours, 0.0 minutes, 1.1556462049484253 seconds
2025-03-06 00:09:15,481 | INFO : Avg batch val. time: 0.028891155123710634 seconds
2025-03-06 00:09:15,481 | INFO : Avg batch val. time: 0.028891155123710634 seconds
2025-03-06 00:09:15,481 | INFO : Avg batch val. time: 0.028891155123710634 seconds
2025-03-06 00:09:15,481 | INFO : Avg batch val. time: 0.028891155123710634 seconds
2025-03-06 00:09:15,481 | INFO : Avg batch val. time: 0.028891155123710634 seconds
2025-03-06 00:09:15,481 | INFO : Avg batch val. time: 0.028891155123710634 seconds
2025-03-06 00:09:15,481 | INFO : Avg batch val. time: 0.028891155123710634 seconds
2025-03-06 00:09:15,481 | INFO : Avg batch val. time: 0.028891155123710634 seconds
2025-03-06 00:09:15,481 | INFO : Avg batch val. time: 0.028891155123710634 seconds
2025-03-06 00:09:15,484 | INFO : Avg sample val. time: 0.028891155123710634 seconds
2025-03-06 00:09:15,484 | INFO : Avg sample val. time: 0.028891155123710634 seconds
2025-03-06 00:09:15,484 | INFO : Avg sample val. time: 0.028891155123710634 seconds
2025-03-06 00:09:15,484 | INFO : Avg sample val. time: 0.028891155123710634 seconds
2025-03-06 00:09:15,484 | INFO : Avg sample val. time: 0.028891155123710634 seconds
2025-03-06 00:09:15,484 | INFO : Avg sample val. time: 0.028891155123710634 seconds
2025-03-06 00:09:15,484 | INFO : Avg sample val. time: 0.028891155123710634 seconds
2025-03-06 00:09:15,484 | INFO : Avg sample val. time: 0.028891155123710634 seconds
2025-03-06 00:09:15,484 | INFO : Avg sample val. time: 0.028891155123710634 seconds
2025-03-06 00:09:15,488 | INFO : Epoch 1 Validation Summary: epoch: 1.000000 | loss: 0.051174 | 
2025-03-06 00:09:15,488 | INFO : Epoch 1 Validation Summary: epoch: 1.000000 | loss: 0.051174 | 
2025-03-06 00:09:15,488 | INFO : Epoch 1 Validation Summary: epoch: 1.000000 | loss: 0.051174 | 
2025-03-06 00:09:15,488 | INFO : Epoch 1 Validation Summary: epoch: 1.000000 | loss: 0.051174 | 
2025-03-06 00:09:15,488 | INFO : Epoch 1 Validation Summary: epoch: 1.000000 | loss: 0.051174 | 
2025-03-06 00:09:15,488 | INFO : Epoch 1 Validation Summary: epoch: 1.000000 | loss: 0.051174 | 
2025-03-06 00:09:15,488 | INFO : Epoch 1 Validation Summary: epoch: 1.000000 | loss: 0.051174 | 
2025-03-06 00:09:15,488 | INFO : Epoch 1 Validation Summary: epoch: 1.000000 | loss: 0.051174 | 
2025-03-06 00:09:15,488 | INFO : Epoch 1 Validation Summary: epoch: 1.000000 | loss: 0.051174 | 
2025-03-06 00:09:18,032 | INFO : Evaluating on validation set ...
2025-03-06 00:09:18,032 | INFO : Evaluating on validation set ...
2025-03-06 00:09:18,032 | INFO : Evaluating on validation set ...
2025-03-06 00:09:18,032 | INFO : Evaluating on validation set ...
2025-03-06 00:09:18,032 | INFO : Evaluating on validation set ...
2025-03-06 00:09:18,032 | INFO : Evaluating on validation set ...
2025-03-06 00:09:18,032 | INFO : Evaluating on validation set ...
2025-03-06 00:09:18,032 | INFO : Evaluating on validation set ...
2025-03-06 00:09:18,032 | INFO : Evaluating on validation set ...
2025-03-06 00:09:19,204 | INFO : Validation runtime: 0.0 hours, 0.0 minutes, 1.1528615951538086 seconds

2025-03-06 00:09:19,204 | INFO : Validation runtime: 0.0 hours, 0.0 minutes, 1.1528615951538086 seconds

2025-03-06 00:09:19,204 | INFO : Validation runtime: 0.0 hours, 0.0 minutes, 1.1528615951538086 seconds

2025-03-06 00:09:19,204 | INFO : Validation runtime: 0.0 hours, 0.0 minutes, 1.1528615951538086 seconds

2025-03-06 00:09:19,204 | INFO : Validation runtime: 0.0 hours, 0.0 minutes, 1.1528615951538086 seconds

2025-03-06 00:09:19,204 | INFO : Validation runtime: 0.0 hours, 0.0 minutes, 1.1528615951538086 seconds

2025-03-06 00:09:19,204 | INFO : Validation runtime: 0.0 hours, 0.0 minutes, 1.1528615951538086 seconds

2025-03-06 00:09:19,204 | INFO : Validation runtime: 0.0 hours, 0.0 minutes, 1.1528615951538086 seconds

2025-03-06 00:09:19,204 | INFO : Validation runtime: 0.0 hours, 0.0 minutes, 1.1528615951538086 seconds

2025-03-06 00:09:19,208 | INFO : Avg val. time: 0.0 hours, 0.0 minutes, 1.154718001683553 seconds
2025-03-06 00:09:19,208 | INFO : Avg val. time: 0.0 hours, 0.0 minutes, 1.154718001683553 seconds
2025-03-06 00:09:19,208 | INFO : Avg val. time: 0.0 hours, 0.0 minutes, 1.154718001683553 seconds
2025-03-06 00:09:19,208 | INFO : Avg val. time: 0.0 hours, 0.0 minutes, 1.154718001683553 seconds
2025-03-06 00:09:19,208 | INFO : Avg val. time: 0.0 hours, 0.0 minutes, 1.154718001683553 seconds
2025-03-06 00:09:19,208 | INFO : Avg val. time: 0.0 hours, 0.0 minutes, 1.154718001683553 seconds
2025-03-06 00:09:19,208 | INFO : Avg val. time: 0.0 hours, 0.0 minutes, 1.154718001683553 seconds
2025-03-06 00:09:19,208 | INFO : Avg val. time: 0.0 hours, 0.0 minutes, 1.154718001683553 seconds
2025-03-06 00:09:19,208 | INFO : Avg val. time: 0.0 hours, 0.0 minutes, 1.154718001683553 seconds
2025-03-06 00:09:19,210 | INFO : Avg batch val. time: 0.028867950042088825 seconds
2025-03-06 00:09:19,210 | INFO : Avg batch val. time: 0.028867950042088825 seconds
2025-03-06 00:09:19,210 | INFO : Avg batch val. time: 0.028867950042088825 seconds
2025-03-06 00:09:19,210 | INFO : Avg batch val. time: 0.028867950042088825 seconds
2025-03-06 00:09:19,210 | INFO : Avg batch val. time: 0.028867950042088825 seconds
2025-03-06 00:09:19,210 | INFO : Avg batch val. time: 0.028867950042088825 seconds
2025-03-06 00:09:19,210 | INFO : Avg batch val. time: 0.028867950042088825 seconds
2025-03-06 00:09:19,210 | INFO : Avg batch val. time: 0.028867950042088825 seconds
2025-03-06 00:09:19,210 | INFO : Avg batch val. time: 0.028867950042088825 seconds
2025-03-06 00:09:19,211 | INFO : Avg sample val. time: 0.028867950042088825 seconds
2025-03-06 00:09:19,211 | INFO : Avg sample val. time: 0.028867950042088825 seconds
2025-03-06 00:09:19,211 | INFO : Avg sample val. time: 0.028867950042088825 seconds
2025-03-06 00:09:19,211 | INFO : Avg sample val. time: 0.028867950042088825 seconds
2025-03-06 00:09:19,211 | INFO : Avg sample val. time: 0.028867950042088825 seconds
2025-03-06 00:09:19,211 | INFO : Avg sample val. time: 0.028867950042088825 seconds
2025-03-06 00:09:19,211 | INFO : Avg sample val. time: 0.028867950042088825 seconds
2025-03-06 00:09:19,211 | INFO : Avg sample val. time: 0.028867950042088825 seconds
2025-03-06 00:09:19,211 | INFO : Avg sample val. time: 0.028867950042088825 seconds
2025-03-06 00:09:19,213 | INFO : Epoch 2 Validation Summary: epoch: 2.000000 | loss: 0.052436 | 
2025-03-06 00:09:19,213 | INFO : Epoch 2 Validation Summary: epoch: 2.000000 | loss: 0.052436 | 
2025-03-06 00:09:19,213 | INFO : Epoch 2 Validation Summary: epoch: 2.000000 | loss: 0.052436 | 
2025-03-06 00:09:19,213 | INFO : Epoch 2 Validation Summary: epoch: 2.000000 | loss: 0.052436 | 
2025-03-06 00:09:19,213 | INFO : Epoch 2 Validation Summary: epoch: 2.000000 | loss: 0.052436 | 
2025-03-06 00:09:19,213 | INFO : Epoch 2 Validation Summary: epoch: 2.000000 | loss: 0.052436 | 
2025-03-06 00:09:19,213 | INFO : Epoch 2 Validation Summary: epoch: 2.000000 | loss: 0.052436 | 
2025-03-06 00:09:19,213 | INFO : Epoch 2 Validation Summary: epoch: 2.000000 | loss: 0.052436 | 
2025-03-06 00:09:19,213 | INFO : Epoch 2 Validation Summary: epoch: 2.000000 | loss: 0.052436 | 
2025-03-06 00:09:21,737 | INFO : Evaluating on validation set ...
2025-03-06 00:09:21,737 | INFO : Evaluating on validation set ...
2025-03-06 00:09:21,737 | INFO : Evaluating on validation set ...
2025-03-06 00:09:21,737 | INFO : Evaluating on validation set ...
2025-03-06 00:09:21,737 | INFO : Evaluating on validation set ...
2025-03-06 00:09:21,737 | INFO : Evaluating on validation set ...
2025-03-06 00:09:21,737 | INFO : Evaluating on validation set ...
2025-03-06 00:09:21,737 | INFO : Evaluating on validation set ...
2025-03-06 00:09:21,737 | INFO : Evaluating on validation set ...
2025-03-06 00:09:23,143 | INFO : Validation runtime: 0.0 hours, 0.0 minutes, 1.4016311168670654 seconds

2025-03-06 00:09:23,143 | INFO : Validation runtime: 0.0 hours, 0.0 minutes, 1.4016311168670654 seconds

2025-03-06 00:09:23,143 | INFO : Validation runtime: 0.0 hours, 0.0 minutes, 1.4016311168670654 seconds

2025-03-06 00:09:23,143 | INFO : Validation runtime: 0.0 hours, 0.0 minutes, 1.4016311168670654 seconds

2025-03-06 00:09:23,143 | INFO : Validation runtime: 0.0 hours, 0.0 minutes, 1.4016311168670654 seconds

2025-03-06 00:09:23,143 | INFO : Validation runtime: 0.0 hours, 0.0 minutes, 1.4016311168670654 seconds

2025-03-06 00:09:23,143 | INFO : Validation runtime: 0.0 hours, 0.0 minutes, 1.4016311168670654 seconds

2025-03-06 00:09:23,143 | INFO : Validation runtime: 0.0 hours, 0.0 minutes, 1.4016311168670654 seconds

2025-03-06 00:09:23,143 | INFO : Validation runtime: 0.0 hours, 0.0 minutes, 1.4016311168670654 seconds

2025-03-06 00:09:23,145 | INFO : Avg val. time: 0.0 hours, 0.0 minutes, 1.2164462804794312 seconds
2025-03-06 00:09:23,145 | INFO : Avg val. time: 0.0 hours, 0.0 minutes, 1.2164462804794312 seconds
2025-03-06 00:09:23,145 | INFO : Avg val. time: 0.0 hours, 0.0 minutes, 1.2164462804794312 seconds
2025-03-06 00:09:23,145 | INFO : Avg val. time: 0.0 hours, 0.0 minutes, 1.2164462804794312 seconds
2025-03-06 00:09:23,145 | INFO : Avg val. time: 0.0 hours, 0.0 minutes, 1.2164462804794312 seconds
2025-03-06 00:09:23,145 | INFO : Avg val. time: 0.0 hours, 0.0 minutes, 1.2164462804794312 seconds
2025-03-06 00:09:23,145 | INFO : Avg val. time: 0.0 hours, 0.0 minutes, 1.2164462804794312 seconds
2025-03-06 00:09:23,145 | INFO : Avg val. time: 0.0 hours, 0.0 minutes, 1.2164462804794312 seconds
2025-03-06 00:09:23,145 | INFO : Avg val. time: 0.0 hours, 0.0 minutes, 1.2164462804794312 seconds
2025-03-06 00:09:23,147 | INFO : Avg batch val. time: 0.030411157011985778 seconds
2025-03-06 00:09:23,147 | INFO : Avg batch val. time: 0.030411157011985778 seconds
2025-03-06 00:09:23,147 | INFO : Avg batch val. time: 0.030411157011985778 seconds
2025-03-06 00:09:23,147 | INFO : Avg batch val. time: 0.030411157011985778 seconds
2025-03-06 00:09:23,147 | INFO : Avg batch val. time: 0.030411157011985778 seconds
2025-03-06 00:09:23,147 | INFO : Avg batch val. time: 0.030411157011985778 seconds
2025-03-06 00:09:23,147 | INFO : Avg batch val. time: 0.030411157011985778 seconds
2025-03-06 00:09:23,147 | INFO : Avg batch val. time: 0.030411157011985778 seconds
2025-03-06 00:09:23,147 | INFO : Avg batch val. time: 0.030411157011985778 seconds
2025-03-06 00:09:23,149 | INFO : Avg sample val. time: 0.030411157011985778 seconds
2025-03-06 00:09:23,149 | INFO : Avg sample val. time: 0.030411157011985778 seconds
2025-03-06 00:09:23,149 | INFO : Avg sample val. time: 0.030411157011985778 seconds
2025-03-06 00:09:23,149 | INFO : Avg sample val. time: 0.030411157011985778 seconds
2025-03-06 00:09:23,149 | INFO : Avg sample val. time: 0.030411157011985778 seconds
2025-03-06 00:09:23,149 | INFO : Avg sample val. time: 0.030411157011985778 seconds
2025-03-06 00:09:23,149 | INFO : Avg sample val. time: 0.030411157011985778 seconds
2025-03-06 00:09:23,149 | INFO : Avg sample val. time: 0.030411157011985778 seconds
2025-03-06 00:09:23,149 | INFO : Avg sample val. time: 0.030411157011985778 seconds
2025-03-06 00:09:23,151 | INFO : Epoch 3 Validation Summary: epoch: 3.000000 | loss: 0.053594 | 
2025-03-06 00:09:23,151 | INFO : Epoch 3 Validation Summary: epoch: 3.000000 | loss: 0.053594 | 
2025-03-06 00:09:23,151 | INFO : Epoch 3 Validation Summary: epoch: 3.000000 | loss: 0.053594 | 
2025-03-06 00:09:23,151 | INFO : Epoch 3 Validation Summary: epoch: 3.000000 | loss: 0.053594 | 
2025-03-06 00:09:23,151 | INFO : Epoch 3 Validation Summary: epoch: 3.000000 | loss: 0.053594 | 
2025-03-06 00:09:23,151 | INFO : Epoch 3 Validation Summary: epoch: 3.000000 | loss: 0.053594 | 
2025-03-06 00:09:23,151 | INFO : Epoch 3 Validation Summary: epoch: 3.000000 | loss: 0.053594 | 
2025-03-06 00:09:23,151 | INFO : Epoch 3 Validation Summary: epoch: 3.000000 | loss: 0.053594 | 
2025-03-06 00:09:23,151 | INFO : Epoch 3 Validation Summary: epoch: 3.000000 | loss: 0.053594 | 
2025-03-06 00:09:25,755 | INFO : Evaluating on validation set ...
2025-03-06 00:09:25,755 | INFO : Evaluating on validation set ...
2025-03-06 00:09:25,755 | INFO : Evaluating on validation set ...
2025-03-06 00:09:25,755 | INFO : Evaluating on validation set ...
2025-03-06 00:09:25,755 | INFO : Evaluating on validation set ...
2025-03-06 00:09:25,755 | INFO : Evaluating on validation set ...
2025-03-06 00:09:25,755 | INFO : Evaluating on validation set ...
2025-03-06 00:09:25,755 | INFO : Evaluating on validation set ...
2025-03-06 00:09:25,755 | INFO : Evaluating on validation set ...
2025-03-06 00:09:26,948 | INFO : Validation runtime: 0.0 hours, 0.0 minutes, 1.188460350036621 seconds

2025-03-06 00:09:26,948 | INFO : Validation runtime: 0.0 hours, 0.0 minutes, 1.188460350036621 seconds

2025-03-06 00:09:26,948 | INFO : Validation runtime: 0.0 hours, 0.0 minutes, 1.188460350036621 seconds

2025-03-06 00:09:26,948 | INFO : Validation runtime: 0.0 hours, 0.0 minutes, 1.188460350036621 seconds

2025-03-06 00:09:26,948 | INFO : Validation runtime: 0.0 hours, 0.0 minutes, 1.188460350036621 seconds

2025-03-06 00:09:26,948 | INFO : Validation runtime: 0.0 hours, 0.0 minutes, 1.188460350036621 seconds

2025-03-06 00:09:26,948 | INFO : Validation runtime: 0.0 hours, 0.0 minutes, 1.188460350036621 seconds

2025-03-06 00:09:26,948 | INFO : Validation runtime: 0.0 hours, 0.0 minutes, 1.188460350036621 seconds

2025-03-06 00:09:26,948 | INFO : Validation runtime: 0.0 hours, 0.0 minutes, 1.188460350036621 seconds

2025-03-06 00:09:26,950 | INFO : Avg val. time: 0.0 hours, 0.0 minutes, 1.2108490943908692 seconds
2025-03-06 00:09:26,950 | INFO : Avg val. time: 0.0 hours, 0.0 minutes, 1.2108490943908692 seconds
2025-03-06 00:09:26,950 | INFO : Avg val. time: 0.0 hours, 0.0 minutes, 1.2108490943908692 seconds
2025-03-06 00:09:26,950 | INFO : Avg val. time: 0.0 hours, 0.0 minutes, 1.2108490943908692 seconds
2025-03-06 00:09:26,950 | INFO : Avg val. time: 0.0 hours, 0.0 minutes, 1.2108490943908692 seconds
2025-03-06 00:09:26,950 | INFO : Avg val. time: 0.0 hours, 0.0 minutes, 1.2108490943908692 seconds
2025-03-06 00:09:26,950 | INFO : Avg val. time: 0.0 hours, 0.0 minutes, 1.2108490943908692 seconds
2025-03-06 00:09:26,950 | INFO : Avg val. time: 0.0 hours, 0.0 minutes, 1.2108490943908692 seconds
2025-03-06 00:09:26,950 | INFO : Avg val. time: 0.0 hours, 0.0 minutes, 1.2108490943908692 seconds
2025-03-06 00:09:26,952 | INFO : Avg batch val. time: 0.03027122735977173 seconds
2025-03-06 00:09:26,952 | INFO : Avg batch val. time: 0.03027122735977173 seconds
2025-03-06 00:09:26,952 | INFO : Avg batch val. time: 0.03027122735977173 seconds
2025-03-06 00:09:26,952 | INFO : Avg batch val. time: 0.03027122735977173 seconds
2025-03-06 00:09:26,952 | INFO : Avg batch val. time: 0.03027122735977173 seconds
2025-03-06 00:09:26,952 | INFO : Avg batch val. time: 0.03027122735977173 seconds
2025-03-06 00:09:26,952 | INFO : Avg batch val. time: 0.03027122735977173 seconds
2025-03-06 00:09:26,952 | INFO : Avg batch val. time: 0.03027122735977173 seconds
2025-03-06 00:09:26,952 | INFO : Avg batch val. time: 0.03027122735977173 seconds
2025-03-06 00:09:26,953 | INFO : Avg sample val. time: 0.03027122735977173 seconds
2025-03-06 00:09:26,953 | INFO : Avg sample val. time: 0.03027122735977173 seconds
2025-03-06 00:09:26,953 | INFO : Avg sample val. time: 0.03027122735977173 seconds
2025-03-06 00:09:26,953 | INFO : Avg sample val. time: 0.03027122735977173 seconds
2025-03-06 00:09:26,953 | INFO : Avg sample val. time: 0.03027122735977173 seconds
2025-03-06 00:09:26,953 | INFO : Avg sample val. time: 0.03027122735977173 seconds
2025-03-06 00:09:26,953 | INFO : Avg sample val. time: 0.03027122735977173 seconds
2025-03-06 00:09:26,953 | INFO : Avg sample val. time: 0.03027122735977173 seconds
2025-03-06 00:09:26,953 | INFO : Avg sample val. time: 0.03027122735977173 seconds
2025-03-06 00:09:26,955 | INFO : Epoch 4 Validation Summary: epoch: 4.000000 | loss: 0.054637 | 
2025-03-06 00:09:26,955 | INFO : Epoch 4 Validation Summary: epoch: 4.000000 | loss: 0.054637 | 
2025-03-06 00:09:26,955 | INFO : Epoch 4 Validation Summary: epoch: 4.000000 | loss: 0.054637 | 
2025-03-06 00:09:26,955 | INFO : Epoch 4 Validation Summary: epoch: 4.000000 | loss: 0.054637 | 
2025-03-06 00:09:26,955 | INFO : Epoch 4 Validation Summary: epoch: 4.000000 | loss: 0.054637 | 
2025-03-06 00:09:26,955 | INFO : Epoch 4 Validation Summary: epoch: 4.000000 | loss: 0.054637 | 
2025-03-06 00:09:26,955 | INFO : Epoch 4 Validation Summary: epoch: 4.000000 | loss: 0.054637 | 
2025-03-06 00:09:26,955 | INFO : Epoch 4 Validation Summary: epoch: 4.000000 | loss: 0.054637 | 
2025-03-06 00:09:26,955 | INFO : Epoch 4 Validation Summary: epoch: 4.000000 | loss: 0.054637 | 
2025-03-06 00:09:29,482 | INFO : Evaluating on validation set ...
2025-03-06 00:09:29,482 | INFO : Evaluating on validation set ...
2025-03-06 00:09:29,482 | INFO : Evaluating on validation set ...
2025-03-06 00:09:29,482 | INFO : Evaluating on validation set ...
2025-03-06 00:09:29,482 | INFO : Evaluating on validation set ...
2025-03-06 00:09:29,482 | INFO : Evaluating on validation set ...
2025-03-06 00:09:29,482 | INFO : Evaluating on validation set ...
2025-03-06 00:09:29,482 | INFO : Evaluating on validation set ...
2025-03-06 00:09:29,482 | INFO : Evaluating on validation set ...
2025-03-06 00:09:30,616 | INFO : Validation runtime: 0.0 hours, 0.0 minutes, 1.130746603012085 seconds

2025-03-06 00:09:30,616 | INFO : Validation runtime: 0.0 hours, 0.0 minutes, 1.130746603012085 seconds

2025-03-06 00:09:30,616 | INFO : Validation runtime: 0.0 hours, 0.0 minutes, 1.130746603012085 seconds

2025-03-06 00:09:30,616 | INFO : Validation runtime: 0.0 hours, 0.0 minutes, 1.130746603012085 seconds

2025-03-06 00:09:30,616 | INFO : Validation runtime: 0.0 hours, 0.0 minutes, 1.130746603012085 seconds

2025-03-06 00:09:30,616 | INFO : Validation runtime: 0.0 hours, 0.0 minutes, 1.130746603012085 seconds

2025-03-06 00:09:30,616 | INFO : Validation runtime: 0.0 hours, 0.0 minutes, 1.130746603012085 seconds

2025-03-06 00:09:30,616 | INFO : Validation runtime: 0.0 hours, 0.0 minutes, 1.130746603012085 seconds

2025-03-06 00:09:30,616 | INFO : Validation runtime: 0.0 hours, 0.0 minutes, 1.130746603012085 seconds

2025-03-06 00:09:30,618 | INFO : Avg val. time: 0.0 hours, 0.0 minutes, 1.1974986791610718 seconds
2025-03-06 00:09:30,618 | INFO : Avg val. time: 0.0 hours, 0.0 minutes, 1.1974986791610718 seconds
2025-03-06 00:09:30,618 | INFO : Avg val. time: 0.0 hours, 0.0 minutes, 1.1974986791610718 seconds
2025-03-06 00:09:30,618 | INFO : Avg val. time: 0.0 hours, 0.0 minutes, 1.1974986791610718 seconds
2025-03-06 00:09:30,618 | INFO : Avg val. time: 0.0 hours, 0.0 minutes, 1.1974986791610718 seconds
2025-03-06 00:09:30,618 | INFO : Avg val. time: 0.0 hours, 0.0 minutes, 1.1974986791610718 seconds
2025-03-06 00:09:30,618 | INFO : Avg val. time: 0.0 hours, 0.0 minutes, 1.1974986791610718 seconds
2025-03-06 00:09:30,618 | INFO : Avg val. time: 0.0 hours, 0.0 minutes, 1.1974986791610718 seconds
2025-03-06 00:09:30,618 | INFO : Avg val. time: 0.0 hours, 0.0 minutes, 1.1974986791610718 seconds
2025-03-06 00:09:30,620 | INFO : Avg batch val. time: 0.029937466979026793 seconds
2025-03-06 00:09:30,620 | INFO : Avg batch val. time: 0.029937466979026793 seconds
2025-03-06 00:09:30,620 | INFO : Avg batch val. time: 0.029937466979026793 seconds
2025-03-06 00:09:30,620 | INFO : Avg batch val. time: 0.029937466979026793 seconds
2025-03-06 00:09:30,620 | INFO : Avg batch val. time: 0.029937466979026793 seconds
2025-03-06 00:09:30,620 | INFO : Avg batch val. time: 0.029937466979026793 seconds
2025-03-06 00:09:30,620 | INFO : Avg batch val. time: 0.029937466979026793 seconds
2025-03-06 00:09:30,620 | INFO : Avg batch val. time: 0.029937466979026793 seconds
2025-03-06 00:09:30,620 | INFO : Avg batch val. time: 0.029937466979026793 seconds
2025-03-06 00:09:30,622 | INFO : Avg sample val. time: 0.029937466979026793 seconds
2025-03-06 00:09:30,622 | INFO : Avg sample val. time: 0.029937466979026793 seconds
2025-03-06 00:09:30,622 | INFO : Avg sample val. time: 0.029937466979026793 seconds
2025-03-06 00:09:30,622 | INFO : Avg sample val. time: 0.029937466979026793 seconds
2025-03-06 00:09:30,622 | INFO : Avg sample val. time: 0.029937466979026793 seconds
2025-03-06 00:09:30,622 | INFO : Avg sample val. time: 0.029937466979026793 seconds
2025-03-06 00:09:30,622 | INFO : Avg sample val. time: 0.029937466979026793 seconds
2025-03-06 00:09:30,622 | INFO : Avg sample val. time: 0.029937466979026793 seconds
2025-03-06 00:09:30,622 | INFO : Avg sample val. time: 0.029937466979026793 seconds
2025-03-06 00:09:30,623 | INFO : Epoch 5 Validation Summary: epoch: 5.000000 | loss: 0.055995 | 
2025-03-06 00:09:30,623 | INFO : Epoch 5 Validation Summary: epoch: 5.000000 | loss: 0.055995 | 
2025-03-06 00:09:30,623 | INFO : Epoch 5 Validation Summary: epoch: 5.000000 | loss: 0.055995 | 
2025-03-06 00:09:30,623 | INFO : Epoch 5 Validation Summary: epoch: 5.000000 | loss: 0.055995 | 
2025-03-06 00:09:30,623 | INFO : Epoch 5 Validation Summary: epoch: 5.000000 | loss: 0.055995 | 
2025-03-06 00:09:30,623 | INFO : Epoch 5 Validation Summary: epoch: 5.000000 | loss: 0.055995 | 
2025-03-06 00:09:30,623 | INFO : Epoch 5 Validation Summary: epoch: 5.000000 | loss: 0.055995 | 
2025-03-06 00:09:30,623 | INFO : Epoch 5 Validation Summary: epoch: 5.000000 | loss: 0.055995 | 
2025-03-06 00:09:30,623 | INFO : Epoch 5 Validation Summary: epoch: 5.000000 | loss: 0.055995 | 
2025-03-06 00:09:33,142 | INFO : Evaluating on validation set ...
2025-03-06 00:09:33,142 | INFO : Evaluating on validation set ...
2025-03-06 00:09:33,142 | INFO : Evaluating on validation set ...
2025-03-06 00:09:33,142 | INFO : Evaluating on validation set ...
2025-03-06 00:09:33,142 | INFO : Evaluating on validation set ...
2025-03-06 00:09:33,142 | INFO : Evaluating on validation set ...
2025-03-06 00:09:33,142 | INFO : Evaluating on validation set ...
2025-03-06 00:09:33,142 | INFO : Evaluating on validation set ...
2025-03-06 00:09:33,142 | INFO : Evaluating on validation set ...
2025-03-06 00:09:34,379 | INFO : Validation runtime: 0.0 hours, 0.0 minutes, 1.2330210208892822 seconds

2025-03-06 00:09:34,379 | INFO : Validation runtime: 0.0 hours, 0.0 minutes, 1.2330210208892822 seconds

2025-03-06 00:09:34,379 | INFO : Validation runtime: 0.0 hours, 0.0 minutes, 1.2330210208892822 seconds

2025-03-06 00:09:34,379 | INFO : Validation runtime: 0.0 hours, 0.0 minutes, 1.2330210208892822 seconds

2025-03-06 00:09:34,379 | INFO : Validation runtime: 0.0 hours, 0.0 minutes, 1.2330210208892822 seconds

2025-03-06 00:09:34,379 | INFO : Validation runtime: 0.0 hours, 0.0 minutes, 1.2330210208892822 seconds

2025-03-06 00:09:34,379 | INFO : Validation runtime: 0.0 hours, 0.0 minutes, 1.2330210208892822 seconds

2025-03-06 00:09:34,379 | INFO : Validation runtime: 0.0 hours, 0.0 minutes, 1.2330210208892822 seconds

2025-03-06 00:09:34,379 | INFO : Validation runtime: 0.0 hours, 0.0 minutes, 1.2330210208892822 seconds

2025-03-06 00:09:34,400 | INFO : Avg val. time: 0.0 hours, 0.0 minutes, 1.202573299407959 seconds
2025-03-06 00:09:34,400 | INFO : Avg val. time: 0.0 hours, 0.0 minutes, 1.202573299407959 seconds
2025-03-06 00:09:34,400 | INFO : Avg val. time: 0.0 hours, 0.0 minutes, 1.202573299407959 seconds
2025-03-06 00:09:34,400 | INFO : Avg val. time: 0.0 hours, 0.0 minutes, 1.202573299407959 seconds
2025-03-06 00:09:34,400 | INFO : Avg val. time: 0.0 hours, 0.0 minutes, 1.202573299407959 seconds
2025-03-06 00:09:34,400 | INFO : Avg val. time: 0.0 hours, 0.0 minutes, 1.202573299407959 seconds
2025-03-06 00:09:34,400 | INFO : Avg val. time: 0.0 hours, 0.0 minutes, 1.202573299407959 seconds
2025-03-06 00:09:34,400 | INFO : Avg val. time: 0.0 hours, 0.0 minutes, 1.202573299407959 seconds
2025-03-06 00:09:34,400 | INFO : Avg val. time: 0.0 hours, 0.0 minutes, 1.202573299407959 seconds
2025-03-06 00:09:34,406 | INFO : Avg batch val. time: 0.030064332485198974 seconds
2025-03-06 00:09:34,406 | INFO : Avg batch val. time: 0.030064332485198974 seconds
2025-03-06 00:09:34,406 | INFO : Avg batch val. time: 0.030064332485198974 seconds
2025-03-06 00:09:34,406 | INFO : Avg batch val. time: 0.030064332485198974 seconds
2025-03-06 00:09:34,406 | INFO : Avg batch val. time: 0.030064332485198974 seconds
2025-03-06 00:09:34,406 | INFO : Avg batch val. time: 0.030064332485198974 seconds
2025-03-06 00:09:34,406 | INFO : Avg batch val. time: 0.030064332485198974 seconds
2025-03-06 00:09:34,406 | INFO : Avg batch val. time: 0.030064332485198974 seconds
2025-03-06 00:09:34,406 | INFO : Avg batch val. time: 0.030064332485198974 seconds
2025-03-06 00:09:34,412 | INFO : Avg sample val. time: 0.030064332485198974 seconds
2025-03-06 00:09:34,412 | INFO : Avg sample val. time: 0.030064332485198974 seconds
2025-03-06 00:09:34,412 | INFO : Avg sample val. time: 0.030064332485198974 seconds
2025-03-06 00:09:34,412 | INFO : Avg sample val. time: 0.030064332485198974 seconds
2025-03-06 00:09:34,412 | INFO : Avg sample val. time: 0.030064332485198974 seconds
2025-03-06 00:09:34,412 | INFO : Avg sample val. time: 0.030064332485198974 seconds
2025-03-06 00:09:34,412 | INFO : Avg sample val. time: 0.030064332485198974 seconds
2025-03-06 00:09:34,412 | INFO : Avg sample val. time: 0.030064332485198974 seconds
2025-03-06 00:09:34,412 | INFO : Avg sample val. time: 0.030064332485198974 seconds
2025-03-06 00:09:34,422 | INFO : Epoch 6 Validation Summary: epoch: 6.000000 | loss: 0.057669 | 
2025-03-06 00:09:34,422 | INFO : Epoch 6 Validation Summary: epoch: 6.000000 | loss: 0.057669 | 
2025-03-06 00:09:34,422 | INFO : Epoch 6 Validation Summary: epoch: 6.000000 | loss: 0.057669 | 
2025-03-06 00:09:34,422 | INFO : Epoch 6 Validation Summary: epoch: 6.000000 | loss: 0.057669 | 
2025-03-06 00:09:34,422 | INFO : Epoch 6 Validation Summary: epoch: 6.000000 | loss: 0.057669 | 
2025-03-06 00:09:34,422 | INFO : Epoch 6 Validation Summary: epoch: 6.000000 | loss: 0.057669 | 
2025-03-06 00:09:34,422 | INFO : Epoch 6 Validation Summary: epoch: 6.000000 | loss: 0.057669 | 
2025-03-06 00:09:34,422 | INFO : Epoch 6 Validation Summary: epoch: 6.000000 | loss: 0.057669 | 
2025-03-06 00:09:34,422 | INFO : Epoch 6 Validation Summary: epoch: 6.000000 | loss: 0.057669 | 
2025-03-06 00:09:36,954 | INFO : Evaluating on validation set ...
2025-03-06 00:09:36,954 | INFO : Evaluating on validation set ...
2025-03-06 00:09:36,954 | INFO : Evaluating on validation set ...
2025-03-06 00:09:36,954 | INFO : Evaluating on validation set ...
2025-03-06 00:09:36,954 | INFO : Evaluating on validation set ...
2025-03-06 00:09:36,954 | INFO : Evaluating on validation set ...
2025-03-06 00:09:36,954 | INFO : Evaluating on validation set ...
2025-03-06 00:09:36,954 | INFO : Evaluating on validation set ...
2025-03-06 00:09:36,954 | INFO : Evaluating on validation set ...
2025-03-06 00:09:38,017 | INFO : Validation runtime: 0.0 hours, 0.0 minutes, 1.0597047805786133 seconds

2025-03-06 00:09:38,017 | INFO : Validation runtime: 0.0 hours, 0.0 minutes, 1.0597047805786133 seconds

2025-03-06 00:09:38,017 | INFO : Validation runtime: 0.0 hours, 0.0 minutes, 1.0597047805786133 seconds

2025-03-06 00:09:38,017 | INFO : Validation runtime: 0.0 hours, 0.0 minutes, 1.0597047805786133 seconds

2025-03-06 00:09:38,017 | INFO : Validation runtime: 0.0 hours, 0.0 minutes, 1.0597047805786133 seconds

2025-03-06 00:09:38,017 | INFO : Validation runtime: 0.0 hours, 0.0 minutes, 1.0597047805786133 seconds

2025-03-06 00:09:38,017 | INFO : Validation runtime: 0.0 hours, 0.0 minutes, 1.0597047805786133 seconds

2025-03-06 00:09:38,017 | INFO : Validation runtime: 0.0 hours, 0.0 minutes, 1.0597047805786133 seconds

2025-03-06 00:09:38,017 | INFO : Validation runtime: 0.0 hours, 0.0 minutes, 1.0597047805786133 seconds

2025-03-06 00:09:38,019 | INFO : Avg val. time: 0.0 hours, 0.0 minutes, 1.1847147345542908 seconds
2025-03-06 00:09:38,019 | INFO : Avg val. time: 0.0 hours, 0.0 minutes, 1.1847147345542908 seconds
2025-03-06 00:09:38,019 | INFO : Avg val. time: 0.0 hours, 0.0 minutes, 1.1847147345542908 seconds
2025-03-06 00:09:38,019 | INFO : Avg val. time: 0.0 hours, 0.0 minutes, 1.1847147345542908 seconds
2025-03-06 00:09:38,019 | INFO : Avg val. time: 0.0 hours, 0.0 minutes, 1.1847147345542908 seconds
2025-03-06 00:09:38,019 | INFO : Avg val. time: 0.0 hours, 0.0 minutes, 1.1847147345542908 seconds
2025-03-06 00:09:38,019 | INFO : Avg val. time: 0.0 hours, 0.0 minutes, 1.1847147345542908 seconds
2025-03-06 00:09:38,019 | INFO : Avg val. time: 0.0 hours, 0.0 minutes, 1.1847147345542908 seconds
2025-03-06 00:09:38,019 | INFO : Avg val. time: 0.0 hours, 0.0 minutes, 1.1847147345542908 seconds
2025-03-06 00:09:38,021 | INFO : Avg batch val. time: 0.02961786836385727 seconds
2025-03-06 00:09:38,021 | INFO : Avg batch val. time: 0.02961786836385727 seconds
2025-03-06 00:09:38,021 | INFO : Avg batch val. time: 0.02961786836385727 seconds
2025-03-06 00:09:38,021 | INFO : Avg batch val. time: 0.02961786836385727 seconds
2025-03-06 00:09:38,021 | INFO : Avg batch val. time: 0.02961786836385727 seconds
2025-03-06 00:09:38,021 | INFO : Avg batch val. time: 0.02961786836385727 seconds
2025-03-06 00:09:38,021 | INFO : Avg batch val. time: 0.02961786836385727 seconds
2025-03-06 00:09:38,021 | INFO : Avg batch val. time: 0.02961786836385727 seconds
2025-03-06 00:09:38,021 | INFO : Avg batch val. time: 0.02961786836385727 seconds
2025-03-06 00:09:38,024 | INFO : Avg sample val. time: 0.02961786836385727 seconds
2025-03-06 00:09:38,024 | INFO : Avg sample val. time: 0.02961786836385727 seconds
2025-03-06 00:09:38,024 | INFO : Avg sample val. time: 0.02961786836385727 seconds
2025-03-06 00:09:38,024 | INFO : Avg sample val. time: 0.02961786836385727 seconds
2025-03-06 00:09:38,024 | INFO : Avg sample val. time: 0.02961786836385727 seconds
2025-03-06 00:09:38,024 | INFO : Avg sample val. time: 0.02961786836385727 seconds
2025-03-06 00:09:38,024 | INFO : Avg sample val. time: 0.02961786836385727 seconds
2025-03-06 00:09:38,024 | INFO : Avg sample val. time: 0.02961786836385727 seconds
2025-03-06 00:09:38,024 | INFO : Avg sample val. time: 0.02961786836385727 seconds
2025-03-06 00:09:38,026 | INFO : Epoch 7 Validation Summary: epoch: 7.000000 | loss: 0.059147 | 
2025-03-06 00:09:38,026 | INFO : Epoch 7 Validation Summary: epoch: 7.000000 | loss: 0.059147 | 
2025-03-06 00:09:38,026 | INFO : Epoch 7 Validation Summary: epoch: 7.000000 | loss: 0.059147 | 
2025-03-06 00:09:38,026 | INFO : Epoch 7 Validation Summary: epoch: 7.000000 | loss: 0.059147 | 
2025-03-06 00:09:38,026 | INFO : Epoch 7 Validation Summary: epoch: 7.000000 | loss: 0.059147 | 
2025-03-06 00:09:38,026 | INFO : Epoch 7 Validation Summary: epoch: 7.000000 | loss: 0.059147 | 
2025-03-06 00:09:38,026 | INFO : Epoch 7 Validation Summary: epoch: 7.000000 | loss: 0.059147 | 
2025-03-06 00:09:38,026 | INFO : Epoch 7 Validation Summary: epoch: 7.000000 | loss: 0.059147 | 
2025-03-06 00:09:38,026 | INFO : Epoch 7 Validation Summary: epoch: 7.000000 | loss: 0.059147 | 
2025-03-06 00:09:40,533 | INFO : Evaluating on validation set ...
2025-03-06 00:09:40,533 | INFO : Evaluating on validation set ...
2025-03-06 00:09:40,533 | INFO : Evaluating on validation set ...
2025-03-06 00:09:40,533 | INFO : Evaluating on validation set ...
2025-03-06 00:09:40,533 | INFO : Evaluating on validation set ...
2025-03-06 00:09:40,533 | INFO : Evaluating on validation set ...
2025-03-06 00:09:40,533 | INFO : Evaluating on validation set ...
2025-03-06 00:09:40,533 | INFO : Evaluating on validation set ...
2025-03-06 00:09:40,533 | INFO : Evaluating on validation set ...
2025-03-06 00:09:41,669 | INFO : Validation runtime: 0.0 hours, 0.0 minutes, 1.132805347442627 seconds

2025-03-06 00:09:41,669 | INFO : Validation runtime: 0.0 hours, 0.0 minutes, 1.132805347442627 seconds

2025-03-06 00:09:41,669 | INFO : Validation runtime: 0.0 hours, 0.0 minutes, 1.132805347442627 seconds

2025-03-06 00:09:41,669 | INFO : Validation runtime: 0.0 hours, 0.0 minutes, 1.132805347442627 seconds

2025-03-06 00:09:41,669 | INFO : Validation runtime: 0.0 hours, 0.0 minutes, 1.132805347442627 seconds

2025-03-06 00:09:41,669 | INFO : Validation runtime: 0.0 hours, 0.0 minutes, 1.132805347442627 seconds

2025-03-06 00:09:41,669 | INFO : Validation runtime: 0.0 hours, 0.0 minutes, 1.132805347442627 seconds

2025-03-06 00:09:41,669 | INFO : Validation runtime: 0.0 hours, 0.0 minutes, 1.132805347442627 seconds

2025-03-06 00:09:41,669 | INFO : Validation runtime: 0.0 hours, 0.0 minutes, 1.132805347442627 seconds

2025-03-06 00:09:41,674 | INFO : Avg val. time: 0.0 hours, 0.0 minutes, 1.178947024875217 seconds
2025-03-06 00:09:41,674 | INFO : Avg val. time: 0.0 hours, 0.0 minutes, 1.178947024875217 seconds
2025-03-06 00:09:41,674 | INFO : Avg val. time: 0.0 hours, 0.0 minutes, 1.178947024875217 seconds
2025-03-06 00:09:41,674 | INFO : Avg val. time: 0.0 hours, 0.0 minutes, 1.178947024875217 seconds
2025-03-06 00:09:41,674 | INFO : Avg val. time: 0.0 hours, 0.0 minutes, 1.178947024875217 seconds
2025-03-06 00:09:41,674 | INFO : Avg val. time: 0.0 hours, 0.0 minutes, 1.178947024875217 seconds
2025-03-06 00:09:41,674 | INFO : Avg val. time: 0.0 hours, 0.0 minutes, 1.178947024875217 seconds
2025-03-06 00:09:41,674 | INFO : Avg val. time: 0.0 hours, 0.0 minutes, 1.178947024875217 seconds
2025-03-06 00:09:41,674 | INFO : Avg val. time: 0.0 hours, 0.0 minutes, 1.178947024875217 seconds
2025-03-06 00:09:41,679 | INFO : Avg batch val. time: 0.029473675621880423 seconds
2025-03-06 00:09:41,679 | INFO : Avg batch val. time: 0.029473675621880423 seconds
2025-03-06 00:09:41,679 | INFO : Avg batch val. time: 0.029473675621880423 seconds
2025-03-06 00:09:41,679 | INFO : Avg batch val. time: 0.029473675621880423 seconds
2025-03-06 00:09:41,679 | INFO : Avg batch val. time: 0.029473675621880423 seconds
2025-03-06 00:09:41,679 | INFO : Avg batch val. time: 0.029473675621880423 seconds
2025-03-06 00:09:41,679 | INFO : Avg batch val. time: 0.029473675621880423 seconds
2025-03-06 00:09:41,679 | INFO : Avg batch val. time: 0.029473675621880423 seconds
2025-03-06 00:09:41,679 | INFO : Avg batch val. time: 0.029473675621880423 seconds
2025-03-06 00:09:41,686 | INFO : Avg sample val. time: 0.029473675621880423 seconds
2025-03-06 00:09:41,686 | INFO : Avg sample val. time: 0.029473675621880423 seconds
2025-03-06 00:09:41,686 | INFO : Avg sample val. time: 0.029473675621880423 seconds
2025-03-06 00:09:41,686 | INFO : Avg sample val. time: 0.029473675621880423 seconds
2025-03-06 00:09:41,686 | INFO : Avg sample val. time: 0.029473675621880423 seconds
2025-03-06 00:09:41,686 | INFO : Avg sample val. time: 0.029473675621880423 seconds
2025-03-06 00:09:41,686 | INFO : Avg sample val. time: 0.029473675621880423 seconds
2025-03-06 00:09:41,686 | INFO : Avg sample val. time: 0.029473675621880423 seconds
2025-03-06 00:09:41,686 | INFO : Avg sample val. time: 0.029473675621880423 seconds
2025-03-06 00:09:41,689 | INFO : Epoch 8 Validation Summary: epoch: 8.000000 | loss: 0.060047 | 
2025-03-06 00:09:41,689 | INFO : Epoch 8 Validation Summary: epoch: 8.000000 | loss: 0.060047 | 
2025-03-06 00:09:41,689 | INFO : Epoch 8 Validation Summary: epoch: 8.000000 | loss: 0.060047 | 
2025-03-06 00:09:41,689 | INFO : Epoch 8 Validation Summary: epoch: 8.000000 | loss: 0.060047 | 
2025-03-06 00:09:41,689 | INFO : Epoch 8 Validation Summary: epoch: 8.000000 | loss: 0.060047 | 
2025-03-06 00:09:41,689 | INFO : Epoch 8 Validation Summary: epoch: 8.000000 | loss: 0.060047 | 
2025-03-06 00:09:41,689 | INFO : Epoch 8 Validation Summary: epoch: 8.000000 | loss: 0.060047 | 
2025-03-06 00:09:41,689 | INFO : Epoch 8 Validation Summary: epoch: 8.000000 | loss: 0.060047 | 
2025-03-06 00:09:41,689 | INFO : Epoch 8 Validation Summary: epoch: 8.000000 | loss: 0.060047 | 
2025-03-06 00:09:44,236 | INFO : Evaluating on validation set ...
2025-03-06 00:09:44,236 | INFO : Evaluating on validation set ...
2025-03-06 00:09:44,236 | INFO : Evaluating on validation set ...
2025-03-06 00:09:44,236 | INFO : Evaluating on validation set ...
2025-03-06 00:09:44,236 | INFO : Evaluating on validation set ...
2025-03-06 00:09:44,236 | INFO : Evaluating on validation set ...
2025-03-06 00:09:44,236 | INFO : Evaluating on validation set ...
2025-03-06 00:09:44,236 | INFO : Evaluating on validation set ...
2025-03-06 00:09:44,236 | INFO : Evaluating on validation set ...
2025-03-06 00:09:45,478 | INFO : Validation runtime: 0.0 hours, 0.0 minutes, 1.2389450073242188 seconds

2025-03-06 00:09:45,478 | INFO : Validation runtime: 0.0 hours, 0.0 minutes, 1.2389450073242188 seconds

2025-03-06 00:09:45,478 | INFO : Validation runtime: 0.0 hours, 0.0 minutes, 1.2389450073242188 seconds

2025-03-06 00:09:45,478 | INFO : Validation runtime: 0.0 hours, 0.0 minutes, 1.2389450073242188 seconds

2025-03-06 00:09:45,478 | INFO : Validation runtime: 0.0 hours, 0.0 minutes, 1.2389450073242188 seconds

2025-03-06 00:09:45,478 | INFO : Validation runtime: 0.0 hours, 0.0 minutes, 1.2389450073242188 seconds

2025-03-06 00:09:45,478 | INFO : Validation runtime: 0.0 hours, 0.0 minutes, 1.2389450073242188 seconds

2025-03-06 00:09:45,478 | INFO : Validation runtime: 0.0 hours, 0.0 minutes, 1.2389450073242188 seconds

2025-03-06 00:09:45,478 | INFO : Validation runtime: 0.0 hours, 0.0 minutes, 1.2389450073242188 seconds

2025-03-06 00:09:45,487 | INFO : Avg val. time: 0.0 hours, 0.0 minutes, 1.1849468231201172 seconds
2025-03-06 00:09:45,487 | INFO : Avg val. time: 0.0 hours, 0.0 minutes, 1.1849468231201172 seconds
2025-03-06 00:09:45,487 | INFO : Avg val. time: 0.0 hours, 0.0 minutes, 1.1849468231201172 seconds
2025-03-06 00:09:45,487 | INFO : Avg val. time: 0.0 hours, 0.0 minutes, 1.1849468231201172 seconds
2025-03-06 00:09:45,487 | INFO : Avg val. time: 0.0 hours, 0.0 minutes, 1.1849468231201172 seconds
2025-03-06 00:09:45,487 | INFO : Avg val. time: 0.0 hours, 0.0 minutes, 1.1849468231201172 seconds
2025-03-06 00:09:45,487 | INFO : Avg val. time: 0.0 hours, 0.0 minutes, 1.1849468231201172 seconds
2025-03-06 00:09:45,487 | INFO : Avg val. time: 0.0 hours, 0.0 minutes, 1.1849468231201172 seconds
2025-03-06 00:09:45,487 | INFO : Avg val. time: 0.0 hours, 0.0 minutes, 1.1849468231201172 seconds
2025-03-06 00:09:45,490 | INFO : Avg batch val. time: 0.02962367057800293 seconds
2025-03-06 00:09:45,490 | INFO : Avg batch val. time: 0.02962367057800293 seconds
2025-03-06 00:09:45,490 | INFO : Avg batch val. time: 0.02962367057800293 seconds
2025-03-06 00:09:45,490 | INFO : Avg batch val. time: 0.02962367057800293 seconds
2025-03-06 00:09:45,490 | INFO : Avg batch val. time: 0.02962367057800293 seconds
2025-03-06 00:09:45,490 | INFO : Avg batch val. time: 0.02962367057800293 seconds
2025-03-06 00:09:45,490 | INFO : Avg batch val. time: 0.02962367057800293 seconds
2025-03-06 00:09:45,490 | INFO : Avg batch val. time: 0.02962367057800293 seconds
2025-03-06 00:09:45,490 | INFO : Avg batch val. time: 0.02962367057800293 seconds
2025-03-06 00:09:45,494 | INFO : Avg sample val. time: 0.02962367057800293 seconds
2025-03-06 00:09:45,494 | INFO : Avg sample val. time: 0.02962367057800293 seconds
2025-03-06 00:09:45,494 | INFO : Avg sample val. time: 0.02962367057800293 seconds
2025-03-06 00:09:45,494 | INFO : Avg sample val. time: 0.02962367057800293 seconds
2025-03-06 00:09:45,494 | INFO : Avg sample val. time: 0.02962367057800293 seconds
2025-03-06 00:09:45,494 | INFO : Avg sample val. time: 0.02962367057800293 seconds
2025-03-06 00:09:45,494 | INFO : Avg sample val. time: 0.02962367057800293 seconds
2025-03-06 00:09:45,494 | INFO : Avg sample val. time: 0.02962367057800293 seconds
2025-03-06 00:09:45,494 | INFO : Avg sample val. time: 0.02962367057800293 seconds
2025-03-06 00:09:45,498 | INFO : Epoch 9 Validation Summary: epoch: 9.000000 | loss: 0.060464 | 
2025-03-06 00:09:45,498 | INFO : Epoch 9 Validation Summary: epoch: 9.000000 | loss: 0.060464 | 
2025-03-06 00:09:45,498 | INFO : Epoch 9 Validation Summary: epoch: 9.000000 | loss: 0.060464 | 
2025-03-06 00:09:45,498 | INFO : Epoch 9 Validation Summary: epoch: 9.000000 | loss: 0.060464 | 
2025-03-06 00:09:45,498 | INFO : Epoch 9 Validation Summary: epoch: 9.000000 | loss: 0.060464 | 
2025-03-06 00:09:45,498 | INFO : Epoch 9 Validation Summary: epoch: 9.000000 | loss: 0.060464 | 
2025-03-06 00:09:45,498 | INFO : Epoch 9 Validation Summary: epoch: 9.000000 | loss: 0.060464 | 
2025-03-06 00:09:45,498 | INFO : Epoch 9 Validation Summary: epoch: 9.000000 | loss: 0.060464 | 
2025-03-06 00:09:45,498 | INFO : Epoch 9 Validation Summary: epoch: 9.000000 | loss: 0.060464 | 
2025-03-06 00:12:25,677 | INFO : train_ds length: 40, valid_ds length: 40
2025-03-06 00:12:25,677 | INFO : train_ds length: 40, valid_ds length: 40
2025-03-06 00:12:25,677 | INFO : train_ds length: 40, valid_ds length: 40
2025-03-06 00:12:25,677 | INFO : train_ds length: 40, valid_ds length: 40
2025-03-06 00:12:25,677 | INFO : train_ds length: 40, valid_ds length: 40
2025-03-06 00:12:25,677 | INFO : train_ds length: 40, valid_ds length: 40
2025-03-06 00:12:25,677 | INFO : train_ds length: 40, valid_ds length: 40
2025-03-06 00:12:25,677 | INFO : train_ds length: 40, valid_ds length: 40
2025-03-06 00:12:25,677 | INFO : train_ds length: 40, valid_ds length: 40
2025-03-06 00:12:25,690 | INFO : {'output_dims': 320, 'feat_dim': 6, 'max_len': 100, 'device': 'cpu'}
2025-03-06 00:12:25,690 | INFO : {'output_dims': 320, 'feat_dim': 6, 'max_len': 100, 'device': 'cpu'}
2025-03-06 00:12:25,690 | INFO : {'output_dims': 320, 'feat_dim': 6, 'max_len': 100, 'device': 'cpu'}
2025-03-06 00:12:25,690 | INFO : {'output_dims': 320, 'feat_dim': 6, 'max_len': 100, 'device': 'cpu'}
2025-03-06 00:12:25,690 | INFO : {'output_dims': 320, 'feat_dim': 6, 'max_len': 100, 'device': 'cpu'}
2025-03-06 00:12:25,690 | INFO : {'output_dims': 320, 'feat_dim': 6, 'max_len': 100, 'device': 'cpu'}
2025-03-06 00:12:25,690 | INFO : {'output_dims': 320, 'feat_dim': 6, 'max_len': 100, 'device': 'cpu'}
2025-03-06 00:12:25,690 | INFO : {'output_dims': 320, 'feat_dim': 6, 'max_len': 100, 'device': 'cpu'}
2025-03-06 00:12:25,690 | INFO : {'output_dims': 320, 'feat_dim': 6, 'max_len': 100, 'device': 'cpu'}
2025-03-06 00:12:25,692 | INFO : CSL(
  (shapelets_euclidean): ShapeletsDistBlocks(
    (blocks): ModuleList(
      (0-7): 8 x MinEuclideanDistBlock()
    )
  )
  (shapelets_cosine): ShapeletsDistBlocks(
    (blocks): ModuleList(
      (0-7): 8 x MaxCosineSimilarityBlock(
        (relu): ReLU()
      )
    )
  )
  (shapelets_cross_correlation): ShapeletsDistBlocks(
    (blocks): ModuleList(
      (0): MaxCrossCorrelationBlock(
        (shapelets): Conv1d(6, 14, kernel_size=(10,), stride=(1,))
      )
      (1): MaxCrossCorrelationBlock(
        (shapelets): Conv1d(6, 14, kernel_size=(20,), stride=(1,))
      )
      (2): MaxCrossCorrelationBlock(
        (shapelets): Conv1d(6, 14, kernel_size=(30,), stride=(1,))
      )
      (3): MaxCrossCorrelationBlock(
        (shapelets): Conv1d(6, 14, kernel_size=(40,), stride=(1,))
      )
      (4): MaxCrossCorrelationBlock(
        (shapelets): Conv1d(6, 14, kernel_size=(50,), stride=(1,))
      )
      (5): MaxCrossCorrelationBlock(
        (shapelets): Conv1d(6, 14, kernel_size=(60,), stride=(1,))
      )
      (6): MaxCrossCorrelationBlock(
        (shapelets): Conv1d(6, 14, kernel_size=(70,), stride=(1,))
      )
      (7): MaxCrossCorrelationBlock(
        (shapelets): Conv1d(6, 14, kernel_size=(80,), stride=(1,))
      )
    )
  )
  (linear): Linear(in_features=320, out_features=2, bias=True)
  (projection): Sequential(
    (0): BatchNorm1d(320, eps=1e-05, momentum=0.1, affine=True, track_running_stats=True)
  )
  (bn1): BatchNorm1d(104, eps=1e-05, momentum=0.1, affine=True, track_running_stats=True)
  (bn2): BatchNorm1d(104, eps=1e-05, momentum=0.1, affine=True, track_running_stats=True)
  (bn3): BatchNorm1d(112, eps=1e-05, momentum=0.1, affine=True, track_running_stats=True)
  (projection2): Sequential(
    (0): Linear(in_features=320, out_features=256, bias=True)
    (1): ReLU()
    (2): Linear(in_features=256, out_features=128, bias=True)
  )
)
2025-03-06 00:12:25,692 | INFO : CSL(
  (shapelets_euclidean): ShapeletsDistBlocks(
    (blocks): ModuleList(
      (0-7): 8 x MinEuclideanDistBlock()
    )
  )
  (shapelets_cosine): ShapeletsDistBlocks(
    (blocks): ModuleList(
      (0-7): 8 x MaxCosineSimilarityBlock(
        (relu): ReLU()
      )
    )
  )
  (shapelets_cross_correlation): ShapeletsDistBlocks(
    (blocks): ModuleList(
      (0): MaxCrossCorrelationBlock(
        (shapelets): Conv1d(6, 14, kernel_size=(10,), stride=(1,))
      )
      (1): MaxCrossCorrelationBlock(
        (shapelets): Conv1d(6, 14, kernel_size=(20,), stride=(1,))
      )
      (2): MaxCrossCorrelationBlock(
        (shapelets): Conv1d(6, 14, kernel_size=(30,), stride=(1,))
      )
      (3): MaxCrossCorrelationBlock(
        (shapelets): Conv1d(6, 14, kernel_size=(40,), stride=(1,))
      )
      (4): MaxCrossCorrelationBlock(
        (shapelets): Conv1d(6, 14, kernel_size=(50,), stride=(1,))
      )
      (5): MaxCrossCorrelationBlock(
        (shapelets): Conv1d(6, 14, kernel_size=(60,), stride=(1,))
      )
      (6): MaxCrossCorrelationBlock(
        (shapelets): Conv1d(6, 14, kernel_size=(70,), stride=(1,))
      )
      (7): MaxCrossCorrelationBlock(
        (shapelets): Conv1d(6, 14, kernel_size=(80,), stride=(1,))
      )
    )
  )
  (linear): Linear(in_features=320, out_features=2, bias=True)
  (projection): Sequential(
    (0): BatchNorm1d(320, eps=1e-05, momentum=0.1, affine=True, track_running_stats=True)
  )
  (bn1): BatchNorm1d(104, eps=1e-05, momentum=0.1, affine=True, track_running_stats=True)
  (bn2): BatchNorm1d(104, eps=1e-05, momentum=0.1, affine=True, track_running_stats=True)
  (bn3): BatchNorm1d(112, eps=1e-05, momentum=0.1, affine=True, track_running_stats=True)
  (projection2): Sequential(
    (0): Linear(in_features=320, out_features=256, bias=True)
    (1): ReLU()
    (2): Linear(in_features=256, out_features=128, bias=True)
  )
)
2025-03-06 00:12:25,692 | INFO : CSL(
  (shapelets_euclidean): ShapeletsDistBlocks(
    (blocks): ModuleList(
      (0-7): 8 x MinEuclideanDistBlock()
    )
  )
  (shapelets_cosine): ShapeletsDistBlocks(
    (blocks): ModuleList(
      (0-7): 8 x MaxCosineSimilarityBlock(
        (relu): ReLU()
      )
    )
  )
  (shapelets_cross_correlation): ShapeletsDistBlocks(
    (blocks): ModuleList(
      (0): MaxCrossCorrelationBlock(
        (shapelets): Conv1d(6, 14, kernel_size=(10,), stride=(1,))
      )
      (1): MaxCrossCorrelationBlock(
        (shapelets): Conv1d(6, 14, kernel_size=(20,), stride=(1,))
      )
      (2): MaxCrossCorrelationBlock(
        (shapelets): Conv1d(6, 14, kernel_size=(30,), stride=(1,))
      )
      (3): MaxCrossCorrelationBlock(
        (shapelets): Conv1d(6, 14, kernel_size=(40,), stride=(1,))
      )
      (4): MaxCrossCorrelationBlock(
        (shapelets): Conv1d(6, 14, kernel_size=(50,), stride=(1,))
      )
      (5): MaxCrossCorrelationBlock(
        (shapelets): Conv1d(6, 14, kernel_size=(60,), stride=(1,))
      )
      (6): MaxCrossCorrelationBlock(
        (shapelets): Conv1d(6, 14, kernel_size=(70,), stride=(1,))
      )
      (7): MaxCrossCorrelationBlock(
        (shapelets): Conv1d(6, 14, kernel_size=(80,), stride=(1,))
      )
    )
  )
  (linear): Linear(in_features=320, out_features=2, bias=True)
  (projection): Sequential(
    (0): BatchNorm1d(320, eps=1e-05, momentum=0.1, affine=True, track_running_stats=True)
  )
  (bn1): BatchNorm1d(104, eps=1e-05, momentum=0.1, affine=True, track_running_stats=True)
  (bn2): BatchNorm1d(104, eps=1e-05, momentum=0.1, affine=True, track_running_stats=True)
  (bn3): BatchNorm1d(112, eps=1e-05, momentum=0.1, affine=True, track_running_stats=True)
  (projection2): Sequential(
    (0): Linear(in_features=320, out_features=256, bias=True)
    (1): ReLU()
    (2): Linear(in_features=256, out_features=128, bias=True)
  )
)
2025-03-06 00:12:25,692 | INFO : CSL(
  (shapelets_euclidean): ShapeletsDistBlocks(
    (blocks): ModuleList(
      (0-7): 8 x MinEuclideanDistBlock()
    )
  )
  (shapelets_cosine): ShapeletsDistBlocks(
    (blocks): ModuleList(
      (0-7): 8 x MaxCosineSimilarityBlock(
        (relu): ReLU()
      )
    )
  )
  (shapelets_cross_correlation): ShapeletsDistBlocks(
    (blocks): ModuleList(
      (0): MaxCrossCorrelationBlock(
        (shapelets): Conv1d(6, 14, kernel_size=(10,), stride=(1,))
      )
      (1): MaxCrossCorrelationBlock(
        (shapelets): Conv1d(6, 14, kernel_size=(20,), stride=(1,))
      )
      (2): MaxCrossCorrelationBlock(
        (shapelets): Conv1d(6, 14, kernel_size=(30,), stride=(1,))
      )
      (3): MaxCrossCorrelationBlock(
        (shapelets): Conv1d(6, 14, kernel_size=(40,), stride=(1,))
      )
      (4): MaxCrossCorrelationBlock(
        (shapelets): Conv1d(6, 14, kernel_size=(50,), stride=(1,))
      )
      (5): MaxCrossCorrelationBlock(
        (shapelets): Conv1d(6, 14, kernel_size=(60,), stride=(1,))
      )
      (6): MaxCrossCorrelationBlock(
        (shapelets): Conv1d(6, 14, kernel_size=(70,), stride=(1,))
      )
      (7): MaxCrossCorrelationBlock(
        (shapelets): Conv1d(6, 14, kernel_size=(80,), stride=(1,))
      )
    )
  )
  (linear): Linear(in_features=320, out_features=2, bias=True)
  (projection): Sequential(
    (0): BatchNorm1d(320, eps=1e-05, momentum=0.1, affine=True, track_running_stats=True)
  )
  (bn1): BatchNorm1d(104, eps=1e-05, momentum=0.1, affine=True, track_running_stats=True)
  (bn2): BatchNorm1d(104, eps=1e-05, momentum=0.1, affine=True, track_running_stats=True)
  (bn3): BatchNorm1d(112, eps=1e-05, momentum=0.1, affine=True, track_running_stats=True)
  (projection2): Sequential(
    (0): Linear(in_features=320, out_features=256, bias=True)
    (1): ReLU()
    (2): Linear(in_features=256, out_features=128, bias=True)
  )
)
2025-03-06 00:12:25,692 | INFO : CSL(
  (shapelets_euclidean): ShapeletsDistBlocks(
    (blocks): ModuleList(
      (0-7): 8 x MinEuclideanDistBlock()
    )
  )
  (shapelets_cosine): ShapeletsDistBlocks(
    (blocks): ModuleList(
      (0-7): 8 x MaxCosineSimilarityBlock(
        (relu): ReLU()
      )
    )
  )
  (shapelets_cross_correlation): ShapeletsDistBlocks(
    (blocks): ModuleList(
      (0): MaxCrossCorrelationBlock(
        (shapelets): Conv1d(6, 14, kernel_size=(10,), stride=(1,))
      )
      (1): MaxCrossCorrelationBlock(
        (shapelets): Conv1d(6, 14, kernel_size=(20,), stride=(1,))
      )
      (2): MaxCrossCorrelationBlock(
        (shapelets): Conv1d(6, 14, kernel_size=(30,), stride=(1,))
      )
      (3): MaxCrossCorrelationBlock(
        (shapelets): Conv1d(6, 14, kernel_size=(40,), stride=(1,))
      )
      (4): MaxCrossCorrelationBlock(
        (shapelets): Conv1d(6, 14, kernel_size=(50,), stride=(1,))
      )
      (5): MaxCrossCorrelationBlock(
        (shapelets): Conv1d(6, 14, kernel_size=(60,), stride=(1,))
      )
      (6): MaxCrossCorrelationBlock(
        (shapelets): Conv1d(6, 14, kernel_size=(70,), stride=(1,))
      )
      (7): MaxCrossCorrelationBlock(
        (shapelets): Conv1d(6, 14, kernel_size=(80,), stride=(1,))
      )
    )
  )
  (linear): Linear(in_features=320, out_features=2, bias=True)
  (projection): Sequential(
    (0): BatchNorm1d(320, eps=1e-05, momentum=0.1, affine=True, track_running_stats=True)
  )
  (bn1): BatchNorm1d(104, eps=1e-05, momentum=0.1, affine=True, track_running_stats=True)
  (bn2): BatchNorm1d(104, eps=1e-05, momentum=0.1, affine=True, track_running_stats=True)
  (bn3): BatchNorm1d(112, eps=1e-05, momentum=0.1, affine=True, track_running_stats=True)
  (projection2): Sequential(
    (0): Linear(in_features=320, out_features=256, bias=True)
    (1): ReLU()
    (2): Linear(in_features=256, out_features=128, bias=True)
  )
)
2025-03-06 00:12:25,692 | INFO : CSL(
  (shapelets_euclidean): ShapeletsDistBlocks(
    (blocks): ModuleList(
      (0-7): 8 x MinEuclideanDistBlock()
    )
  )
  (shapelets_cosine): ShapeletsDistBlocks(
    (blocks): ModuleList(
      (0-7): 8 x MaxCosineSimilarityBlock(
        (relu): ReLU()
      )
    )
  )
  (shapelets_cross_correlation): ShapeletsDistBlocks(
    (blocks): ModuleList(
      (0): MaxCrossCorrelationBlock(
        (shapelets): Conv1d(6, 14, kernel_size=(10,), stride=(1,))
      )
      (1): MaxCrossCorrelationBlock(
        (shapelets): Conv1d(6, 14, kernel_size=(20,), stride=(1,))
      )
      (2): MaxCrossCorrelationBlock(
        (shapelets): Conv1d(6, 14, kernel_size=(30,), stride=(1,))
      )
      (3): MaxCrossCorrelationBlock(
        (shapelets): Conv1d(6, 14, kernel_size=(40,), stride=(1,))
      )
      (4): MaxCrossCorrelationBlock(
        (shapelets): Conv1d(6, 14, kernel_size=(50,), stride=(1,))
      )
      (5): MaxCrossCorrelationBlock(
        (shapelets): Conv1d(6, 14, kernel_size=(60,), stride=(1,))
      )
      (6): MaxCrossCorrelationBlock(
        (shapelets): Conv1d(6, 14, kernel_size=(70,), stride=(1,))
      )
      (7): MaxCrossCorrelationBlock(
        (shapelets): Conv1d(6, 14, kernel_size=(80,), stride=(1,))
      )
    )
  )
  (linear): Linear(in_features=320, out_features=2, bias=True)
  (projection): Sequential(
    (0): BatchNorm1d(320, eps=1e-05, momentum=0.1, affine=True, track_running_stats=True)
  )
  (bn1): BatchNorm1d(104, eps=1e-05, momentum=0.1, affine=True, track_running_stats=True)
  (bn2): BatchNorm1d(104, eps=1e-05, momentum=0.1, affine=True, track_running_stats=True)
  (bn3): BatchNorm1d(112, eps=1e-05, momentum=0.1, affine=True, track_running_stats=True)
  (projection2): Sequential(
    (0): Linear(in_features=320, out_features=256, bias=True)
    (1): ReLU()
    (2): Linear(in_features=256, out_features=128, bias=True)
  )
)
2025-03-06 00:12:25,692 | INFO : CSL(
  (shapelets_euclidean): ShapeletsDistBlocks(
    (blocks): ModuleList(
      (0-7): 8 x MinEuclideanDistBlock()
    )
  )
  (shapelets_cosine): ShapeletsDistBlocks(
    (blocks): ModuleList(
      (0-7): 8 x MaxCosineSimilarityBlock(
        (relu): ReLU()
      )
    )
  )
  (shapelets_cross_correlation): ShapeletsDistBlocks(
    (blocks): ModuleList(
      (0): MaxCrossCorrelationBlock(
        (shapelets): Conv1d(6, 14, kernel_size=(10,), stride=(1,))
      )
      (1): MaxCrossCorrelationBlock(
        (shapelets): Conv1d(6, 14, kernel_size=(20,), stride=(1,))
      )
      (2): MaxCrossCorrelationBlock(
        (shapelets): Conv1d(6, 14, kernel_size=(30,), stride=(1,))
      )
      (3): MaxCrossCorrelationBlock(
        (shapelets): Conv1d(6, 14, kernel_size=(40,), stride=(1,))
      )
      (4): MaxCrossCorrelationBlock(
        (shapelets): Conv1d(6, 14, kernel_size=(50,), stride=(1,))
      )
      (5): MaxCrossCorrelationBlock(
        (shapelets): Conv1d(6, 14, kernel_size=(60,), stride=(1,))
      )
      (6): MaxCrossCorrelationBlock(
        (shapelets): Conv1d(6, 14, kernel_size=(70,), stride=(1,))
      )
      (7): MaxCrossCorrelationBlock(
        (shapelets): Conv1d(6, 14, kernel_size=(80,), stride=(1,))
      )
    )
  )
  (linear): Linear(in_features=320, out_features=2, bias=True)
  (projection): Sequential(
    (0): BatchNorm1d(320, eps=1e-05, momentum=0.1, affine=True, track_running_stats=True)
  )
  (bn1): BatchNorm1d(104, eps=1e-05, momentum=0.1, affine=True, track_running_stats=True)
  (bn2): BatchNorm1d(104, eps=1e-05, momentum=0.1, affine=True, track_running_stats=True)
  (bn3): BatchNorm1d(112, eps=1e-05, momentum=0.1, affine=True, track_running_stats=True)
  (projection2): Sequential(
    (0): Linear(in_features=320, out_features=256, bias=True)
    (1): ReLU()
    (2): Linear(in_features=256, out_features=128, bias=True)
  )
)
2025-03-06 00:12:25,692 | INFO : CSL(
  (shapelets_euclidean): ShapeletsDistBlocks(
    (blocks): ModuleList(
      (0-7): 8 x MinEuclideanDistBlock()
    )
  )
  (shapelets_cosine): ShapeletsDistBlocks(
    (blocks): ModuleList(
      (0-7): 8 x MaxCosineSimilarityBlock(
        (relu): ReLU()
      )
    )
  )
  (shapelets_cross_correlation): ShapeletsDistBlocks(
    (blocks): ModuleList(
      (0): MaxCrossCorrelationBlock(
        (shapelets): Conv1d(6, 14, kernel_size=(10,), stride=(1,))
      )
      (1): MaxCrossCorrelationBlock(
        (shapelets): Conv1d(6, 14, kernel_size=(20,), stride=(1,))
      )
      (2): MaxCrossCorrelationBlock(
        (shapelets): Conv1d(6, 14, kernel_size=(30,), stride=(1,))
      )
      (3): MaxCrossCorrelationBlock(
        (shapelets): Conv1d(6, 14, kernel_size=(40,), stride=(1,))
      )
      (4): MaxCrossCorrelationBlock(
        (shapelets): Conv1d(6, 14, kernel_size=(50,), stride=(1,))
      )
      (5): MaxCrossCorrelationBlock(
        (shapelets): Conv1d(6, 14, kernel_size=(60,), stride=(1,))
      )
      (6): MaxCrossCorrelationBlock(
        (shapelets): Conv1d(6, 14, kernel_size=(70,), stride=(1,))
      )
      (7): MaxCrossCorrelationBlock(
        (shapelets): Conv1d(6, 14, kernel_size=(80,), stride=(1,))
      )
    )
  )
  (linear): Linear(in_features=320, out_features=2, bias=True)
  (projection): Sequential(
    (0): BatchNorm1d(320, eps=1e-05, momentum=0.1, affine=True, track_running_stats=True)
  )
  (bn1): BatchNorm1d(104, eps=1e-05, momentum=0.1, affine=True, track_running_stats=True)
  (bn2): BatchNorm1d(104, eps=1e-05, momentum=0.1, affine=True, track_running_stats=True)
  (bn3): BatchNorm1d(112, eps=1e-05, momentum=0.1, affine=True, track_running_stats=True)
  (projection2): Sequential(
    (0): Linear(in_features=320, out_features=256, bias=True)
    (1): ReLU()
    (2): Linear(in_features=256, out_features=128, bias=True)
  )
)
2025-03-06 00:12:25,692 | INFO : CSL(
  (shapelets_euclidean): ShapeletsDistBlocks(
    (blocks): ModuleList(
      (0-7): 8 x MinEuclideanDistBlock()
    )
  )
  (shapelets_cosine): ShapeletsDistBlocks(
    (blocks): ModuleList(
      (0-7): 8 x MaxCosineSimilarityBlock(
        (relu): ReLU()
      )
    )
  )
  (shapelets_cross_correlation): ShapeletsDistBlocks(
    (blocks): ModuleList(
      (0): MaxCrossCorrelationBlock(
        (shapelets): Conv1d(6, 14, kernel_size=(10,), stride=(1,))
      )
      (1): MaxCrossCorrelationBlock(
        (shapelets): Conv1d(6, 14, kernel_size=(20,), stride=(1,))
      )
      (2): MaxCrossCorrelationBlock(
        (shapelets): Conv1d(6, 14, kernel_size=(30,), stride=(1,))
      )
      (3): MaxCrossCorrelationBlock(
        (shapelets): Conv1d(6, 14, kernel_size=(40,), stride=(1,))
      )
      (4): MaxCrossCorrelationBlock(
        (shapelets): Conv1d(6, 14, kernel_size=(50,), stride=(1,))
      )
      (5): MaxCrossCorrelationBlock(
        (shapelets): Conv1d(6, 14, kernel_size=(60,), stride=(1,))
      )
      (6): MaxCrossCorrelationBlock(
        (shapelets): Conv1d(6, 14, kernel_size=(70,), stride=(1,))
      )
      (7): MaxCrossCorrelationBlock(
        (shapelets): Conv1d(6, 14, kernel_size=(80,), stride=(1,))
      )
    )
  )
  (linear): Linear(in_features=320, out_features=2, bias=True)
  (projection): Sequential(
    (0): BatchNorm1d(320, eps=1e-05, momentum=0.1, affine=True, track_running_stats=True)
  )
  (bn1): BatchNorm1d(104, eps=1e-05, momentum=0.1, affine=True, track_running_stats=True)
  (bn2): BatchNorm1d(104, eps=1e-05, momentum=0.1, affine=True, track_running_stats=True)
  (bn3): BatchNorm1d(112, eps=1e-05, momentum=0.1, affine=True, track_running_stats=True)
  (projection2): Sequential(
    (0): Linear(in_features=320, out_features=256, bias=True)
    (1): ReLU()
    (2): Linear(in_features=256, out_features=128, bias=True)
  )
)
2025-03-06 00:12:55,216 | INFO : train_ds length: 40, valid_ds length: 40
2025-03-06 00:12:55,216 | INFO : train_ds length: 40, valid_ds length: 40
2025-03-06 00:12:55,216 | INFO : train_ds length: 40, valid_ds length: 40
2025-03-06 00:12:55,216 | INFO : train_ds length: 40, valid_ds length: 40
2025-03-06 00:12:55,216 | INFO : train_ds length: 40, valid_ds length: 40
2025-03-06 00:12:55,216 | INFO : train_ds length: 40, valid_ds length: 40
2025-03-06 00:12:55,216 | INFO : train_ds length: 40, valid_ds length: 40
2025-03-06 00:12:55,216 | INFO : train_ds length: 40, valid_ds length: 40
2025-03-06 00:12:55,216 | INFO : train_ds length: 40, valid_ds length: 40
2025-03-06 00:12:55,216 | INFO : train_ds length: 40, valid_ds length: 40
2025-03-06 00:12:55,229 | INFO : {'output_dims': 320, 'feat_dim': 6, 'max_len': 100, 'device': 'cpu'}
2025-03-06 00:12:55,229 | INFO : {'output_dims': 320, 'feat_dim': 6, 'max_len': 100, 'device': 'cpu'}
2025-03-06 00:12:55,229 | INFO : {'output_dims': 320, 'feat_dim': 6, 'max_len': 100, 'device': 'cpu'}
2025-03-06 00:12:55,229 | INFO : {'output_dims': 320, 'feat_dim': 6, 'max_len': 100, 'device': 'cpu'}
2025-03-06 00:12:55,229 | INFO : {'output_dims': 320, 'feat_dim': 6, 'max_len': 100, 'device': 'cpu'}
2025-03-06 00:12:55,229 | INFO : {'output_dims': 320, 'feat_dim': 6, 'max_len': 100, 'device': 'cpu'}
2025-03-06 00:12:55,229 | INFO : {'output_dims': 320, 'feat_dim': 6, 'max_len': 100, 'device': 'cpu'}
2025-03-06 00:12:55,229 | INFO : {'output_dims': 320, 'feat_dim': 6, 'max_len': 100, 'device': 'cpu'}
2025-03-06 00:12:55,229 | INFO : {'output_dims': 320, 'feat_dim': 6, 'max_len': 100, 'device': 'cpu'}
2025-03-06 00:12:55,229 | INFO : {'output_dims': 320, 'feat_dim': 6, 'max_len': 100, 'device': 'cpu'}
2025-03-06 00:12:55,231 | INFO : CSL(
  (shapelets_euclidean): ShapeletsDistBlocks(
    (blocks): ModuleList(
      (0-7): 8 x MinEuclideanDistBlock()
    )
  )
  (shapelets_cosine): ShapeletsDistBlocks(
    (blocks): ModuleList(
      (0-7): 8 x MaxCosineSimilarityBlock(
        (relu): ReLU()
      )
    )
  )
  (shapelets_cross_correlation): ShapeletsDistBlocks(
    (blocks): ModuleList(
      (0): MaxCrossCorrelationBlock(
        (shapelets): Conv1d(6, 14, kernel_size=(10,), stride=(1,))
      )
      (1): MaxCrossCorrelationBlock(
        (shapelets): Conv1d(6, 14, kernel_size=(20,), stride=(1,))
      )
      (2): MaxCrossCorrelationBlock(
        (shapelets): Conv1d(6, 14, kernel_size=(30,), stride=(1,))
      )
      (3): MaxCrossCorrelationBlock(
        (shapelets): Conv1d(6, 14, kernel_size=(40,), stride=(1,))
      )
      (4): MaxCrossCorrelationBlock(
        (shapelets): Conv1d(6, 14, kernel_size=(50,), stride=(1,))
      )
      (5): MaxCrossCorrelationBlock(
        (shapelets): Conv1d(6, 14, kernel_size=(60,), stride=(1,))
      )
      (6): MaxCrossCorrelationBlock(
        (shapelets): Conv1d(6, 14, kernel_size=(70,), stride=(1,))
      )
      (7): MaxCrossCorrelationBlock(
        (shapelets): Conv1d(6, 14, kernel_size=(80,), stride=(1,))
      )
    )
  )
  (linear): Linear(in_features=320, out_features=2, bias=True)
  (projection): Sequential(
    (0): BatchNorm1d(320, eps=1e-05, momentum=0.1, affine=True, track_running_stats=True)
  )
  (bn1): BatchNorm1d(104, eps=1e-05, momentum=0.1, affine=True, track_running_stats=True)
  (bn2): BatchNorm1d(104, eps=1e-05, momentum=0.1, affine=True, track_running_stats=True)
  (bn3): BatchNorm1d(112, eps=1e-05, momentum=0.1, affine=True, track_running_stats=True)
  (projection2): Sequential(
    (0): Linear(in_features=320, out_features=256, bias=True)
    (1): ReLU()
    (2): Linear(in_features=256, out_features=128, bias=True)
  )
)
2025-03-06 00:12:55,231 | INFO : CSL(
  (shapelets_euclidean): ShapeletsDistBlocks(
    (blocks): ModuleList(
      (0-7): 8 x MinEuclideanDistBlock()
    )
  )
  (shapelets_cosine): ShapeletsDistBlocks(
    (blocks): ModuleList(
      (0-7): 8 x MaxCosineSimilarityBlock(
        (relu): ReLU()
      )
    )
  )
  (shapelets_cross_correlation): ShapeletsDistBlocks(
    (blocks): ModuleList(
      (0): MaxCrossCorrelationBlock(
        (shapelets): Conv1d(6, 14, kernel_size=(10,), stride=(1,))
      )
      (1): MaxCrossCorrelationBlock(
        (shapelets): Conv1d(6, 14, kernel_size=(20,), stride=(1,))
      )
      (2): MaxCrossCorrelationBlock(
        (shapelets): Conv1d(6, 14, kernel_size=(30,), stride=(1,))
      )
      (3): MaxCrossCorrelationBlock(
        (shapelets): Conv1d(6, 14, kernel_size=(40,), stride=(1,))
      )
      (4): MaxCrossCorrelationBlock(
        (shapelets): Conv1d(6, 14, kernel_size=(50,), stride=(1,))
      )
      (5): MaxCrossCorrelationBlock(
        (shapelets): Conv1d(6, 14, kernel_size=(60,), stride=(1,))
      )
      (6): MaxCrossCorrelationBlock(
        (shapelets): Conv1d(6, 14, kernel_size=(70,), stride=(1,))
      )
      (7): MaxCrossCorrelationBlock(
        (shapelets): Conv1d(6, 14, kernel_size=(80,), stride=(1,))
      )
    )
  )
  (linear): Linear(in_features=320, out_features=2, bias=True)
  (projection): Sequential(
    (0): BatchNorm1d(320, eps=1e-05, momentum=0.1, affine=True, track_running_stats=True)
  )
  (bn1): BatchNorm1d(104, eps=1e-05, momentum=0.1, affine=True, track_running_stats=True)
  (bn2): BatchNorm1d(104, eps=1e-05, momentum=0.1, affine=True, track_running_stats=True)
  (bn3): BatchNorm1d(112, eps=1e-05, momentum=0.1, affine=True, track_running_stats=True)
  (projection2): Sequential(
    (0): Linear(in_features=320, out_features=256, bias=True)
    (1): ReLU()
    (2): Linear(in_features=256, out_features=128, bias=True)
  )
)
2025-03-06 00:12:55,231 | INFO : CSL(
  (shapelets_euclidean): ShapeletsDistBlocks(
    (blocks): ModuleList(
      (0-7): 8 x MinEuclideanDistBlock()
    )
  )
  (shapelets_cosine): ShapeletsDistBlocks(
    (blocks): ModuleList(
      (0-7): 8 x MaxCosineSimilarityBlock(
        (relu): ReLU()
      )
    )
  )
  (shapelets_cross_correlation): ShapeletsDistBlocks(
    (blocks): ModuleList(
      (0): MaxCrossCorrelationBlock(
        (shapelets): Conv1d(6, 14, kernel_size=(10,), stride=(1,))
      )
      (1): MaxCrossCorrelationBlock(
        (shapelets): Conv1d(6, 14, kernel_size=(20,), stride=(1,))
      )
      (2): MaxCrossCorrelationBlock(
        (shapelets): Conv1d(6, 14, kernel_size=(30,), stride=(1,))
      )
      (3): MaxCrossCorrelationBlock(
        (shapelets): Conv1d(6, 14, kernel_size=(40,), stride=(1,))
      )
      (4): MaxCrossCorrelationBlock(
        (shapelets): Conv1d(6, 14, kernel_size=(50,), stride=(1,))
      )
      (5): MaxCrossCorrelationBlock(
        (shapelets): Conv1d(6, 14, kernel_size=(60,), stride=(1,))
      )
      (6): MaxCrossCorrelationBlock(
        (shapelets): Conv1d(6, 14, kernel_size=(70,), stride=(1,))
      )
      (7): MaxCrossCorrelationBlock(
        (shapelets): Conv1d(6, 14, kernel_size=(80,), stride=(1,))
      )
    )
  )
  (linear): Linear(in_features=320, out_features=2, bias=True)
  (projection): Sequential(
    (0): BatchNorm1d(320, eps=1e-05, momentum=0.1, affine=True, track_running_stats=True)
  )
  (bn1): BatchNorm1d(104, eps=1e-05, momentum=0.1, affine=True, track_running_stats=True)
  (bn2): BatchNorm1d(104, eps=1e-05, momentum=0.1, affine=True, track_running_stats=True)
  (bn3): BatchNorm1d(112, eps=1e-05, momentum=0.1, affine=True, track_running_stats=True)
  (projection2): Sequential(
    (0): Linear(in_features=320, out_features=256, bias=True)
    (1): ReLU()
    (2): Linear(in_features=256, out_features=128, bias=True)
  )
)
2025-03-06 00:12:55,231 | INFO : CSL(
  (shapelets_euclidean): ShapeletsDistBlocks(
    (blocks): ModuleList(
      (0-7): 8 x MinEuclideanDistBlock()
    )
  )
  (shapelets_cosine): ShapeletsDistBlocks(
    (blocks): ModuleList(
      (0-7): 8 x MaxCosineSimilarityBlock(
        (relu): ReLU()
      )
    )
  )
  (shapelets_cross_correlation): ShapeletsDistBlocks(
    (blocks): ModuleList(
      (0): MaxCrossCorrelationBlock(
        (shapelets): Conv1d(6, 14, kernel_size=(10,), stride=(1,))
      )
      (1): MaxCrossCorrelationBlock(
        (shapelets): Conv1d(6, 14, kernel_size=(20,), stride=(1,))
      )
      (2): MaxCrossCorrelationBlock(
        (shapelets): Conv1d(6, 14, kernel_size=(30,), stride=(1,))
      )
      (3): MaxCrossCorrelationBlock(
        (shapelets): Conv1d(6, 14, kernel_size=(40,), stride=(1,))
      )
      (4): MaxCrossCorrelationBlock(
        (shapelets): Conv1d(6, 14, kernel_size=(50,), stride=(1,))
      )
      (5): MaxCrossCorrelationBlock(
        (shapelets): Conv1d(6, 14, kernel_size=(60,), stride=(1,))
      )
      (6): MaxCrossCorrelationBlock(
        (shapelets): Conv1d(6, 14, kernel_size=(70,), stride=(1,))
      )
      (7): MaxCrossCorrelationBlock(
        (shapelets): Conv1d(6, 14, kernel_size=(80,), stride=(1,))
      )
    )
  )
  (linear): Linear(in_features=320, out_features=2, bias=True)
  (projection): Sequential(
    (0): BatchNorm1d(320, eps=1e-05, momentum=0.1, affine=True, track_running_stats=True)
  )
  (bn1): BatchNorm1d(104, eps=1e-05, momentum=0.1, affine=True, track_running_stats=True)
  (bn2): BatchNorm1d(104, eps=1e-05, momentum=0.1, affine=True, track_running_stats=True)
  (bn3): BatchNorm1d(112, eps=1e-05, momentum=0.1, affine=True, track_running_stats=True)
  (projection2): Sequential(
    (0): Linear(in_features=320, out_features=256, bias=True)
    (1): ReLU()
    (2): Linear(in_features=256, out_features=128, bias=True)
  )
)
2025-03-06 00:12:55,231 | INFO : CSL(
  (shapelets_euclidean): ShapeletsDistBlocks(
    (blocks): ModuleList(
      (0-7): 8 x MinEuclideanDistBlock()
    )
  )
  (shapelets_cosine): ShapeletsDistBlocks(
    (blocks): ModuleList(
      (0-7): 8 x MaxCosineSimilarityBlock(
        (relu): ReLU()
      )
    )
  )
  (shapelets_cross_correlation): ShapeletsDistBlocks(
    (blocks): ModuleList(
      (0): MaxCrossCorrelationBlock(
        (shapelets): Conv1d(6, 14, kernel_size=(10,), stride=(1,))
      )
      (1): MaxCrossCorrelationBlock(
        (shapelets): Conv1d(6, 14, kernel_size=(20,), stride=(1,))
      )
      (2): MaxCrossCorrelationBlock(
        (shapelets): Conv1d(6, 14, kernel_size=(30,), stride=(1,))
      )
      (3): MaxCrossCorrelationBlock(
        (shapelets): Conv1d(6, 14, kernel_size=(40,), stride=(1,))
      )
      (4): MaxCrossCorrelationBlock(
        (shapelets): Conv1d(6, 14, kernel_size=(50,), stride=(1,))
      )
      (5): MaxCrossCorrelationBlock(
        (shapelets): Conv1d(6, 14, kernel_size=(60,), stride=(1,))
      )
      (6): MaxCrossCorrelationBlock(
        (shapelets): Conv1d(6, 14, kernel_size=(70,), stride=(1,))
      )
      (7): MaxCrossCorrelationBlock(
        (shapelets): Conv1d(6, 14, kernel_size=(80,), stride=(1,))
      )
    )
  )
  (linear): Linear(in_features=320, out_features=2, bias=True)
  (projection): Sequential(
    (0): BatchNorm1d(320, eps=1e-05, momentum=0.1, affine=True, track_running_stats=True)
  )
  (bn1): BatchNorm1d(104, eps=1e-05, momentum=0.1, affine=True, track_running_stats=True)
  (bn2): BatchNorm1d(104, eps=1e-05, momentum=0.1, affine=True, track_running_stats=True)
  (bn3): BatchNorm1d(112, eps=1e-05, momentum=0.1, affine=True, track_running_stats=True)
  (projection2): Sequential(
    (0): Linear(in_features=320, out_features=256, bias=True)
    (1): ReLU()
    (2): Linear(in_features=256, out_features=128, bias=True)
  )
)
2025-03-06 00:12:55,231 | INFO : CSL(
  (shapelets_euclidean): ShapeletsDistBlocks(
    (blocks): ModuleList(
      (0-7): 8 x MinEuclideanDistBlock()
    )
  )
  (shapelets_cosine): ShapeletsDistBlocks(
    (blocks): ModuleList(
      (0-7): 8 x MaxCosineSimilarityBlock(
        (relu): ReLU()
      )
    )
  )
  (shapelets_cross_correlation): ShapeletsDistBlocks(
    (blocks): ModuleList(
      (0): MaxCrossCorrelationBlock(
        (shapelets): Conv1d(6, 14, kernel_size=(10,), stride=(1,))
      )
      (1): MaxCrossCorrelationBlock(
        (shapelets): Conv1d(6, 14, kernel_size=(20,), stride=(1,))
      )
      (2): MaxCrossCorrelationBlock(
        (shapelets): Conv1d(6, 14, kernel_size=(30,), stride=(1,))
      )
      (3): MaxCrossCorrelationBlock(
        (shapelets): Conv1d(6, 14, kernel_size=(40,), stride=(1,))
      )
      (4): MaxCrossCorrelationBlock(
        (shapelets): Conv1d(6, 14, kernel_size=(50,), stride=(1,))
      )
      (5): MaxCrossCorrelationBlock(
        (shapelets): Conv1d(6, 14, kernel_size=(60,), stride=(1,))
      )
      (6): MaxCrossCorrelationBlock(
        (shapelets): Conv1d(6, 14, kernel_size=(70,), stride=(1,))
      )
      (7): MaxCrossCorrelationBlock(
        (shapelets): Conv1d(6, 14, kernel_size=(80,), stride=(1,))
      )
    )
  )
  (linear): Linear(in_features=320, out_features=2, bias=True)
  (projection): Sequential(
    (0): BatchNorm1d(320, eps=1e-05, momentum=0.1, affine=True, track_running_stats=True)
  )
  (bn1): BatchNorm1d(104, eps=1e-05, momentum=0.1, affine=True, track_running_stats=True)
  (bn2): BatchNorm1d(104, eps=1e-05, momentum=0.1, affine=True, track_running_stats=True)
  (bn3): BatchNorm1d(112, eps=1e-05, momentum=0.1, affine=True, track_running_stats=True)
  (projection2): Sequential(
    (0): Linear(in_features=320, out_features=256, bias=True)
    (1): ReLU()
    (2): Linear(in_features=256, out_features=128, bias=True)
  )
)
2025-03-06 00:12:55,231 | INFO : CSL(
  (shapelets_euclidean): ShapeletsDistBlocks(
    (blocks): ModuleList(
      (0-7): 8 x MinEuclideanDistBlock()
    )
  )
  (shapelets_cosine): ShapeletsDistBlocks(
    (blocks): ModuleList(
      (0-7): 8 x MaxCosineSimilarityBlock(
        (relu): ReLU()
      )
    )
  )
  (shapelets_cross_correlation): ShapeletsDistBlocks(
    (blocks): ModuleList(
      (0): MaxCrossCorrelationBlock(
        (shapelets): Conv1d(6, 14, kernel_size=(10,), stride=(1,))
      )
      (1): MaxCrossCorrelationBlock(
        (shapelets): Conv1d(6, 14, kernel_size=(20,), stride=(1,))
      )
      (2): MaxCrossCorrelationBlock(
        (shapelets): Conv1d(6, 14, kernel_size=(30,), stride=(1,))
      )
      (3): MaxCrossCorrelationBlock(
        (shapelets): Conv1d(6, 14, kernel_size=(40,), stride=(1,))
      )
      (4): MaxCrossCorrelationBlock(
        (shapelets): Conv1d(6, 14, kernel_size=(50,), stride=(1,))
      )
      (5): MaxCrossCorrelationBlock(
        (shapelets): Conv1d(6, 14, kernel_size=(60,), stride=(1,))
      )
      (6): MaxCrossCorrelationBlock(
        (shapelets): Conv1d(6, 14, kernel_size=(70,), stride=(1,))
      )
      (7): MaxCrossCorrelationBlock(
        (shapelets): Conv1d(6, 14, kernel_size=(80,), stride=(1,))
      )
    )
  )
  (linear): Linear(in_features=320, out_features=2, bias=True)
  (projection): Sequential(
    (0): BatchNorm1d(320, eps=1e-05, momentum=0.1, affine=True, track_running_stats=True)
  )
  (bn1): BatchNorm1d(104, eps=1e-05, momentum=0.1, affine=True, track_running_stats=True)
  (bn2): BatchNorm1d(104, eps=1e-05, momentum=0.1, affine=True, track_running_stats=True)
  (bn3): BatchNorm1d(112, eps=1e-05, momentum=0.1, affine=True, track_running_stats=True)
  (projection2): Sequential(
    (0): Linear(in_features=320, out_features=256, bias=True)
    (1): ReLU()
    (2): Linear(in_features=256, out_features=128, bias=True)
  )
)
2025-03-06 00:12:55,231 | INFO : CSL(
  (shapelets_euclidean): ShapeletsDistBlocks(
    (blocks): ModuleList(
      (0-7): 8 x MinEuclideanDistBlock()
    )
  )
  (shapelets_cosine): ShapeletsDistBlocks(
    (blocks): ModuleList(
      (0-7): 8 x MaxCosineSimilarityBlock(
        (relu): ReLU()
      )
    )
  )
  (shapelets_cross_correlation): ShapeletsDistBlocks(
    (blocks): ModuleList(
      (0): MaxCrossCorrelationBlock(
        (shapelets): Conv1d(6, 14, kernel_size=(10,), stride=(1,))
      )
      (1): MaxCrossCorrelationBlock(
        (shapelets): Conv1d(6, 14, kernel_size=(20,), stride=(1,))
      )
      (2): MaxCrossCorrelationBlock(
        (shapelets): Conv1d(6, 14, kernel_size=(30,), stride=(1,))
      )
      (3): MaxCrossCorrelationBlock(
        (shapelets): Conv1d(6, 14, kernel_size=(40,), stride=(1,))
      )
      (4): MaxCrossCorrelationBlock(
        (shapelets): Conv1d(6, 14, kernel_size=(50,), stride=(1,))
      )
      (5): MaxCrossCorrelationBlock(
        (shapelets): Conv1d(6, 14, kernel_size=(60,), stride=(1,))
      )
      (6): MaxCrossCorrelationBlock(
        (shapelets): Conv1d(6, 14, kernel_size=(70,), stride=(1,))
      )
      (7): MaxCrossCorrelationBlock(
        (shapelets): Conv1d(6, 14, kernel_size=(80,), stride=(1,))
      )
    )
  )
  (linear): Linear(in_features=320, out_features=2, bias=True)
  (projection): Sequential(
    (0): BatchNorm1d(320, eps=1e-05, momentum=0.1, affine=True, track_running_stats=True)
  )
  (bn1): BatchNorm1d(104, eps=1e-05, momentum=0.1, affine=True, track_running_stats=True)
  (bn2): BatchNorm1d(104, eps=1e-05, momentum=0.1, affine=True, track_running_stats=True)
  (bn3): BatchNorm1d(112, eps=1e-05, momentum=0.1, affine=True, track_running_stats=True)
  (projection2): Sequential(
    (0): Linear(in_features=320, out_features=256, bias=True)
    (1): ReLU()
    (2): Linear(in_features=256, out_features=128, bias=True)
  )
)
2025-03-06 00:12:55,231 | INFO : CSL(
  (shapelets_euclidean): ShapeletsDistBlocks(
    (blocks): ModuleList(
      (0-7): 8 x MinEuclideanDistBlock()
    )
  )
  (shapelets_cosine): ShapeletsDistBlocks(
    (blocks): ModuleList(
      (0-7): 8 x MaxCosineSimilarityBlock(
        (relu): ReLU()
      )
    )
  )
  (shapelets_cross_correlation): ShapeletsDistBlocks(
    (blocks): ModuleList(
      (0): MaxCrossCorrelationBlock(
        (shapelets): Conv1d(6, 14, kernel_size=(10,), stride=(1,))
      )
      (1): MaxCrossCorrelationBlock(
        (shapelets): Conv1d(6, 14, kernel_size=(20,), stride=(1,))
      )
      (2): MaxCrossCorrelationBlock(
        (shapelets): Conv1d(6, 14, kernel_size=(30,), stride=(1,))
      )
      (3): MaxCrossCorrelationBlock(
        (shapelets): Conv1d(6, 14, kernel_size=(40,), stride=(1,))
      )
      (4): MaxCrossCorrelationBlock(
        (shapelets): Conv1d(6, 14, kernel_size=(50,), stride=(1,))
      )
      (5): MaxCrossCorrelationBlock(
        (shapelets): Conv1d(6, 14, kernel_size=(60,), stride=(1,))
      )
      (6): MaxCrossCorrelationBlock(
        (shapelets): Conv1d(6, 14, kernel_size=(70,), stride=(1,))
      )
      (7): MaxCrossCorrelationBlock(
        (shapelets): Conv1d(6, 14, kernel_size=(80,), stride=(1,))
      )
    )
  )
  (linear): Linear(in_features=320, out_features=2, bias=True)
  (projection): Sequential(
    (0): BatchNorm1d(320, eps=1e-05, momentum=0.1, affine=True, track_running_stats=True)
  )
  (bn1): BatchNorm1d(104, eps=1e-05, momentum=0.1, affine=True, track_running_stats=True)
  (bn2): BatchNorm1d(104, eps=1e-05, momentum=0.1, affine=True, track_running_stats=True)
  (bn3): BatchNorm1d(112, eps=1e-05, momentum=0.1, affine=True, track_running_stats=True)
  (projection2): Sequential(
    (0): Linear(in_features=320, out_features=256, bias=True)
    (1): ReLU()
    (2): Linear(in_features=256, out_features=128, bias=True)
  )
)
2025-03-06 00:12:55,231 | INFO : CSL(
  (shapelets_euclidean): ShapeletsDistBlocks(
    (blocks): ModuleList(
      (0-7): 8 x MinEuclideanDistBlock()
    )
  )
  (shapelets_cosine): ShapeletsDistBlocks(
    (blocks): ModuleList(
      (0-7): 8 x MaxCosineSimilarityBlock(
        (relu): ReLU()
      )
    )
  )
  (shapelets_cross_correlation): ShapeletsDistBlocks(
    (blocks): ModuleList(
      (0): MaxCrossCorrelationBlock(
        (shapelets): Conv1d(6, 14, kernel_size=(10,), stride=(1,))
      )
      (1): MaxCrossCorrelationBlock(
        (shapelets): Conv1d(6, 14, kernel_size=(20,), stride=(1,))
      )
      (2): MaxCrossCorrelationBlock(
        (shapelets): Conv1d(6, 14, kernel_size=(30,), stride=(1,))
      )
      (3): MaxCrossCorrelationBlock(
        (shapelets): Conv1d(6, 14, kernel_size=(40,), stride=(1,))
      )
      (4): MaxCrossCorrelationBlock(
        (shapelets): Conv1d(6, 14, kernel_size=(50,), stride=(1,))
      )
      (5): MaxCrossCorrelationBlock(
        (shapelets): Conv1d(6, 14, kernel_size=(60,), stride=(1,))
      )
      (6): MaxCrossCorrelationBlock(
        (shapelets): Conv1d(6, 14, kernel_size=(70,), stride=(1,))
      )
      (7): MaxCrossCorrelationBlock(
        (shapelets): Conv1d(6, 14, kernel_size=(80,), stride=(1,))
      )
    )
  )
  (linear): Linear(in_features=320, out_features=2, bias=True)
  (projection): Sequential(
    (0): BatchNorm1d(320, eps=1e-05, momentum=0.1, affine=True, track_running_stats=True)
  )
  (bn1): BatchNorm1d(104, eps=1e-05, momentum=0.1, affine=True, track_running_stats=True)
  (bn2): BatchNorm1d(104, eps=1e-05, momentum=0.1, affine=True, track_running_stats=True)
  (bn3): BatchNorm1d(112, eps=1e-05, momentum=0.1, affine=True, track_running_stats=True)
  (projection2): Sequential(
    (0): Linear(in_features=320, out_features=256, bias=True)
    (1): ReLU()
    (2): Linear(in_features=256, out_features=128, bias=True)
  )
)
2025-03-06 00:13:13,396 | INFO : train_ds length: 40, valid_ds length: 40
2025-03-06 00:13:13,396 | INFO : train_ds length: 40, valid_ds length: 40
2025-03-06 00:13:13,396 | INFO : train_ds length: 40, valid_ds length: 40
2025-03-06 00:13:13,396 | INFO : train_ds length: 40, valid_ds length: 40
2025-03-06 00:13:13,396 | INFO : train_ds length: 40, valid_ds length: 40
2025-03-06 00:13:13,396 | INFO : train_ds length: 40, valid_ds length: 40
2025-03-06 00:13:13,396 | INFO : train_ds length: 40, valid_ds length: 40
2025-03-06 00:13:13,396 | INFO : train_ds length: 40, valid_ds length: 40
2025-03-06 00:13:13,396 | INFO : train_ds length: 40, valid_ds length: 40
2025-03-06 00:13:13,396 | INFO : train_ds length: 40, valid_ds length: 40
2025-03-06 00:13:13,396 | INFO : train_ds length: 40, valid_ds length: 40
2025-03-06 00:13:13,411 | INFO : {'output_dims': 320, 'feat_dim': 6, 'max_len': 100, 'device': 'cpu'}
2025-03-06 00:13:13,411 | INFO : {'output_dims': 320, 'feat_dim': 6, 'max_len': 100, 'device': 'cpu'}
2025-03-06 00:13:13,411 | INFO : {'output_dims': 320, 'feat_dim': 6, 'max_len': 100, 'device': 'cpu'}
2025-03-06 00:13:13,411 | INFO : {'output_dims': 320, 'feat_dim': 6, 'max_len': 100, 'device': 'cpu'}
2025-03-06 00:13:13,411 | INFO : {'output_dims': 320, 'feat_dim': 6, 'max_len': 100, 'device': 'cpu'}
2025-03-06 00:13:13,411 | INFO : {'output_dims': 320, 'feat_dim': 6, 'max_len': 100, 'device': 'cpu'}
2025-03-06 00:13:13,411 | INFO : {'output_dims': 320, 'feat_dim': 6, 'max_len': 100, 'device': 'cpu'}
2025-03-06 00:13:13,411 | INFO : {'output_dims': 320, 'feat_dim': 6, 'max_len': 100, 'device': 'cpu'}
2025-03-06 00:13:13,411 | INFO : {'output_dims': 320, 'feat_dim': 6, 'max_len': 100, 'device': 'cpu'}
2025-03-06 00:13:13,411 | INFO : {'output_dims': 320, 'feat_dim': 6, 'max_len': 100, 'device': 'cpu'}
2025-03-06 00:13:13,411 | INFO : {'output_dims': 320, 'feat_dim': 6, 'max_len': 100, 'device': 'cpu'}
2025-03-06 00:13:13,413 | INFO : CSL(
  (shapelets_euclidean): ShapeletsDistBlocks(
    (blocks): ModuleList(
      (0-7): 8 x MinEuclideanDistBlock()
    )
  )
  (shapelets_cosine): ShapeletsDistBlocks(
    (blocks): ModuleList(
      (0-7): 8 x MaxCosineSimilarityBlock(
        (relu): ReLU()
      )
    )
  )
  (shapelets_cross_correlation): ShapeletsDistBlocks(
    (blocks): ModuleList(
      (0): MaxCrossCorrelationBlock(
        (shapelets): Conv1d(6, 14, kernel_size=(10,), stride=(1,))
      )
      (1): MaxCrossCorrelationBlock(
        (shapelets): Conv1d(6, 14, kernel_size=(20,), stride=(1,))
      )
      (2): MaxCrossCorrelationBlock(
        (shapelets): Conv1d(6, 14, kernel_size=(30,), stride=(1,))
      )
      (3): MaxCrossCorrelationBlock(
        (shapelets): Conv1d(6, 14, kernel_size=(40,), stride=(1,))
      )
      (4): MaxCrossCorrelationBlock(
        (shapelets): Conv1d(6, 14, kernel_size=(50,), stride=(1,))
      )
      (5): MaxCrossCorrelationBlock(
        (shapelets): Conv1d(6, 14, kernel_size=(60,), stride=(1,))
      )
      (6): MaxCrossCorrelationBlock(
        (shapelets): Conv1d(6, 14, kernel_size=(70,), stride=(1,))
      )
      (7): MaxCrossCorrelationBlock(
        (shapelets): Conv1d(6, 14, kernel_size=(80,), stride=(1,))
      )
    )
  )
  (linear): Linear(in_features=320, out_features=2, bias=True)
  (projection): Sequential(
    (0): BatchNorm1d(320, eps=1e-05, momentum=0.1, affine=True, track_running_stats=True)
  )
  (bn1): BatchNorm1d(104, eps=1e-05, momentum=0.1, affine=True, track_running_stats=True)
  (bn2): BatchNorm1d(104, eps=1e-05, momentum=0.1, affine=True, track_running_stats=True)
  (bn3): BatchNorm1d(112, eps=1e-05, momentum=0.1, affine=True, track_running_stats=True)
  (projection2): Sequential(
    (0): Linear(in_features=320, out_features=256, bias=True)
    (1): ReLU()
    (2): Linear(in_features=256, out_features=128, bias=True)
  )
)
2025-03-06 00:13:13,413 | INFO : CSL(
  (shapelets_euclidean): ShapeletsDistBlocks(
    (blocks): ModuleList(
      (0-7): 8 x MinEuclideanDistBlock()
    )
  )
  (shapelets_cosine): ShapeletsDistBlocks(
    (blocks): ModuleList(
      (0-7): 8 x MaxCosineSimilarityBlock(
        (relu): ReLU()
      )
    )
  )
  (shapelets_cross_correlation): ShapeletsDistBlocks(
    (blocks): ModuleList(
      (0): MaxCrossCorrelationBlock(
        (shapelets): Conv1d(6, 14, kernel_size=(10,), stride=(1,))
      )
      (1): MaxCrossCorrelationBlock(
        (shapelets): Conv1d(6, 14, kernel_size=(20,), stride=(1,))
      )
      (2): MaxCrossCorrelationBlock(
        (shapelets): Conv1d(6, 14, kernel_size=(30,), stride=(1,))
      )
      (3): MaxCrossCorrelationBlock(
        (shapelets): Conv1d(6, 14, kernel_size=(40,), stride=(1,))
      )
      (4): MaxCrossCorrelationBlock(
        (shapelets): Conv1d(6, 14, kernel_size=(50,), stride=(1,))
      )
      (5): MaxCrossCorrelationBlock(
        (shapelets): Conv1d(6, 14, kernel_size=(60,), stride=(1,))
      )
      (6): MaxCrossCorrelationBlock(
        (shapelets): Conv1d(6, 14, kernel_size=(70,), stride=(1,))
      )
      (7): MaxCrossCorrelationBlock(
        (shapelets): Conv1d(6, 14, kernel_size=(80,), stride=(1,))
      )
    )
  )
  (linear): Linear(in_features=320, out_features=2, bias=True)
  (projection): Sequential(
    (0): BatchNorm1d(320, eps=1e-05, momentum=0.1, affine=True, track_running_stats=True)
  )
  (bn1): BatchNorm1d(104, eps=1e-05, momentum=0.1, affine=True, track_running_stats=True)
  (bn2): BatchNorm1d(104, eps=1e-05, momentum=0.1, affine=True, track_running_stats=True)
  (bn3): BatchNorm1d(112, eps=1e-05, momentum=0.1, affine=True, track_running_stats=True)
  (projection2): Sequential(
    (0): Linear(in_features=320, out_features=256, bias=True)
    (1): ReLU()
    (2): Linear(in_features=256, out_features=128, bias=True)
  )
)
2025-03-06 00:13:13,413 | INFO : CSL(
  (shapelets_euclidean): ShapeletsDistBlocks(
    (blocks): ModuleList(
      (0-7): 8 x MinEuclideanDistBlock()
    )
  )
  (shapelets_cosine): ShapeletsDistBlocks(
    (blocks): ModuleList(
      (0-7): 8 x MaxCosineSimilarityBlock(
        (relu): ReLU()
      )
    )
  )
  (shapelets_cross_correlation): ShapeletsDistBlocks(
    (blocks): ModuleList(
      (0): MaxCrossCorrelationBlock(
        (shapelets): Conv1d(6, 14, kernel_size=(10,), stride=(1,))
      )
      (1): MaxCrossCorrelationBlock(
        (shapelets): Conv1d(6, 14, kernel_size=(20,), stride=(1,))
      )
      (2): MaxCrossCorrelationBlock(
        (shapelets): Conv1d(6, 14, kernel_size=(30,), stride=(1,))
      )
      (3): MaxCrossCorrelationBlock(
        (shapelets): Conv1d(6, 14, kernel_size=(40,), stride=(1,))
      )
      (4): MaxCrossCorrelationBlock(
        (shapelets): Conv1d(6, 14, kernel_size=(50,), stride=(1,))
      )
      (5): MaxCrossCorrelationBlock(
        (shapelets): Conv1d(6, 14, kernel_size=(60,), stride=(1,))
      )
      (6): MaxCrossCorrelationBlock(
        (shapelets): Conv1d(6, 14, kernel_size=(70,), stride=(1,))
      )
      (7): MaxCrossCorrelationBlock(
        (shapelets): Conv1d(6, 14, kernel_size=(80,), stride=(1,))
      )
    )
  )
  (linear): Linear(in_features=320, out_features=2, bias=True)
  (projection): Sequential(
    (0): BatchNorm1d(320, eps=1e-05, momentum=0.1, affine=True, track_running_stats=True)
  )
  (bn1): BatchNorm1d(104, eps=1e-05, momentum=0.1, affine=True, track_running_stats=True)
  (bn2): BatchNorm1d(104, eps=1e-05, momentum=0.1, affine=True, track_running_stats=True)
  (bn3): BatchNorm1d(112, eps=1e-05, momentum=0.1, affine=True, track_running_stats=True)
  (projection2): Sequential(
    (0): Linear(in_features=320, out_features=256, bias=True)
    (1): ReLU()
    (2): Linear(in_features=256, out_features=128, bias=True)
  )
)
2025-03-06 00:13:13,413 | INFO : CSL(
  (shapelets_euclidean): ShapeletsDistBlocks(
    (blocks): ModuleList(
      (0-7): 8 x MinEuclideanDistBlock()
    )
  )
  (shapelets_cosine): ShapeletsDistBlocks(
    (blocks): ModuleList(
      (0-7): 8 x MaxCosineSimilarityBlock(
        (relu): ReLU()
      )
    )
  )
  (shapelets_cross_correlation): ShapeletsDistBlocks(
    (blocks): ModuleList(
      (0): MaxCrossCorrelationBlock(
        (shapelets): Conv1d(6, 14, kernel_size=(10,), stride=(1,))
      )
      (1): MaxCrossCorrelationBlock(
        (shapelets): Conv1d(6, 14, kernel_size=(20,), stride=(1,))
      )
      (2): MaxCrossCorrelationBlock(
        (shapelets): Conv1d(6, 14, kernel_size=(30,), stride=(1,))
      )
      (3): MaxCrossCorrelationBlock(
        (shapelets): Conv1d(6, 14, kernel_size=(40,), stride=(1,))
      )
      (4): MaxCrossCorrelationBlock(
        (shapelets): Conv1d(6, 14, kernel_size=(50,), stride=(1,))
      )
      (5): MaxCrossCorrelationBlock(
        (shapelets): Conv1d(6, 14, kernel_size=(60,), stride=(1,))
      )
      (6): MaxCrossCorrelationBlock(
        (shapelets): Conv1d(6, 14, kernel_size=(70,), stride=(1,))
      )
      (7): MaxCrossCorrelationBlock(
        (shapelets): Conv1d(6, 14, kernel_size=(80,), stride=(1,))
      )
    )
  )
  (linear): Linear(in_features=320, out_features=2, bias=True)
  (projection): Sequential(
    (0): BatchNorm1d(320, eps=1e-05, momentum=0.1, affine=True, track_running_stats=True)
  )
  (bn1): BatchNorm1d(104, eps=1e-05, momentum=0.1, affine=True, track_running_stats=True)
  (bn2): BatchNorm1d(104, eps=1e-05, momentum=0.1, affine=True, track_running_stats=True)
  (bn3): BatchNorm1d(112, eps=1e-05, momentum=0.1, affine=True, track_running_stats=True)
  (projection2): Sequential(
    (0): Linear(in_features=320, out_features=256, bias=True)
    (1): ReLU()
    (2): Linear(in_features=256, out_features=128, bias=True)
  )
)
2025-03-06 00:13:13,413 | INFO : CSL(
  (shapelets_euclidean): ShapeletsDistBlocks(
    (blocks): ModuleList(
      (0-7): 8 x MinEuclideanDistBlock()
    )
  )
  (shapelets_cosine): ShapeletsDistBlocks(
    (blocks): ModuleList(
      (0-7): 8 x MaxCosineSimilarityBlock(
        (relu): ReLU()
      )
    )
  )
  (shapelets_cross_correlation): ShapeletsDistBlocks(
    (blocks): ModuleList(
      (0): MaxCrossCorrelationBlock(
        (shapelets): Conv1d(6, 14, kernel_size=(10,), stride=(1,))
      )
      (1): MaxCrossCorrelationBlock(
        (shapelets): Conv1d(6, 14, kernel_size=(20,), stride=(1,))
      )
      (2): MaxCrossCorrelationBlock(
        (shapelets): Conv1d(6, 14, kernel_size=(30,), stride=(1,))
      )
      (3): MaxCrossCorrelationBlock(
        (shapelets): Conv1d(6, 14, kernel_size=(40,), stride=(1,))
      )
      (4): MaxCrossCorrelationBlock(
        (shapelets): Conv1d(6, 14, kernel_size=(50,), stride=(1,))
      )
      (5): MaxCrossCorrelationBlock(
        (shapelets): Conv1d(6, 14, kernel_size=(60,), stride=(1,))
      )
      (6): MaxCrossCorrelationBlock(
        (shapelets): Conv1d(6, 14, kernel_size=(70,), stride=(1,))
      )
      (7): MaxCrossCorrelationBlock(
        (shapelets): Conv1d(6, 14, kernel_size=(80,), stride=(1,))
      )
    )
  )
  (linear): Linear(in_features=320, out_features=2, bias=True)
  (projection): Sequential(
    (0): BatchNorm1d(320, eps=1e-05, momentum=0.1, affine=True, track_running_stats=True)
  )
  (bn1): BatchNorm1d(104, eps=1e-05, momentum=0.1, affine=True, track_running_stats=True)
  (bn2): BatchNorm1d(104, eps=1e-05, momentum=0.1, affine=True, track_running_stats=True)
  (bn3): BatchNorm1d(112, eps=1e-05, momentum=0.1, affine=True, track_running_stats=True)
  (projection2): Sequential(
    (0): Linear(in_features=320, out_features=256, bias=True)
    (1): ReLU()
    (2): Linear(in_features=256, out_features=128, bias=True)
  )
)
2025-03-06 00:13:13,413 | INFO : CSL(
  (shapelets_euclidean): ShapeletsDistBlocks(
    (blocks): ModuleList(
      (0-7): 8 x MinEuclideanDistBlock()
    )
  )
  (shapelets_cosine): ShapeletsDistBlocks(
    (blocks): ModuleList(
      (0-7): 8 x MaxCosineSimilarityBlock(
        (relu): ReLU()
      )
    )
  )
  (shapelets_cross_correlation): ShapeletsDistBlocks(
    (blocks): ModuleList(
      (0): MaxCrossCorrelationBlock(
        (shapelets): Conv1d(6, 14, kernel_size=(10,), stride=(1,))
      )
      (1): MaxCrossCorrelationBlock(
        (shapelets): Conv1d(6, 14, kernel_size=(20,), stride=(1,))
      )
      (2): MaxCrossCorrelationBlock(
        (shapelets): Conv1d(6, 14, kernel_size=(30,), stride=(1,))
      )
      (3): MaxCrossCorrelationBlock(
        (shapelets): Conv1d(6, 14, kernel_size=(40,), stride=(1,))
      )
      (4): MaxCrossCorrelationBlock(
        (shapelets): Conv1d(6, 14, kernel_size=(50,), stride=(1,))
      )
      (5): MaxCrossCorrelationBlock(
        (shapelets): Conv1d(6, 14, kernel_size=(60,), stride=(1,))
      )
      (6): MaxCrossCorrelationBlock(
        (shapelets): Conv1d(6, 14, kernel_size=(70,), stride=(1,))
      )
      (7): MaxCrossCorrelationBlock(
        (shapelets): Conv1d(6, 14, kernel_size=(80,), stride=(1,))
      )
    )
  )
  (linear): Linear(in_features=320, out_features=2, bias=True)
  (projection): Sequential(
    (0): BatchNorm1d(320, eps=1e-05, momentum=0.1, affine=True, track_running_stats=True)
  )
  (bn1): BatchNorm1d(104, eps=1e-05, momentum=0.1, affine=True, track_running_stats=True)
  (bn2): BatchNorm1d(104, eps=1e-05, momentum=0.1, affine=True, track_running_stats=True)
  (bn3): BatchNorm1d(112, eps=1e-05, momentum=0.1, affine=True, track_running_stats=True)
  (projection2): Sequential(
    (0): Linear(in_features=320, out_features=256, bias=True)
    (1): ReLU()
    (2): Linear(in_features=256, out_features=128, bias=True)
  )
)
2025-03-06 00:13:13,413 | INFO : CSL(
  (shapelets_euclidean): ShapeletsDistBlocks(
    (blocks): ModuleList(
      (0-7): 8 x MinEuclideanDistBlock()
    )
  )
  (shapelets_cosine): ShapeletsDistBlocks(
    (blocks): ModuleList(
      (0-7): 8 x MaxCosineSimilarityBlock(
        (relu): ReLU()
      )
    )
  )
  (shapelets_cross_correlation): ShapeletsDistBlocks(
    (blocks): ModuleList(
      (0): MaxCrossCorrelationBlock(
        (shapelets): Conv1d(6, 14, kernel_size=(10,), stride=(1,))
      )
      (1): MaxCrossCorrelationBlock(
        (shapelets): Conv1d(6, 14, kernel_size=(20,), stride=(1,))
      )
      (2): MaxCrossCorrelationBlock(
        (shapelets): Conv1d(6, 14, kernel_size=(30,), stride=(1,))
      )
      (3): MaxCrossCorrelationBlock(
        (shapelets): Conv1d(6, 14, kernel_size=(40,), stride=(1,))
      )
      (4): MaxCrossCorrelationBlock(
        (shapelets): Conv1d(6, 14, kernel_size=(50,), stride=(1,))
      )
      (5): MaxCrossCorrelationBlock(
        (shapelets): Conv1d(6, 14, kernel_size=(60,), stride=(1,))
      )
      (6): MaxCrossCorrelationBlock(
        (shapelets): Conv1d(6, 14, kernel_size=(70,), stride=(1,))
      )
      (7): MaxCrossCorrelationBlock(
        (shapelets): Conv1d(6, 14, kernel_size=(80,), stride=(1,))
      )
    )
  )
  (linear): Linear(in_features=320, out_features=2, bias=True)
  (projection): Sequential(
    (0): BatchNorm1d(320, eps=1e-05, momentum=0.1, affine=True, track_running_stats=True)
  )
  (bn1): BatchNorm1d(104, eps=1e-05, momentum=0.1, affine=True, track_running_stats=True)
  (bn2): BatchNorm1d(104, eps=1e-05, momentum=0.1, affine=True, track_running_stats=True)
  (bn3): BatchNorm1d(112, eps=1e-05, momentum=0.1, affine=True, track_running_stats=True)
  (projection2): Sequential(
    (0): Linear(in_features=320, out_features=256, bias=True)
    (1): ReLU()
    (2): Linear(in_features=256, out_features=128, bias=True)
  )
)
2025-03-06 00:13:13,413 | INFO : CSL(
  (shapelets_euclidean): ShapeletsDistBlocks(
    (blocks): ModuleList(
      (0-7): 8 x MinEuclideanDistBlock()
    )
  )
  (shapelets_cosine): ShapeletsDistBlocks(
    (blocks): ModuleList(
      (0-7): 8 x MaxCosineSimilarityBlock(
        (relu): ReLU()
      )
    )
  )
  (shapelets_cross_correlation): ShapeletsDistBlocks(
    (blocks): ModuleList(
      (0): MaxCrossCorrelationBlock(
        (shapelets): Conv1d(6, 14, kernel_size=(10,), stride=(1,))
      )
      (1): MaxCrossCorrelationBlock(
        (shapelets): Conv1d(6, 14, kernel_size=(20,), stride=(1,))
      )
      (2): MaxCrossCorrelationBlock(
        (shapelets): Conv1d(6, 14, kernel_size=(30,), stride=(1,))
      )
      (3): MaxCrossCorrelationBlock(
        (shapelets): Conv1d(6, 14, kernel_size=(40,), stride=(1,))
      )
      (4): MaxCrossCorrelationBlock(
        (shapelets): Conv1d(6, 14, kernel_size=(50,), stride=(1,))
      )
      (5): MaxCrossCorrelationBlock(
        (shapelets): Conv1d(6, 14, kernel_size=(60,), stride=(1,))
      )
      (6): MaxCrossCorrelationBlock(
        (shapelets): Conv1d(6, 14, kernel_size=(70,), stride=(1,))
      )
      (7): MaxCrossCorrelationBlock(
        (shapelets): Conv1d(6, 14, kernel_size=(80,), stride=(1,))
      )
    )
  )
  (linear): Linear(in_features=320, out_features=2, bias=True)
  (projection): Sequential(
    (0): BatchNorm1d(320, eps=1e-05, momentum=0.1, affine=True, track_running_stats=True)
  )
  (bn1): BatchNorm1d(104, eps=1e-05, momentum=0.1, affine=True, track_running_stats=True)
  (bn2): BatchNorm1d(104, eps=1e-05, momentum=0.1, affine=True, track_running_stats=True)
  (bn3): BatchNorm1d(112, eps=1e-05, momentum=0.1, affine=True, track_running_stats=True)
  (projection2): Sequential(
    (0): Linear(in_features=320, out_features=256, bias=True)
    (1): ReLU()
    (2): Linear(in_features=256, out_features=128, bias=True)
  )
)
2025-03-06 00:13:13,413 | INFO : CSL(
  (shapelets_euclidean): ShapeletsDistBlocks(
    (blocks): ModuleList(
      (0-7): 8 x MinEuclideanDistBlock()
    )
  )
  (shapelets_cosine): ShapeletsDistBlocks(
    (blocks): ModuleList(
      (0-7): 8 x MaxCosineSimilarityBlock(
        (relu): ReLU()
      )
    )
  )
  (shapelets_cross_correlation): ShapeletsDistBlocks(
    (blocks): ModuleList(
      (0): MaxCrossCorrelationBlock(
        (shapelets): Conv1d(6, 14, kernel_size=(10,), stride=(1,))
      )
      (1): MaxCrossCorrelationBlock(
        (shapelets): Conv1d(6, 14, kernel_size=(20,), stride=(1,))
      )
      (2): MaxCrossCorrelationBlock(
        (shapelets): Conv1d(6, 14, kernel_size=(30,), stride=(1,))
      )
      (3): MaxCrossCorrelationBlock(
        (shapelets): Conv1d(6, 14, kernel_size=(40,), stride=(1,))
      )
      (4): MaxCrossCorrelationBlock(
        (shapelets): Conv1d(6, 14, kernel_size=(50,), stride=(1,))
      )
      (5): MaxCrossCorrelationBlock(
        (shapelets): Conv1d(6, 14, kernel_size=(60,), stride=(1,))
      )
      (6): MaxCrossCorrelationBlock(
        (shapelets): Conv1d(6, 14, kernel_size=(70,), stride=(1,))
      )
      (7): MaxCrossCorrelationBlock(
        (shapelets): Conv1d(6, 14, kernel_size=(80,), stride=(1,))
      )
    )
  )
  (linear): Linear(in_features=320, out_features=2, bias=True)
  (projection): Sequential(
    (0): BatchNorm1d(320, eps=1e-05, momentum=0.1, affine=True, track_running_stats=True)
  )
  (bn1): BatchNorm1d(104, eps=1e-05, momentum=0.1, affine=True, track_running_stats=True)
  (bn2): BatchNorm1d(104, eps=1e-05, momentum=0.1, affine=True, track_running_stats=True)
  (bn3): BatchNorm1d(112, eps=1e-05, momentum=0.1, affine=True, track_running_stats=True)
  (projection2): Sequential(
    (0): Linear(in_features=320, out_features=256, bias=True)
    (1): ReLU()
    (2): Linear(in_features=256, out_features=128, bias=True)
  )
)
2025-03-06 00:13:13,413 | INFO : CSL(
  (shapelets_euclidean): ShapeletsDistBlocks(
    (blocks): ModuleList(
      (0-7): 8 x MinEuclideanDistBlock()
    )
  )
  (shapelets_cosine): ShapeletsDistBlocks(
    (blocks): ModuleList(
      (0-7): 8 x MaxCosineSimilarityBlock(
        (relu): ReLU()
      )
    )
  )
  (shapelets_cross_correlation): ShapeletsDistBlocks(
    (blocks): ModuleList(
      (0): MaxCrossCorrelationBlock(
        (shapelets): Conv1d(6, 14, kernel_size=(10,), stride=(1,))
      )
      (1): MaxCrossCorrelationBlock(
        (shapelets): Conv1d(6, 14, kernel_size=(20,), stride=(1,))
      )
      (2): MaxCrossCorrelationBlock(
        (shapelets): Conv1d(6, 14, kernel_size=(30,), stride=(1,))
      )
      (3): MaxCrossCorrelationBlock(
        (shapelets): Conv1d(6, 14, kernel_size=(40,), stride=(1,))
      )
      (4): MaxCrossCorrelationBlock(
        (shapelets): Conv1d(6, 14, kernel_size=(50,), stride=(1,))
      )
      (5): MaxCrossCorrelationBlock(
        (shapelets): Conv1d(6, 14, kernel_size=(60,), stride=(1,))
      )
      (6): MaxCrossCorrelationBlock(
        (shapelets): Conv1d(6, 14, kernel_size=(70,), stride=(1,))
      )
      (7): MaxCrossCorrelationBlock(
        (shapelets): Conv1d(6, 14, kernel_size=(80,), stride=(1,))
      )
    )
  )
  (linear): Linear(in_features=320, out_features=2, bias=True)
  (projection): Sequential(
    (0): BatchNorm1d(320, eps=1e-05, momentum=0.1, affine=True, track_running_stats=True)
  )
  (bn1): BatchNorm1d(104, eps=1e-05, momentum=0.1, affine=True, track_running_stats=True)
  (bn2): BatchNorm1d(104, eps=1e-05, momentum=0.1, affine=True, track_running_stats=True)
  (bn3): BatchNorm1d(112, eps=1e-05, momentum=0.1, affine=True, track_running_stats=True)
  (projection2): Sequential(
    (0): Linear(in_features=320, out_features=256, bias=True)
    (1): ReLU()
    (2): Linear(in_features=256, out_features=128, bias=True)
  )
)
2025-03-06 00:13:13,413 | INFO : CSL(
  (shapelets_euclidean): ShapeletsDistBlocks(
    (blocks): ModuleList(
      (0-7): 8 x MinEuclideanDistBlock()
    )
  )
  (shapelets_cosine): ShapeletsDistBlocks(
    (blocks): ModuleList(
      (0-7): 8 x MaxCosineSimilarityBlock(
        (relu): ReLU()
      )
    )
  )
  (shapelets_cross_correlation): ShapeletsDistBlocks(
    (blocks): ModuleList(
      (0): MaxCrossCorrelationBlock(
        (shapelets): Conv1d(6, 14, kernel_size=(10,), stride=(1,))
      )
      (1): MaxCrossCorrelationBlock(
        (shapelets): Conv1d(6, 14, kernel_size=(20,), stride=(1,))
      )
      (2): MaxCrossCorrelationBlock(
        (shapelets): Conv1d(6, 14, kernel_size=(30,), stride=(1,))
      )
      (3): MaxCrossCorrelationBlock(
        (shapelets): Conv1d(6, 14, kernel_size=(40,), stride=(1,))
      )
      (4): MaxCrossCorrelationBlock(
        (shapelets): Conv1d(6, 14, kernel_size=(50,), stride=(1,))
      )
      (5): MaxCrossCorrelationBlock(
        (shapelets): Conv1d(6, 14, kernel_size=(60,), stride=(1,))
      )
      (6): MaxCrossCorrelationBlock(
        (shapelets): Conv1d(6, 14, kernel_size=(70,), stride=(1,))
      )
      (7): MaxCrossCorrelationBlock(
        (shapelets): Conv1d(6, 14, kernel_size=(80,), stride=(1,))
      )
    )
  )
  (linear): Linear(in_features=320, out_features=2, bias=True)
  (projection): Sequential(
    (0): BatchNorm1d(320, eps=1e-05, momentum=0.1, affine=True, track_running_stats=True)
  )
  (bn1): BatchNorm1d(104, eps=1e-05, momentum=0.1, affine=True, track_running_stats=True)
  (bn2): BatchNorm1d(104, eps=1e-05, momentum=0.1, affine=True, track_running_stats=True)
  (bn3): BatchNorm1d(112, eps=1e-05, momentum=0.1, affine=True, track_running_stats=True)
  (projection2): Sequential(
    (0): Linear(in_features=320, out_features=256, bias=True)
    (1): ReLU()
    (2): Linear(in_features=256, out_features=128, bias=True)
  )
)
2025-03-06 00:13:48,007 | INFO : train_ds length: 40, valid_ds length: 40
2025-03-06 00:13:48,007 | INFO : train_ds length: 40, valid_ds length: 40
2025-03-06 00:13:48,007 | INFO : train_ds length: 40, valid_ds length: 40
2025-03-06 00:13:48,007 | INFO : train_ds length: 40, valid_ds length: 40
2025-03-06 00:13:48,007 | INFO : train_ds length: 40, valid_ds length: 40
2025-03-06 00:13:48,007 | INFO : train_ds length: 40, valid_ds length: 40
2025-03-06 00:13:48,007 | INFO : train_ds length: 40, valid_ds length: 40
2025-03-06 00:13:48,007 | INFO : train_ds length: 40, valid_ds length: 40
2025-03-06 00:13:48,007 | INFO : train_ds length: 40, valid_ds length: 40
2025-03-06 00:13:48,007 | INFO : train_ds length: 40, valid_ds length: 40
2025-03-06 00:13:48,007 | INFO : train_ds length: 40, valid_ds length: 40
2025-03-06 00:13:48,007 | INFO : train_ds length: 40, valid_ds length: 40
2025-03-06 00:13:48,020 | INFO : {'output_dims': 320, 'feat_dim': 6, 'max_len': 100, 'device': 'cpu'}
2025-03-06 00:13:48,020 | INFO : {'output_dims': 320, 'feat_dim': 6, 'max_len': 100, 'device': 'cpu'}
2025-03-06 00:13:48,020 | INFO : {'output_dims': 320, 'feat_dim': 6, 'max_len': 100, 'device': 'cpu'}
2025-03-06 00:13:48,020 | INFO : {'output_dims': 320, 'feat_dim': 6, 'max_len': 100, 'device': 'cpu'}
2025-03-06 00:13:48,020 | INFO : {'output_dims': 320, 'feat_dim': 6, 'max_len': 100, 'device': 'cpu'}
2025-03-06 00:13:48,020 | INFO : {'output_dims': 320, 'feat_dim': 6, 'max_len': 100, 'device': 'cpu'}
2025-03-06 00:13:48,020 | INFO : {'output_dims': 320, 'feat_dim': 6, 'max_len': 100, 'device': 'cpu'}
2025-03-06 00:13:48,020 | INFO : {'output_dims': 320, 'feat_dim': 6, 'max_len': 100, 'device': 'cpu'}
2025-03-06 00:13:48,020 | INFO : {'output_dims': 320, 'feat_dim': 6, 'max_len': 100, 'device': 'cpu'}
2025-03-06 00:13:48,020 | INFO : {'output_dims': 320, 'feat_dim': 6, 'max_len': 100, 'device': 'cpu'}
2025-03-06 00:13:48,020 | INFO : {'output_dims': 320, 'feat_dim': 6, 'max_len': 100, 'device': 'cpu'}
2025-03-06 00:13:48,020 | INFO : {'output_dims': 320, 'feat_dim': 6, 'max_len': 100, 'device': 'cpu'}
2025-03-06 00:13:48,022 | INFO : CSL(
  (shapelets_euclidean): ShapeletsDistBlocks(
    (blocks): ModuleList(
      (0-7): 8 x MinEuclideanDistBlock()
    )
  )
  (shapelets_cosine): ShapeletsDistBlocks(
    (blocks): ModuleList(
      (0-7): 8 x MaxCosineSimilarityBlock(
        (relu): ReLU()
      )
    )
  )
  (shapelets_cross_correlation): ShapeletsDistBlocks(
    (blocks): ModuleList(
      (0): MaxCrossCorrelationBlock(
        (shapelets): Conv1d(6, 14, kernel_size=(10,), stride=(1,))
      )
      (1): MaxCrossCorrelationBlock(
        (shapelets): Conv1d(6, 14, kernel_size=(20,), stride=(1,))
      )
      (2): MaxCrossCorrelationBlock(
        (shapelets): Conv1d(6, 14, kernel_size=(30,), stride=(1,))
      )
      (3): MaxCrossCorrelationBlock(
        (shapelets): Conv1d(6, 14, kernel_size=(40,), stride=(1,))
      )
      (4): MaxCrossCorrelationBlock(
        (shapelets): Conv1d(6, 14, kernel_size=(50,), stride=(1,))
      )
      (5): MaxCrossCorrelationBlock(
        (shapelets): Conv1d(6, 14, kernel_size=(60,), stride=(1,))
      )
      (6): MaxCrossCorrelationBlock(
        (shapelets): Conv1d(6, 14, kernel_size=(70,), stride=(1,))
      )
      (7): MaxCrossCorrelationBlock(
        (shapelets): Conv1d(6, 14, kernel_size=(80,), stride=(1,))
      )
    )
  )
  (linear): Linear(in_features=320, out_features=2, bias=True)
  (projection): Sequential(
    (0): BatchNorm1d(320, eps=1e-05, momentum=0.1, affine=True, track_running_stats=True)
  )
  (bn1): BatchNorm1d(104, eps=1e-05, momentum=0.1, affine=True, track_running_stats=True)
  (bn2): BatchNorm1d(104, eps=1e-05, momentum=0.1, affine=True, track_running_stats=True)
  (bn3): BatchNorm1d(112, eps=1e-05, momentum=0.1, affine=True, track_running_stats=True)
  (projection2): Sequential(
    (0): Linear(in_features=320, out_features=256, bias=True)
    (1): ReLU()
    (2): Linear(in_features=256, out_features=128, bias=True)
  )
)
2025-03-06 00:13:48,022 | INFO : CSL(
  (shapelets_euclidean): ShapeletsDistBlocks(
    (blocks): ModuleList(
      (0-7): 8 x MinEuclideanDistBlock()
    )
  )
  (shapelets_cosine): ShapeletsDistBlocks(
    (blocks): ModuleList(
      (0-7): 8 x MaxCosineSimilarityBlock(
        (relu): ReLU()
      )
    )
  )
  (shapelets_cross_correlation): ShapeletsDistBlocks(
    (blocks): ModuleList(
      (0): MaxCrossCorrelationBlock(
        (shapelets): Conv1d(6, 14, kernel_size=(10,), stride=(1,))
      )
      (1): MaxCrossCorrelationBlock(
        (shapelets): Conv1d(6, 14, kernel_size=(20,), stride=(1,))
      )
      (2): MaxCrossCorrelationBlock(
        (shapelets): Conv1d(6, 14, kernel_size=(30,), stride=(1,))
      )
      (3): MaxCrossCorrelationBlock(
        (shapelets): Conv1d(6, 14, kernel_size=(40,), stride=(1,))
      )
      (4): MaxCrossCorrelationBlock(
        (shapelets): Conv1d(6, 14, kernel_size=(50,), stride=(1,))
      )
      (5): MaxCrossCorrelationBlock(
        (shapelets): Conv1d(6, 14, kernel_size=(60,), stride=(1,))
      )
      (6): MaxCrossCorrelationBlock(
        (shapelets): Conv1d(6, 14, kernel_size=(70,), stride=(1,))
      )
      (7): MaxCrossCorrelationBlock(
        (shapelets): Conv1d(6, 14, kernel_size=(80,), stride=(1,))
      )
    )
  )
  (linear): Linear(in_features=320, out_features=2, bias=True)
  (projection): Sequential(
    (0): BatchNorm1d(320, eps=1e-05, momentum=0.1, affine=True, track_running_stats=True)
  )
  (bn1): BatchNorm1d(104, eps=1e-05, momentum=0.1, affine=True, track_running_stats=True)
  (bn2): BatchNorm1d(104, eps=1e-05, momentum=0.1, affine=True, track_running_stats=True)
  (bn3): BatchNorm1d(112, eps=1e-05, momentum=0.1, affine=True, track_running_stats=True)
  (projection2): Sequential(
    (0): Linear(in_features=320, out_features=256, bias=True)
    (1): ReLU()
    (2): Linear(in_features=256, out_features=128, bias=True)
  )
)
2025-03-06 00:13:48,022 | INFO : CSL(
  (shapelets_euclidean): ShapeletsDistBlocks(
    (blocks): ModuleList(
      (0-7): 8 x MinEuclideanDistBlock()
    )
  )
  (shapelets_cosine): ShapeletsDistBlocks(
    (blocks): ModuleList(
      (0-7): 8 x MaxCosineSimilarityBlock(
        (relu): ReLU()
      )
    )
  )
  (shapelets_cross_correlation): ShapeletsDistBlocks(
    (blocks): ModuleList(
      (0): MaxCrossCorrelationBlock(
        (shapelets): Conv1d(6, 14, kernel_size=(10,), stride=(1,))
      )
      (1): MaxCrossCorrelationBlock(
        (shapelets): Conv1d(6, 14, kernel_size=(20,), stride=(1,))
      )
      (2): MaxCrossCorrelationBlock(
        (shapelets): Conv1d(6, 14, kernel_size=(30,), stride=(1,))
      )
      (3): MaxCrossCorrelationBlock(
        (shapelets): Conv1d(6, 14, kernel_size=(40,), stride=(1,))
      )
      (4): MaxCrossCorrelationBlock(
        (shapelets): Conv1d(6, 14, kernel_size=(50,), stride=(1,))
      )
      (5): MaxCrossCorrelationBlock(
        (shapelets): Conv1d(6, 14, kernel_size=(60,), stride=(1,))
      )
      (6): MaxCrossCorrelationBlock(
        (shapelets): Conv1d(6, 14, kernel_size=(70,), stride=(1,))
      )
      (7): MaxCrossCorrelationBlock(
        (shapelets): Conv1d(6, 14, kernel_size=(80,), stride=(1,))
      )
    )
  )
  (linear): Linear(in_features=320, out_features=2, bias=True)
  (projection): Sequential(
    (0): BatchNorm1d(320, eps=1e-05, momentum=0.1, affine=True, track_running_stats=True)
  )
  (bn1): BatchNorm1d(104, eps=1e-05, momentum=0.1, affine=True, track_running_stats=True)
  (bn2): BatchNorm1d(104, eps=1e-05, momentum=0.1, affine=True, track_running_stats=True)
  (bn3): BatchNorm1d(112, eps=1e-05, momentum=0.1, affine=True, track_running_stats=True)
  (projection2): Sequential(
    (0): Linear(in_features=320, out_features=256, bias=True)
    (1): ReLU()
    (2): Linear(in_features=256, out_features=128, bias=True)
  )
)
2025-03-06 00:13:48,022 | INFO : CSL(
  (shapelets_euclidean): ShapeletsDistBlocks(
    (blocks): ModuleList(
      (0-7): 8 x MinEuclideanDistBlock()
    )
  )
  (shapelets_cosine): ShapeletsDistBlocks(
    (blocks): ModuleList(
      (0-7): 8 x MaxCosineSimilarityBlock(
        (relu): ReLU()
      )
    )
  )
  (shapelets_cross_correlation): ShapeletsDistBlocks(
    (blocks): ModuleList(
      (0): MaxCrossCorrelationBlock(
        (shapelets): Conv1d(6, 14, kernel_size=(10,), stride=(1,))
      )
      (1): MaxCrossCorrelationBlock(
        (shapelets): Conv1d(6, 14, kernel_size=(20,), stride=(1,))
      )
      (2): MaxCrossCorrelationBlock(
        (shapelets): Conv1d(6, 14, kernel_size=(30,), stride=(1,))
      )
      (3): MaxCrossCorrelationBlock(
        (shapelets): Conv1d(6, 14, kernel_size=(40,), stride=(1,))
      )
      (4): MaxCrossCorrelationBlock(
        (shapelets): Conv1d(6, 14, kernel_size=(50,), stride=(1,))
      )
      (5): MaxCrossCorrelationBlock(
        (shapelets): Conv1d(6, 14, kernel_size=(60,), stride=(1,))
      )
      (6): MaxCrossCorrelationBlock(
        (shapelets): Conv1d(6, 14, kernel_size=(70,), stride=(1,))
      )
      (7): MaxCrossCorrelationBlock(
        (shapelets): Conv1d(6, 14, kernel_size=(80,), stride=(1,))
      )
    )
  )
  (linear): Linear(in_features=320, out_features=2, bias=True)
  (projection): Sequential(
    (0): BatchNorm1d(320, eps=1e-05, momentum=0.1, affine=True, track_running_stats=True)
  )
  (bn1): BatchNorm1d(104, eps=1e-05, momentum=0.1, affine=True, track_running_stats=True)
  (bn2): BatchNorm1d(104, eps=1e-05, momentum=0.1, affine=True, track_running_stats=True)
  (bn3): BatchNorm1d(112, eps=1e-05, momentum=0.1, affine=True, track_running_stats=True)
  (projection2): Sequential(
    (0): Linear(in_features=320, out_features=256, bias=True)
    (1): ReLU()
    (2): Linear(in_features=256, out_features=128, bias=True)
  )
)
2025-03-06 00:13:48,022 | INFO : CSL(
  (shapelets_euclidean): ShapeletsDistBlocks(
    (blocks): ModuleList(
      (0-7): 8 x MinEuclideanDistBlock()
    )
  )
  (shapelets_cosine): ShapeletsDistBlocks(
    (blocks): ModuleList(
      (0-7): 8 x MaxCosineSimilarityBlock(
        (relu): ReLU()
      )
    )
  )
  (shapelets_cross_correlation): ShapeletsDistBlocks(
    (blocks): ModuleList(
      (0): MaxCrossCorrelationBlock(
        (shapelets): Conv1d(6, 14, kernel_size=(10,), stride=(1,))
      )
      (1): MaxCrossCorrelationBlock(
        (shapelets): Conv1d(6, 14, kernel_size=(20,), stride=(1,))
      )
      (2): MaxCrossCorrelationBlock(
        (shapelets): Conv1d(6, 14, kernel_size=(30,), stride=(1,))
      )
      (3): MaxCrossCorrelationBlock(
        (shapelets): Conv1d(6, 14, kernel_size=(40,), stride=(1,))
      )
      (4): MaxCrossCorrelationBlock(
        (shapelets): Conv1d(6, 14, kernel_size=(50,), stride=(1,))
      )
      (5): MaxCrossCorrelationBlock(
        (shapelets): Conv1d(6, 14, kernel_size=(60,), stride=(1,))
      )
      (6): MaxCrossCorrelationBlock(
        (shapelets): Conv1d(6, 14, kernel_size=(70,), stride=(1,))
      )
      (7): MaxCrossCorrelationBlock(
        (shapelets): Conv1d(6, 14, kernel_size=(80,), stride=(1,))
      )
    )
  )
  (linear): Linear(in_features=320, out_features=2, bias=True)
  (projection): Sequential(
    (0): BatchNorm1d(320, eps=1e-05, momentum=0.1, affine=True, track_running_stats=True)
  )
  (bn1): BatchNorm1d(104, eps=1e-05, momentum=0.1, affine=True, track_running_stats=True)
  (bn2): BatchNorm1d(104, eps=1e-05, momentum=0.1, affine=True, track_running_stats=True)
  (bn3): BatchNorm1d(112, eps=1e-05, momentum=0.1, affine=True, track_running_stats=True)
  (projection2): Sequential(
    (0): Linear(in_features=320, out_features=256, bias=True)
    (1): ReLU()
    (2): Linear(in_features=256, out_features=128, bias=True)
  )
)
2025-03-06 00:13:48,022 | INFO : CSL(
  (shapelets_euclidean): ShapeletsDistBlocks(
    (blocks): ModuleList(
      (0-7): 8 x MinEuclideanDistBlock()
    )
  )
  (shapelets_cosine): ShapeletsDistBlocks(
    (blocks): ModuleList(
      (0-7): 8 x MaxCosineSimilarityBlock(
        (relu): ReLU()
      )
    )
  )
  (shapelets_cross_correlation): ShapeletsDistBlocks(
    (blocks): ModuleList(
      (0): MaxCrossCorrelationBlock(
        (shapelets): Conv1d(6, 14, kernel_size=(10,), stride=(1,))
      )
      (1): MaxCrossCorrelationBlock(
        (shapelets): Conv1d(6, 14, kernel_size=(20,), stride=(1,))
      )
      (2): MaxCrossCorrelationBlock(
        (shapelets): Conv1d(6, 14, kernel_size=(30,), stride=(1,))
      )
      (3): MaxCrossCorrelationBlock(
        (shapelets): Conv1d(6, 14, kernel_size=(40,), stride=(1,))
      )
      (4): MaxCrossCorrelationBlock(
        (shapelets): Conv1d(6, 14, kernel_size=(50,), stride=(1,))
      )
      (5): MaxCrossCorrelationBlock(
        (shapelets): Conv1d(6, 14, kernel_size=(60,), stride=(1,))
      )
      (6): MaxCrossCorrelationBlock(
        (shapelets): Conv1d(6, 14, kernel_size=(70,), stride=(1,))
      )
      (7): MaxCrossCorrelationBlock(
        (shapelets): Conv1d(6, 14, kernel_size=(80,), stride=(1,))
      )
    )
  )
  (linear): Linear(in_features=320, out_features=2, bias=True)
  (projection): Sequential(
    (0): BatchNorm1d(320, eps=1e-05, momentum=0.1, affine=True, track_running_stats=True)
  )
  (bn1): BatchNorm1d(104, eps=1e-05, momentum=0.1, affine=True, track_running_stats=True)
  (bn2): BatchNorm1d(104, eps=1e-05, momentum=0.1, affine=True, track_running_stats=True)
  (bn3): BatchNorm1d(112, eps=1e-05, momentum=0.1, affine=True, track_running_stats=True)
  (projection2): Sequential(
    (0): Linear(in_features=320, out_features=256, bias=True)
    (1): ReLU()
    (2): Linear(in_features=256, out_features=128, bias=True)
  )
)
2025-03-06 00:13:48,022 | INFO : CSL(
  (shapelets_euclidean): ShapeletsDistBlocks(
    (blocks): ModuleList(
      (0-7): 8 x MinEuclideanDistBlock()
    )
  )
  (shapelets_cosine): ShapeletsDistBlocks(
    (blocks): ModuleList(
      (0-7): 8 x MaxCosineSimilarityBlock(
        (relu): ReLU()
      )
    )
  )
  (shapelets_cross_correlation): ShapeletsDistBlocks(
    (blocks): ModuleList(
      (0): MaxCrossCorrelationBlock(
        (shapelets): Conv1d(6, 14, kernel_size=(10,), stride=(1,))
      )
      (1): MaxCrossCorrelationBlock(
        (shapelets): Conv1d(6, 14, kernel_size=(20,), stride=(1,))
      )
      (2): MaxCrossCorrelationBlock(
        (shapelets): Conv1d(6, 14, kernel_size=(30,), stride=(1,))
      )
      (3): MaxCrossCorrelationBlock(
        (shapelets): Conv1d(6, 14, kernel_size=(40,), stride=(1,))
      )
      (4): MaxCrossCorrelationBlock(
        (shapelets): Conv1d(6, 14, kernel_size=(50,), stride=(1,))
      )
      (5): MaxCrossCorrelationBlock(
        (shapelets): Conv1d(6, 14, kernel_size=(60,), stride=(1,))
      )
      (6): MaxCrossCorrelationBlock(
        (shapelets): Conv1d(6, 14, kernel_size=(70,), stride=(1,))
      )
      (7): MaxCrossCorrelationBlock(
        (shapelets): Conv1d(6, 14, kernel_size=(80,), stride=(1,))
      )
    )
  )
  (linear): Linear(in_features=320, out_features=2, bias=True)
  (projection): Sequential(
    (0): BatchNorm1d(320, eps=1e-05, momentum=0.1, affine=True, track_running_stats=True)
  )
  (bn1): BatchNorm1d(104, eps=1e-05, momentum=0.1, affine=True, track_running_stats=True)
  (bn2): BatchNorm1d(104, eps=1e-05, momentum=0.1, affine=True, track_running_stats=True)
  (bn3): BatchNorm1d(112, eps=1e-05, momentum=0.1, affine=True, track_running_stats=True)
  (projection2): Sequential(
    (0): Linear(in_features=320, out_features=256, bias=True)
    (1): ReLU()
    (2): Linear(in_features=256, out_features=128, bias=True)
  )
)
2025-03-06 00:13:48,022 | INFO : CSL(
  (shapelets_euclidean): ShapeletsDistBlocks(
    (blocks): ModuleList(
      (0-7): 8 x MinEuclideanDistBlock()
    )
  )
  (shapelets_cosine): ShapeletsDistBlocks(
    (blocks): ModuleList(
      (0-7): 8 x MaxCosineSimilarityBlock(
        (relu): ReLU()
      )
    )
  )
  (shapelets_cross_correlation): ShapeletsDistBlocks(
    (blocks): ModuleList(
      (0): MaxCrossCorrelationBlock(
        (shapelets): Conv1d(6, 14, kernel_size=(10,), stride=(1,))
      )
      (1): MaxCrossCorrelationBlock(
        (shapelets): Conv1d(6, 14, kernel_size=(20,), stride=(1,))
      )
      (2): MaxCrossCorrelationBlock(
        (shapelets): Conv1d(6, 14, kernel_size=(30,), stride=(1,))
      )
      (3): MaxCrossCorrelationBlock(
        (shapelets): Conv1d(6, 14, kernel_size=(40,), stride=(1,))
      )
      (4): MaxCrossCorrelationBlock(
        (shapelets): Conv1d(6, 14, kernel_size=(50,), stride=(1,))
      )
      (5): MaxCrossCorrelationBlock(
        (shapelets): Conv1d(6, 14, kernel_size=(60,), stride=(1,))
      )
      (6): MaxCrossCorrelationBlock(
        (shapelets): Conv1d(6, 14, kernel_size=(70,), stride=(1,))
      )
      (7): MaxCrossCorrelationBlock(
        (shapelets): Conv1d(6, 14, kernel_size=(80,), stride=(1,))
      )
    )
  )
  (linear): Linear(in_features=320, out_features=2, bias=True)
  (projection): Sequential(
    (0): BatchNorm1d(320, eps=1e-05, momentum=0.1, affine=True, track_running_stats=True)
  )
  (bn1): BatchNorm1d(104, eps=1e-05, momentum=0.1, affine=True, track_running_stats=True)
  (bn2): BatchNorm1d(104, eps=1e-05, momentum=0.1, affine=True, track_running_stats=True)
  (bn3): BatchNorm1d(112, eps=1e-05, momentum=0.1, affine=True, track_running_stats=True)
  (projection2): Sequential(
    (0): Linear(in_features=320, out_features=256, bias=True)
    (1): ReLU()
    (2): Linear(in_features=256, out_features=128, bias=True)
  )
)
2025-03-06 00:13:48,022 | INFO : CSL(
  (shapelets_euclidean): ShapeletsDistBlocks(
    (blocks): ModuleList(
      (0-7): 8 x MinEuclideanDistBlock()
    )
  )
  (shapelets_cosine): ShapeletsDistBlocks(
    (blocks): ModuleList(
      (0-7): 8 x MaxCosineSimilarityBlock(
        (relu): ReLU()
      )
    )
  )
  (shapelets_cross_correlation): ShapeletsDistBlocks(
    (blocks): ModuleList(
      (0): MaxCrossCorrelationBlock(
        (shapelets): Conv1d(6, 14, kernel_size=(10,), stride=(1,))
      )
      (1): MaxCrossCorrelationBlock(
        (shapelets): Conv1d(6, 14, kernel_size=(20,), stride=(1,))
      )
      (2): MaxCrossCorrelationBlock(
        (shapelets): Conv1d(6, 14, kernel_size=(30,), stride=(1,))
      )
      (3): MaxCrossCorrelationBlock(
        (shapelets): Conv1d(6, 14, kernel_size=(40,), stride=(1,))
      )
      (4): MaxCrossCorrelationBlock(
        (shapelets): Conv1d(6, 14, kernel_size=(50,), stride=(1,))
      )
      (5): MaxCrossCorrelationBlock(
        (shapelets): Conv1d(6, 14, kernel_size=(60,), stride=(1,))
      )
      (6): MaxCrossCorrelationBlock(
        (shapelets): Conv1d(6, 14, kernel_size=(70,), stride=(1,))
      )
      (7): MaxCrossCorrelationBlock(
        (shapelets): Conv1d(6, 14, kernel_size=(80,), stride=(1,))
      )
    )
  )
  (linear): Linear(in_features=320, out_features=2, bias=True)
  (projection): Sequential(
    (0): BatchNorm1d(320, eps=1e-05, momentum=0.1, affine=True, track_running_stats=True)
  )
  (bn1): BatchNorm1d(104, eps=1e-05, momentum=0.1, affine=True, track_running_stats=True)
  (bn2): BatchNorm1d(104, eps=1e-05, momentum=0.1, affine=True, track_running_stats=True)
  (bn3): BatchNorm1d(112, eps=1e-05, momentum=0.1, affine=True, track_running_stats=True)
  (projection2): Sequential(
    (0): Linear(in_features=320, out_features=256, bias=True)
    (1): ReLU()
    (2): Linear(in_features=256, out_features=128, bias=True)
  )
)
2025-03-06 00:13:48,022 | INFO : CSL(
  (shapelets_euclidean): ShapeletsDistBlocks(
    (blocks): ModuleList(
      (0-7): 8 x MinEuclideanDistBlock()
    )
  )
  (shapelets_cosine): ShapeletsDistBlocks(
    (blocks): ModuleList(
      (0-7): 8 x MaxCosineSimilarityBlock(
        (relu): ReLU()
      )
    )
  )
  (shapelets_cross_correlation): ShapeletsDistBlocks(
    (blocks): ModuleList(
      (0): MaxCrossCorrelationBlock(
        (shapelets): Conv1d(6, 14, kernel_size=(10,), stride=(1,))
      )
      (1): MaxCrossCorrelationBlock(
        (shapelets): Conv1d(6, 14, kernel_size=(20,), stride=(1,))
      )
      (2): MaxCrossCorrelationBlock(
        (shapelets): Conv1d(6, 14, kernel_size=(30,), stride=(1,))
      )
      (3): MaxCrossCorrelationBlock(
        (shapelets): Conv1d(6, 14, kernel_size=(40,), stride=(1,))
      )
      (4): MaxCrossCorrelationBlock(
        (shapelets): Conv1d(6, 14, kernel_size=(50,), stride=(1,))
      )
      (5): MaxCrossCorrelationBlock(
        (shapelets): Conv1d(6, 14, kernel_size=(60,), stride=(1,))
      )
      (6): MaxCrossCorrelationBlock(
        (shapelets): Conv1d(6, 14, kernel_size=(70,), stride=(1,))
      )
      (7): MaxCrossCorrelationBlock(
        (shapelets): Conv1d(6, 14, kernel_size=(80,), stride=(1,))
      )
    )
  )
  (linear): Linear(in_features=320, out_features=2, bias=True)
  (projection): Sequential(
    (0): BatchNorm1d(320, eps=1e-05, momentum=0.1, affine=True, track_running_stats=True)
  )
  (bn1): BatchNorm1d(104, eps=1e-05, momentum=0.1, affine=True, track_running_stats=True)
  (bn2): BatchNorm1d(104, eps=1e-05, momentum=0.1, affine=True, track_running_stats=True)
  (bn3): BatchNorm1d(112, eps=1e-05, momentum=0.1, affine=True, track_running_stats=True)
  (projection2): Sequential(
    (0): Linear(in_features=320, out_features=256, bias=True)
    (1): ReLU()
    (2): Linear(in_features=256, out_features=128, bias=True)
  )
)
2025-03-06 00:13:48,022 | INFO : CSL(
  (shapelets_euclidean): ShapeletsDistBlocks(
    (blocks): ModuleList(
      (0-7): 8 x MinEuclideanDistBlock()
    )
  )
  (shapelets_cosine): ShapeletsDistBlocks(
    (blocks): ModuleList(
      (0-7): 8 x MaxCosineSimilarityBlock(
        (relu): ReLU()
      )
    )
  )
  (shapelets_cross_correlation): ShapeletsDistBlocks(
    (blocks): ModuleList(
      (0): MaxCrossCorrelationBlock(
        (shapelets): Conv1d(6, 14, kernel_size=(10,), stride=(1,))
      )
      (1): MaxCrossCorrelationBlock(
        (shapelets): Conv1d(6, 14, kernel_size=(20,), stride=(1,))
      )
      (2): MaxCrossCorrelationBlock(
        (shapelets): Conv1d(6, 14, kernel_size=(30,), stride=(1,))
      )
      (3): MaxCrossCorrelationBlock(
        (shapelets): Conv1d(6, 14, kernel_size=(40,), stride=(1,))
      )
      (4): MaxCrossCorrelationBlock(
        (shapelets): Conv1d(6, 14, kernel_size=(50,), stride=(1,))
      )
      (5): MaxCrossCorrelationBlock(
        (shapelets): Conv1d(6, 14, kernel_size=(60,), stride=(1,))
      )
      (6): MaxCrossCorrelationBlock(
        (shapelets): Conv1d(6, 14, kernel_size=(70,), stride=(1,))
      )
      (7): MaxCrossCorrelationBlock(
        (shapelets): Conv1d(6, 14, kernel_size=(80,), stride=(1,))
      )
    )
  )
  (linear): Linear(in_features=320, out_features=2, bias=True)
  (projection): Sequential(
    (0): BatchNorm1d(320, eps=1e-05, momentum=0.1, affine=True, track_running_stats=True)
  )
  (bn1): BatchNorm1d(104, eps=1e-05, momentum=0.1, affine=True, track_running_stats=True)
  (bn2): BatchNorm1d(104, eps=1e-05, momentum=0.1, affine=True, track_running_stats=True)
  (bn3): BatchNorm1d(112, eps=1e-05, momentum=0.1, affine=True, track_running_stats=True)
  (projection2): Sequential(
    (0): Linear(in_features=320, out_features=256, bias=True)
    (1): ReLU()
    (2): Linear(in_features=256, out_features=128, bias=True)
  )
)
2025-03-06 00:13:48,022 | INFO : CSL(
  (shapelets_euclidean): ShapeletsDistBlocks(
    (blocks): ModuleList(
      (0-7): 8 x MinEuclideanDistBlock()
    )
  )
  (shapelets_cosine): ShapeletsDistBlocks(
    (blocks): ModuleList(
      (0-7): 8 x MaxCosineSimilarityBlock(
        (relu): ReLU()
      )
    )
  )
  (shapelets_cross_correlation): ShapeletsDistBlocks(
    (blocks): ModuleList(
      (0): MaxCrossCorrelationBlock(
        (shapelets): Conv1d(6, 14, kernel_size=(10,), stride=(1,))
      )
      (1): MaxCrossCorrelationBlock(
        (shapelets): Conv1d(6, 14, kernel_size=(20,), stride=(1,))
      )
      (2): MaxCrossCorrelationBlock(
        (shapelets): Conv1d(6, 14, kernel_size=(30,), stride=(1,))
      )
      (3): MaxCrossCorrelationBlock(
        (shapelets): Conv1d(6, 14, kernel_size=(40,), stride=(1,))
      )
      (4): MaxCrossCorrelationBlock(
        (shapelets): Conv1d(6, 14, kernel_size=(50,), stride=(1,))
      )
      (5): MaxCrossCorrelationBlock(
        (shapelets): Conv1d(6, 14, kernel_size=(60,), stride=(1,))
      )
      (6): MaxCrossCorrelationBlock(
        (shapelets): Conv1d(6, 14, kernel_size=(70,), stride=(1,))
      )
      (7): MaxCrossCorrelationBlock(
        (shapelets): Conv1d(6, 14, kernel_size=(80,), stride=(1,))
      )
    )
  )
  (linear): Linear(in_features=320, out_features=2, bias=True)
  (projection): Sequential(
    (0): BatchNorm1d(320, eps=1e-05, momentum=0.1, affine=True, track_running_stats=True)
  )
  (bn1): BatchNorm1d(104, eps=1e-05, momentum=0.1, affine=True, track_running_stats=True)
  (bn2): BatchNorm1d(104, eps=1e-05, momentum=0.1, affine=True, track_running_stats=True)
  (bn3): BatchNorm1d(112, eps=1e-05, momentum=0.1, affine=True, track_running_stats=True)
  (projection2): Sequential(
    (0): Linear(in_features=320, out_features=256, bias=True)
    (1): ReLU()
    (2): Linear(in_features=256, out_features=128, bias=True)
  )
)
2025-03-06 00:14:36,415 | INFO : train_ds length: 40, valid_ds length: 40
2025-03-06 00:14:36,415 | INFO : train_ds length: 40, valid_ds length: 40
2025-03-06 00:14:36,415 | INFO : train_ds length: 40, valid_ds length: 40
2025-03-06 00:14:36,415 | INFO : train_ds length: 40, valid_ds length: 40
2025-03-06 00:14:36,415 | INFO : train_ds length: 40, valid_ds length: 40
2025-03-06 00:14:36,415 | INFO : train_ds length: 40, valid_ds length: 40
2025-03-06 00:14:36,415 | INFO : train_ds length: 40, valid_ds length: 40
2025-03-06 00:14:36,415 | INFO : train_ds length: 40, valid_ds length: 40
2025-03-06 00:14:36,415 | INFO : train_ds length: 40, valid_ds length: 40
2025-03-06 00:14:36,415 | INFO : train_ds length: 40, valid_ds length: 40
2025-03-06 00:14:36,415 | INFO : train_ds length: 40, valid_ds length: 40
2025-03-06 00:14:36,415 | INFO : train_ds length: 40, valid_ds length: 40
2025-03-06 00:14:36,415 | INFO : train_ds length: 40, valid_ds length: 40
2025-03-06 00:14:36,429 | INFO : {'output_dims': 320, 'feat_dim': 6, 'max_len': 100, 'device': 'cpu'}
2025-03-06 00:14:36,429 | INFO : {'output_dims': 320, 'feat_dim': 6, 'max_len': 100, 'device': 'cpu'}
2025-03-06 00:14:36,429 | INFO : {'output_dims': 320, 'feat_dim': 6, 'max_len': 100, 'device': 'cpu'}
2025-03-06 00:14:36,429 | INFO : {'output_dims': 320, 'feat_dim': 6, 'max_len': 100, 'device': 'cpu'}
2025-03-06 00:14:36,429 | INFO : {'output_dims': 320, 'feat_dim': 6, 'max_len': 100, 'device': 'cpu'}
2025-03-06 00:14:36,429 | INFO : {'output_dims': 320, 'feat_dim': 6, 'max_len': 100, 'device': 'cpu'}
2025-03-06 00:14:36,429 | INFO : {'output_dims': 320, 'feat_dim': 6, 'max_len': 100, 'device': 'cpu'}
2025-03-06 00:14:36,429 | INFO : {'output_dims': 320, 'feat_dim': 6, 'max_len': 100, 'device': 'cpu'}
2025-03-06 00:14:36,429 | INFO : {'output_dims': 320, 'feat_dim': 6, 'max_len': 100, 'device': 'cpu'}
2025-03-06 00:14:36,429 | INFO : {'output_dims': 320, 'feat_dim': 6, 'max_len': 100, 'device': 'cpu'}
2025-03-06 00:14:36,429 | INFO : {'output_dims': 320, 'feat_dim': 6, 'max_len': 100, 'device': 'cpu'}
2025-03-06 00:14:36,429 | INFO : {'output_dims': 320, 'feat_dim': 6, 'max_len': 100, 'device': 'cpu'}
2025-03-06 00:14:36,429 | INFO : {'output_dims': 320, 'feat_dim': 6, 'max_len': 100, 'device': 'cpu'}
2025-03-06 00:14:36,432 | INFO : CSL(
  (shapelets_euclidean): ShapeletsDistBlocks(
    (blocks): ModuleList(
      (0-7): 8 x MinEuclideanDistBlock()
    )
  )
  (shapelets_cosine): ShapeletsDistBlocks(
    (blocks): ModuleList(
      (0-7): 8 x MaxCosineSimilarityBlock(
        (relu): ReLU()
      )
    )
  )
  (shapelets_cross_correlation): ShapeletsDistBlocks(
    (blocks): ModuleList(
      (0): MaxCrossCorrelationBlock(
        (shapelets): Conv1d(6, 14, kernel_size=(10,), stride=(1,))
      )
      (1): MaxCrossCorrelationBlock(
        (shapelets): Conv1d(6, 14, kernel_size=(20,), stride=(1,))
      )
      (2): MaxCrossCorrelationBlock(
        (shapelets): Conv1d(6, 14, kernel_size=(30,), stride=(1,))
      )
      (3): MaxCrossCorrelationBlock(
        (shapelets): Conv1d(6, 14, kernel_size=(40,), stride=(1,))
      )
      (4): MaxCrossCorrelationBlock(
        (shapelets): Conv1d(6, 14, kernel_size=(50,), stride=(1,))
      )
      (5): MaxCrossCorrelationBlock(
        (shapelets): Conv1d(6, 14, kernel_size=(60,), stride=(1,))
      )
      (6): MaxCrossCorrelationBlock(
        (shapelets): Conv1d(6, 14, kernel_size=(70,), stride=(1,))
      )
      (7): MaxCrossCorrelationBlock(
        (shapelets): Conv1d(6, 14, kernel_size=(80,), stride=(1,))
      )
    )
  )
  (linear): Linear(in_features=320, out_features=2, bias=True)
  (projection): Sequential(
    (0): BatchNorm1d(320, eps=1e-05, momentum=0.1, affine=True, track_running_stats=True)
  )
  (bn1): BatchNorm1d(104, eps=1e-05, momentum=0.1, affine=True, track_running_stats=True)
  (bn2): BatchNorm1d(104, eps=1e-05, momentum=0.1, affine=True, track_running_stats=True)
  (bn3): BatchNorm1d(112, eps=1e-05, momentum=0.1, affine=True, track_running_stats=True)
  (projection2): Sequential(
    (0): Linear(in_features=320, out_features=256, bias=True)
    (1): ReLU()
    (2): Linear(in_features=256, out_features=128, bias=True)
  )
)
2025-03-06 00:14:36,432 | INFO : CSL(
  (shapelets_euclidean): ShapeletsDistBlocks(
    (blocks): ModuleList(
      (0-7): 8 x MinEuclideanDistBlock()
    )
  )
  (shapelets_cosine): ShapeletsDistBlocks(
    (blocks): ModuleList(
      (0-7): 8 x MaxCosineSimilarityBlock(
        (relu): ReLU()
      )
    )
  )
  (shapelets_cross_correlation): ShapeletsDistBlocks(
    (blocks): ModuleList(
      (0): MaxCrossCorrelationBlock(
        (shapelets): Conv1d(6, 14, kernel_size=(10,), stride=(1,))
      )
      (1): MaxCrossCorrelationBlock(
        (shapelets): Conv1d(6, 14, kernel_size=(20,), stride=(1,))
      )
      (2): MaxCrossCorrelationBlock(
        (shapelets): Conv1d(6, 14, kernel_size=(30,), stride=(1,))
      )
      (3): MaxCrossCorrelationBlock(
        (shapelets): Conv1d(6, 14, kernel_size=(40,), stride=(1,))
      )
      (4): MaxCrossCorrelationBlock(
        (shapelets): Conv1d(6, 14, kernel_size=(50,), stride=(1,))
      )
      (5): MaxCrossCorrelationBlock(
        (shapelets): Conv1d(6, 14, kernel_size=(60,), stride=(1,))
      )
      (6): MaxCrossCorrelationBlock(
        (shapelets): Conv1d(6, 14, kernel_size=(70,), stride=(1,))
      )
      (7): MaxCrossCorrelationBlock(
        (shapelets): Conv1d(6, 14, kernel_size=(80,), stride=(1,))
      )
    )
  )
  (linear): Linear(in_features=320, out_features=2, bias=True)
  (projection): Sequential(
    (0): BatchNorm1d(320, eps=1e-05, momentum=0.1, affine=True, track_running_stats=True)
  )
  (bn1): BatchNorm1d(104, eps=1e-05, momentum=0.1, affine=True, track_running_stats=True)
  (bn2): BatchNorm1d(104, eps=1e-05, momentum=0.1, affine=True, track_running_stats=True)
  (bn3): BatchNorm1d(112, eps=1e-05, momentum=0.1, affine=True, track_running_stats=True)
  (projection2): Sequential(
    (0): Linear(in_features=320, out_features=256, bias=True)
    (1): ReLU()
    (2): Linear(in_features=256, out_features=128, bias=True)
  )
)
2025-03-06 00:14:36,432 | INFO : CSL(
  (shapelets_euclidean): ShapeletsDistBlocks(
    (blocks): ModuleList(
      (0-7): 8 x MinEuclideanDistBlock()
    )
  )
  (shapelets_cosine): ShapeletsDistBlocks(
    (blocks): ModuleList(
      (0-7): 8 x MaxCosineSimilarityBlock(
        (relu): ReLU()
      )
    )
  )
  (shapelets_cross_correlation): ShapeletsDistBlocks(
    (blocks): ModuleList(
      (0): MaxCrossCorrelationBlock(
        (shapelets): Conv1d(6, 14, kernel_size=(10,), stride=(1,))
      )
      (1): MaxCrossCorrelationBlock(
        (shapelets): Conv1d(6, 14, kernel_size=(20,), stride=(1,))
      )
      (2): MaxCrossCorrelationBlock(
        (shapelets): Conv1d(6, 14, kernel_size=(30,), stride=(1,))
      )
      (3): MaxCrossCorrelationBlock(
        (shapelets): Conv1d(6, 14, kernel_size=(40,), stride=(1,))
      )
      (4): MaxCrossCorrelationBlock(
        (shapelets): Conv1d(6, 14, kernel_size=(50,), stride=(1,))
      )
      (5): MaxCrossCorrelationBlock(
        (shapelets): Conv1d(6, 14, kernel_size=(60,), stride=(1,))
      )
      (6): MaxCrossCorrelationBlock(
        (shapelets): Conv1d(6, 14, kernel_size=(70,), stride=(1,))
      )
      (7): MaxCrossCorrelationBlock(
        (shapelets): Conv1d(6, 14, kernel_size=(80,), stride=(1,))
      )
    )
  )
  (linear): Linear(in_features=320, out_features=2, bias=True)
  (projection): Sequential(
    (0): BatchNorm1d(320, eps=1e-05, momentum=0.1, affine=True, track_running_stats=True)
  )
  (bn1): BatchNorm1d(104, eps=1e-05, momentum=0.1, affine=True, track_running_stats=True)
  (bn2): BatchNorm1d(104, eps=1e-05, momentum=0.1, affine=True, track_running_stats=True)
  (bn3): BatchNorm1d(112, eps=1e-05, momentum=0.1, affine=True, track_running_stats=True)
  (projection2): Sequential(
    (0): Linear(in_features=320, out_features=256, bias=True)
    (1): ReLU()
    (2): Linear(in_features=256, out_features=128, bias=True)
  )
)
2025-03-06 00:14:36,432 | INFO : CSL(
  (shapelets_euclidean): ShapeletsDistBlocks(
    (blocks): ModuleList(
      (0-7): 8 x MinEuclideanDistBlock()
    )
  )
  (shapelets_cosine): ShapeletsDistBlocks(
    (blocks): ModuleList(
      (0-7): 8 x MaxCosineSimilarityBlock(
        (relu): ReLU()
      )
    )
  )
  (shapelets_cross_correlation): ShapeletsDistBlocks(
    (blocks): ModuleList(
      (0): MaxCrossCorrelationBlock(
        (shapelets): Conv1d(6, 14, kernel_size=(10,), stride=(1,))
      )
      (1): MaxCrossCorrelationBlock(
        (shapelets): Conv1d(6, 14, kernel_size=(20,), stride=(1,))
      )
      (2): MaxCrossCorrelationBlock(
        (shapelets): Conv1d(6, 14, kernel_size=(30,), stride=(1,))
      )
      (3): MaxCrossCorrelationBlock(
        (shapelets): Conv1d(6, 14, kernel_size=(40,), stride=(1,))
      )
      (4): MaxCrossCorrelationBlock(
        (shapelets): Conv1d(6, 14, kernel_size=(50,), stride=(1,))
      )
      (5): MaxCrossCorrelationBlock(
        (shapelets): Conv1d(6, 14, kernel_size=(60,), stride=(1,))
      )
      (6): MaxCrossCorrelationBlock(
        (shapelets): Conv1d(6, 14, kernel_size=(70,), stride=(1,))
      )
      (7): MaxCrossCorrelationBlock(
        (shapelets): Conv1d(6, 14, kernel_size=(80,), stride=(1,))
      )
    )
  )
  (linear): Linear(in_features=320, out_features=2, bias=True)
  (projection): Sequential(
    (0): BatchNorm1d(320, eps=1e-05, momentum=0.1, affine=True, track_running_stats=True)
  )
  (bn1): BatchNorm1d(104, eps=1e-05, momentum=0.1, affine=True, track_running_stats=True)
  (bn2): BatchNorm1d(104, eps=1e-05, momentum=0.1, affine=True, track_running_stats=True)
  (bn3): BatchNorm1d(112, eps=1e-05, momentum=0.1, affine=True, track_running_stats=True)
  (projection2): Sequential(
    (0): Linear(in_features=320, out_features=256, bias=True)
    (1): ReLU()
    (2): Linear(in_features=256, out_features=128, bias=True)
  )
)
2025-03-06 00:14:36,432 | INFO : CSL(
  (shapelets_euclidean): ShapeletsDistBlocks(
    (blocks): ModuleList(
      (0-7): 8 x MinEuclideanDistBlock()
    )
  )
  (shapelets_cosine): ShapeletsDistBlocks(
    (blocks): ModuleList(
      (0-7): 8 x MaxCosineSimilarityBlock(
        (relu): ReLU()
      )
    )
  )
  (shapelets_cross_correlation): ShapeletsDistBlocks(
    (blocks): ModuleList(
      (0): MaxCrossCorrelationBlock(
        (shapelets): Conv1d(6, 14, kernel_size=(10,), stride=(1,))
      )
      (1): MaxCrossCorrelationBlock(
        (shapelets): Conv1d(6, 14, kernel_size=(20,), stride=(1,))
      )
      (2): MaxCrossCorrelationBlock(
        (shapelets): Conv1d(6, 14, kernel_size=(30,), stride=(1,))
      )
      (3): MaxCrossCorrelationBlock(
        (shapelets): Conv1d(6, 14, kernel_size=(40,), stride=(1,))
      )
      (4): MaxCrossCorrelationBlock(
        (shapelets): Conv1d(6, 14, kernel_size=(50,), stride=(1,))
      )
      (5): MaxCrossCorrelationBlock(
        (shapelets): Conv1d(6, 14, kernel_size=(60,), stride=(1,))
      )
      (6): MaxCrossCorrelationBlock(
        (shapelets): Conv1d(6, 14, kernel_size=(70,), stride=(1,))
      )
      (7): MaxCrossCorrelationBlock(
        (shapelets): Conv1d(6, 14, kernel_size=(80,), stride=(1,))
      )
    )
  )
  (linear): Linear(in_features=320, out_features=2, bias=True)
  (projection): Sequential(
    (0): BatchNorm1d(320, eps=1e-05, momentum=0.1, affine=True, track_running_stats=True)
  )
  (bn1): BatchNorm1d(104, eps=1e-05, momentum=0.1, affine=True, track_running_stats=True)
  (bn2): BatchNorm1d(104, eps=1e-05, momentum=0.1, affine=True, track_running_stats=True)
  (bn3): BatchNorm1d(112, eps=1e-05, momentum=0.1, affine=True, track_running_stats=True)
  (projection2): Sequential(
    (0): Linear(in_features=320, out_features=256, bias=True)
    (1): ReLU()
    (2): Linear(in_features=256, out_features=128, bias=True)
  )
)
2025-03-06 00:14:36,432 | INFO : CSL(
  (shapelets_euclidean): ShapeletsDistBlocks(
    (blocks): ModuleList(
      (0-7): 8 x MinEuclideanDistBlock()
    )
  )
  (shapelets_cosine): ShapeletsDistBlocks(
    (blocks): ModuleList(
      (0-7): 8 x MaxCosineSimilarityBlock(
        (relu): ReLU()
      )
    )
  )
  (shapelets_cross_correlation): ShapeletsDistBlocks(
    (blocks): ModuleList(
      (0): MaxCrossCorrelationBlock(
        (shapelets): Conv1d(6, 14, kernel_size=(10,), stride=(1,))
      )
      (1): MaxCrossCorrelationBlock(
        (shapelets): Conv1d(6, 14, kernel_size=(20,), stride=(1,))
      )
      (2): MaxCrossCorrelationBlock(
        (shapelets): Conv1d(6, 14, kernel_size=(30,), stride=(1,))
      )
      (3): MaxCrossCorrelationBlock(
        (shapelets): Conv1d(6, 14, kernel_size=(40,), stride=(1,))
      )
      (4): MaxCrossCorrelationBlock(
        (shapelets): Conv1d(6, 14, kernel_size=(50,), stride=(1,))
      )
      (5): MaxCrossCorrelationBlock(
        (shapelets): Conv1d(6, 14, kernel_size=(60,), stride=(1,))
      )
      (6): MaxCrossCorrelationBlock(
        (shapelets): Conv1d(6, 14, kernel_size=(70,), stride=(1,))
      )
      (7): MaxCrossCorrelationBlock(
        (shapelets): Conv1d(6, 14, kernel_size=(80,), stride=(1,))
      )
    )
  )
  (linear): Linear(in_features=320, out_features=2, bias=True)
  (projection): Sequential(
    (0): BatchNorm1d(320, eps=1e-05, momentum=0.1, affine=True, track_running_stats=True)
  )
  (bn1): BatchNorm1d(104, eps=1e-05, momentum=0.1, affine=True, track_running_stats=True)
  (bn2): BatchNorm1d(104, eps=1e-05, momentum=0.1, affine=True, track_running_stats=True)
  (bn3): BatchNorm1d(112, eps=1e-05, momentum=0.1, affine=True, track_running_stats=True)
  (projection2): Sequential(
    (0): Linear(in_features=320, out_features=256, bias=True)
    (1): ReLU()
    (2): Linear(in_features=256, out_features=128, bias=True)
  )
)
2025-03-06 00:14:36,432 | INFO : CSL(
  (shapelets_euclidean): ShapeletsDistBlocks(
    (blocks): ModuleList(
      (0-7): 8 x MinEuclideanDistBlock()
    )
  )
  (shapelets_cosine): ShapeletsDistBlocks(
    (blocks): ModuleList(
      (0-7): 8 x MaxCosineSimilarityBlock(
        (relu): ReLU()
      )
    )
  )
  (shapelets_cross_correlation): ShapeletsDistBlocks(
    (blocks): ModuleList(
      (0): MaxCrossCorrelationBlock(
        (shapelets): Conv1d(6, 14, kernel_size=(10,), stride=(1,))
      )
      (1): MaxCrossCorrelationBlock(
        (shapelets): Conv1d(6, 14, kernel_size=(20,), stride=(1,))
      )
      (2): MaxCrossCorrelationBlock(
        (shapelets): Conv1d(6, 14, kernel_size=(30,), stride=(1,))
      )
      (3): MaxCrossCorrelationBlock(
        (shapelets): Conv1d(6, 14, kernel_size=(40,), stride=(1,))
      )
      (4): MaxCrossCorrelationBlock(
        (shapelets): Conv1d(6, 14, kernel_size=(50,), stride=(1,))
      )
      (5): MaxCrossCorrelationBlock(
        (shapelets): Conv1d(6, 14, kernel_size=(60,), stride=(1,))
      )
      (6): MaxCrossCorrelationBlock(
        (shapelets): Conv1d(6, 14, kernel_size=(70,), stride=(1,))
      )
      (7): MaxCrossCorrelationBlock(
        (shapelets): Conv1d(6, 14, kernel_size=(80,), stride=(1,))
      )
    )
  )
  (linear): Linear(in_features=320, out_features=2, bias=True)
  (projection): Sequential(
    (0): BatchNorm1d(320, eps=1e-05, momentum=0.1, affine=True, track_running_stats=True)
  )
  (bn1): BatchNorm1d(104, eps=1e-05, momentum=0.1, affine=True, track_running_stats=True)
  (bn2): BatchNorm1d(104, eps=1e-05, momentum=0.1, affine=True, track_running_stats=True)
  (bn3): BatchNorm1d(112, eps=1e-05, momentum=0.1, affine=True, track_running_stats=True)
  (projection2): Sequential(
    (0): Linear(in_features=320, out_features=256, bias=True)
    (1): ReLU()
    (2): Linear(in_features=256, out_features=128, bias=True)
  )
)
2025-03-06 00:14:36,432 | INFO : CSL(
  (shapelets_euclidean): ShapeletsDistBlocks(
    (blocks): ModuleList(
      (0-7): 8 x MinEuclideanDistBlock()
    )
  )
  (shapelets_cosine): ShapeletsDistBlocks(
    (blocks): ModuleList(
      (0-7): 8 x MaxCosineSimilarityBlock(
        (relu): ReLU()
      )
    )
  )
  (shapelets_cross_correlation): ShapeletsDistBlocks(
    (blocks): ModuleList(
      (0): MaxCrossCorrelationBlock(
        (shapelets): Conv1d(6, 14, kernel_size=(10,), stride=(1,))
      )
      (1): MaxCrossCorrelationBlock(
        (shapelets): Conv1d(6, 14, kernel_size=(20,), stride=(1,))
      )
      (2): MaxCrossCorrelationBlock(
        (shapelets): Conv1d(6, 14, kernel_size=(30,), stride=(1,))
      )
      (3): MaxCrossCorrelationBlock(
        (shapelets): Conv1d(6, 14, kernel_size=(40,), stride=(1,))
      )
      (4): MaxCrossCorrelationBlock(
        (shapelets): Conv1d(6, 14, kernel_size=(50,), stride=(1,))
      )
      (5): MaxCrossCorrelationBlock(
        (shapelets): Conv1d(6, 14, kernel_size=(60,), stride=(1,))
      )
      (6): MaxCrossCorrelationBlock(
        (shapelets): Conv1d(6, 14, kernel_size=(70,), stride=(1,))
      )
      (7): MaxCrossCorrelationBlock(
        (shapelets): Conv1d(6, 14, kernel_size=(80,), stride=(1,))
      )
    )
  )
  (linear): Linear(in_features=320, out_features=2, bias=True)
  (projection): Sequential(
    (0): BatchNorm1d(320, eps=1e-05, momentum=0.1, affine=True, track_running_stats=True)
  )
  (bn1): BatchNorm1d(104, eps=1e-05, momentum=0.1, affine=True, track_running_stats=True)
  (bn2): BatchNorm1d(104, eps=1e-05, momentum=0.1, affine=True, track_running_stats=True)
  (bn3): BatchNorm1d(112, eps=1e-05, momentum=0.1, affine=True, track_running_stats=True)
  (projection2): Sequential(
    (0): Linear(in_features=320, out_features=256, bias=True)
    (1): ReLU()
    (2): Linear(in_features=256, out_features=128, bias=True)
  )
)
2025-03-06 00:14:36,432 | INFO : CSL(
  (shapelets_euclidean): ShapeletsDistBlocks(
    (blocks): ModuleList(
      (0-7): 8 x MinEuclideanDistBlock()
    )
  )
  (shapelets_cosine): ShapeletsDistBlocks(
    (blocks): ModuleList(
      (0-7): 8 x MaxCosineSimilarityBlock(
        (relu): ReLU()
      )
    )
  )
  (shapelets_cross_correlation): ShapeletsDistBlocks(
    (blocks): ModuleList(
      (0): MaxCrossCorrelationBlock(
        (shapelets): Conv1d(6, 14, kernel_size=(10,), stride=(1,))
      )
      (1): MaxCrossCorrelationBlock(
        (shapelets): Conv1d(6, 14, kernel_size=(20,), stride=(1,))
      )
      (2): MaxCrossCorrelationBlock(
        (shapelets): Conv1d(6, 14, kernel_size=(30,), stride=(1,))
      )
      (3): MaxCrossCorrelationBlock(
        (shapelets): Conv1d(6, 14, kernel_size=(40,), stride=(1,))
      )
      (4): MaxCrossCorrelationBlock(
        (shapelets): Conv1d(6, 14, kernel_size=(50,), stride=(1,))
      )
      (5): MaxCrossCorrelationBlock(
        (shapelets): Conv1d(6, 14, kernel_size=(60,), stride=(1,))
      )
      (6): MaxCrossCorrelationBlock(
        (shapelets): Conv1d(6, 14, kernel_size=(70,), stride=(1,))
      )
      (7): MaxCrossCorrelationBlock(
        (shapelets): Conv1d(6, 14, kernel_size=(80,), stride=(1,))
      )
    )
  )
  (linear): Linear(in_features=320, out_features=2, bias=True)
  (projection): Sequential(
    (0): BatchNorm1d(320, eps=1e-05, momentum=0.1, affine=True, track_running_stats=True)
  )
  (bn1): BatchNorm1d(104, eps=1e-05, momentum=0.1, affine=True, track_running_stats=True)
  (bn2): BatchNorm1d(104, eps=1e-05, momentum=0.1, affine=True, track_running_stats=True)
  (bn3): BatchNorm1d(112, eps=1e-05, momentum=0.1, affine=True, track_running_stats=True)
  (projection2): Sequential(
    (0): Linear(in_features=320, out_features=256, bias=True)
    (1): ReLU()
    (2): Linear(in_features=256, out_features=128, bias=True)
  )
)
2025-03-06 00:14:36,432 | INFO : CSL(
  (shapelets_euclidean): ShapeletsDistBlocks(
    (blocks): ModuleList(
      (0-7): 8 x MinEuclideanDistBlock()
    )
  )
  (shapelets_cosine): ShapeletsDistBlocks(
    (blocks): ModuleList(
      (0-7): 8 x MaxCosineSimilarityBlock(
        (relu): ReLU()
      )
    )
  )
  (shapelets_cross_correlation): ShapeletsDistBlocks(
    (blocks): ModuleList(
      (0): MaxCrossCorrelationBlock(
        (shapelets): Conv1d(6, 14, kernel_size=(10,), stride=(1,))
      )
      (1): MaxCrossCorrelationBlock(
        (shapelets): Conv1d(6, 14, kernel_size=(20,), stride=(1,))
      )
      (2): MaxCrossCorrelationBlock(
        (shapelets): Conv1d(6, 14, kernel_size=(30,), stride=(1,))
      )
      (3): MaxCrossCorrelationBlock(
        (shapelets): Conv1d(6, 14, kernel_size=(40,), stride=(1,))
      )
      (4): MaxCrossCorrelationBlock(
        (shapelets): Conv1d(6, 14, kernel_size=(50,), stride=(1,))
      )
      (5): MaxCrossCorrelationBlock(
        (shapelets): Conv1d(6, 14, kernel_size=(60,), stride=(1,))
      )
      (6): MaxCrossCorrelationBlock(
        (shapelets): Conv1d(6, 14, kernel_size=(70,), stride=(1,))
      )
      (7): MaxCrossCorrelationBlock(
        (shapelets): Conv1d(6, 14, kernel_size=(80,), stride=(1,))
      )
    )
  )
  (linear): Linear(in_features=320, out_features=2, bias=True)
  (projection): Sequential(
    (0): BatchNorm1d(320, eps=1e-05, momentum=0.1, affine=True, track_running_stats=True)
  )
  (bn1): BatchNorm1d(104, eps=1e-05, momentum=0.1, affine=True, track_running_stats=True)
  (bn2): BatchNorm1d(104, eps=1e-05, momentum=0.1, affine=True, track_running_stats=True)
  (bn3): BatchNorm1d(112, eps=1e-05, momentum=0.1, affine=True, track_running_stats=True)
  (projection2): Sequential(
    (0): Linear(in_features=320, out_features=256, bias=True)
    (1): ReLU()
    (2): Linear(in_features=256, out_features=128, bias=True)
  )
)
2025-03-06 00:14:36,432 | INFO : CSL(
  (shapelets_euclidean): ShapeletsDistBlocks(
    (blocks): ModuleList(
      (0-7): 8 x MinEuclideanDistBlock()
    )
  )
  (shapelets_cosine): ShapeletsDistBlocks(
    (blocks): ModuleList(
      (0-7): 8 x MaxCosineSimilarityBlock(
        (relu): ReLU()
      )
    )
  )
  (shapelets_cross_correlation): ShapeletsDistBlocks(
    (blocks): ModuleList(
      (0): MaxCrossCorrelationBlock(
        (shapelets): Conv1d(6, 14, kernel_size=(10,), stride=(1,))
      )
      (1): MaxCrossCorrelationBlock(
        (shapelets): Conv1d(6, 14, kernel_size=(20,), stride=(1,))
      )
      (2): MaxCrossCorrelationBlock(
        (shapelets): Conv1d(6, 14, kernel_size=(30,), stride=(1,))
      )
      (3): MaxCrossCorrelationBlock(
        (shapelets): Conv1d(6, 14, kernel_size=(40,), stride=(1,))
      )
      (4): MaxCrossCorrelationBlock(
        (shapelets): Conv1d(6, 14, kernel_size=(50,), stride=(1,))
      )
      (5): MaxCrossCorrelationBlock(
        (shapelets): Conv1d(6, 14, kernel_size=(60,), stride=(1,))
      )
      (6): MaxCrossCorrelationBlock(
        (shapelets): Conv1d(6, 14, kernel_size=(70,), stride=(1,))
      )
      (7): MaxCrossCorrelationBlock(
        (shapelets): Conv1d(6, 14, kernel_size=(80,), stride=(1,))
      )
    )
  )
  (linear): Linear(in_features=320, out_features=2, bias=True)
  (projection): Sequential(
    (0): BatchNorm1d(320, eps=1e-05, momentum=0.1, affine=True, track_running_stats=True)
  )
  (bn1): BatchNorm1d(104, eps=1e-05, momentum=0.1, affine=True, track_running_stats=True)
  (bn2): BatchNorm1d(104, eps=1e-05, momentum=0.1, affine=True, track_running_stats=True)
  (bn3): BatchNorm1d(112, eps=1e-05, momentum=0.1, affine=True, track_running_stats=True)
  (projection2): Sequential(
    (0): Linear(in_features=320, out_features=256, bias=True)
    (1): ReLU()
    (2): Linear(in_features=256, out_features=128, bias=True)
  )
)
2025-03-06 00:14:36,432 | INFO : CSL(
  (shapelets_euclidean): ShapeletsDistBlocks(
    (blocks): ModuleList(
      (0-7): 8 x MinEuclideanDistBlock()
    )
  )
  (shapelets_cosine): ShapeletsDistBlocks(
    (blocks): ModuleList(
      (0-7): 8 x MaxCosineSimilarityBlock(
        (relu): ReLU()
      )
    )
  )
  (shapelets_cross_correlation): ShapeletsDistBlocks(
    (blocks): ModuleList(
      (0): MaxCrossCorrelationBlock(
        (shapelets): Conv1d(6, 14, kernel_size=(10,), stride=(1,))
      )
      (1): MaxCrossCorrelationBlock(
        (shapelets): Conv1d(6, 14, kernel_size=(20,), stride=(1,))
      )
      (2): MaxCrossCorrelationBlock(
        (shapelets): Conv1d(6, 14, kernel_size=(30,), stride=(1,))
      )
      (3): MaxCrossCorrelationBlock(
        (shapelets): Conv1d(6, 14, kernel_size=(40,), stride=(1,))
      )
      (4): MaxCrossCorrelationBlock(
        (shapelets): Conv1d(6, 14, kernel_size=(50,), stride=(1,))
      )
      (5): MaxCrossCorrelationBlock(
        (shapelets): Conv1d(6, 14, kernel_size=(60,), stride=(1,))
      )
      (6): MaxCrossCorrelationBlock(
        (shapelets): Conv1d(6, 14, kernel_size=(70,), stride=(1,))
      )
      (7): MaxCrossCorrelationBlock(
        (shapelets): Conv1d(6, 14, kernel_size=(80,), stride=(1,))
      )
    )
  )
  (linear): Linear(in_features=320, out_features=2, bias=True)
  (projection): Sequential(
    (0): BatchNorm1d(320, eps=1e-05, momentum=0.1, affine=True, track_running_stats=True)
  )
  (bn1): BatchNorm1d(104, eps=1e-05, momentum=0.1, affine=True, track_running_stats=True)
  (bn2): BatchNorm1d(104, eps=1e-05, momentum=0.1, affine=True, track_running_stats=True)
  (bn3): BatchNorm1d(112, eps=1e-05, momentum=0.1, affine=True, track_running_stats=True)
  (projection2): Sequential(
    (0): Linear(in_features=320, out_features=256, bias=True)
    (1): ReLU()
    (2): Linear(in_features=256, out_features=128, bias=True)
  )
)
2025-03-06 00:14:36,432 | INFO : CSL(
  (shapelets_euclidean): ShapeletsDistBlocks(
    (blocks): ModuleList(
      (0-7): 8 x MinEuclideanDistBlock()
    )
  )
  (shapelets_cosine): ShapeletsDistBlocks(
    (blocks): ModuleList(
      (0-7): 8 x MaxCosineSimilarityBlock(
        (relu): ReLU()
      )
    )
  )
  (shapelets_cross_correlation): ShapeletsDistBlocks(
    (blocks): ModuleList(
      (0): MaxCrossCorrelationBlock(
        (shapelets): Conv1d(6, 14, kernel_size=(10,), stride=(1,))
      )
      (1): MaxCrossCorrelationBlock(
        (shapelets): Conv1d(6, 14, kernel_size=(20,), stride=(1,))
      )
      (2): MaxCrossCorrelationBlock(
        (shapelets): Conv1d(6, 14, kernel_size=(30,), stride=(1,))
      )
      (3): MaxCrossCorrelationBlock(
        (shapelets): Conv1d(6, 14, kernel_size=(40,), stride=(1,))
      )
      (4): MaxCrossCorrelationBlock(
        (shapelets): Conv1d(6, 14, kernel_size=(50,), stride=(1,))
      )
      (5): MaxCrossCorrelationBlock(
        (shapelets): Conv1d(6, 14, kernel_size=(60,), stride=(1,))
      )
      (6): MaxCrossCorrelationBlock(
        (shapelets): Conv1d(6, 14, kernel_size=(70,), stride=(1,))
      )
      (7): MaxCrossCorrelationBlock(
        (shapelets): Conv1d(6, 14, kernel_size=(80,), stride=(1,))
      )
    )
  )
  (linear): Linear(in_features=320, out_features=2, bias=True)
  (projection): Sequential(
    (0): BatchNorm1d(320, eps=1e-05, momentum=0.1, affine=True, track_running_stats=True)
  )
  (bn1): BatchNorm1d(104, eps=1e-05, momentum=0.1, affine=True, track_running_stats=True)
  (bn2): BatchNorm1d(104, eps=1e-05, momentum=0.1, affine=True, track_running_stats=True)
  (bn3): BatchNorm1d(112, eps=1e-05, momentum=0.1, affine=True, track_running_stats=True)
  (projection2): Sequential(
    (0): Linear(in_features=320, out_features=256, bias=True)
    (1): ReLU()
    (2): Linear(in_features=256, out_features=128, bias=True)
  )
)
2025-03-06 00:15:00,690 | INFO : train_ds length: 40, valid_ds length: 40
2025-03-06 00:15:00,690 | INFO : train_ds length: 40, valid_ds length: 40
2025-03-06 00:15:00,690 | INFO : train_ds length: 40, valid_ds length: 40
2025-03-06 00:15:00,690 | INFO : train_ds length: 40, valid_ds length: 40
2025-03-06 00:15:00,690 | INFO : train_ds length: 40, valid_ds length: 40
2025-03-06 00:15:00,690 | INFO : train_ds length: 40, valid_ds length: 40
2025-03-06 00:15:00,690 | INFO : train_ds length: 40, valid_ds length: 40
2025-03-06 00:15:00,690 | INFO : train_ds length: 40, valid_ds length: 40
2025-03-06 00:15:00,690 | INFO : train_ds length: 40, valid_ds length: 40
2025-03-06 00:15:00,690 | INFO : train_ds length: 40, valid_ds length: 40
2025-03-06 00:15:00,690 | INFO : train_ds length: 40, valid_ds length: 40
2025-03-06 00:15:00,690 | INFO : train_ds length: 40, valid_ds length: 40
2025-03-06 00:15:00,690 | INFO : train_ds length: 40, valid_ds length: 40
2025-03-06 00:15:00,690 | INFO : train_ds length: 40, valid_ds length: 40
2025-03-06 00:15:00,704 | INFO : {'output_dims': 320, 'feat_dim': 6, 'max_len': 100, 'device': 'cpu'}
2025-03-06 00:15:00,704 | INFO : {'output_dims': 320, 'feat_dim': 6, 'max_len': 100, 'device': 'cpu'}
2025-03-06 00:15:00,704 | INFO : {'output_dims': 320, 'feat_dim': 6, 'max_len': 100, 'device': 'cpu'}
2025-03-06 00:15:00,704 | INFO : {'output_dims': 320, 'feat_dim': 6, 'max_len': 100, 'device': 'cpu'}
2025-03-06 00:15:00,704 | INFO : {'output_dims': 320, 'feat_dim': 6, 'max_len': 100, 'device': 'cpu'}
2025-03-06 00:15:00,704 | INFO : {'output_dims': 320, 'feat_dim': 6, 'max_len': 100, 'device': 'cpu'}
2025-03-06 00:15:00,704 | INFO : {'output_dims': 320, 'feat_dim': 6, 'max_len': 100, 'device': 'cpu'}
2025-03-06 00:15:00,704 | INFO : {'output_dims': 320, 'feat_dim': 6, 'max_len': 100, 'device': 'cpu'}
2025-03-06 00:15:00,704 | INFO : {'output_dims': 320, 'feat_dim': 6, 'max_len': 100, 'device': 'cpu'}
2025-03-06 00:15:00,704 | INFO : {'output_dims': 320, 'feat_dim': 6, 'max_len': 100, 'device': 'cpu'}
2025-03-06 00:15:00,704 | INFO : {'output_dims': 320, 'feat_dim': 6, 'max_len': 100, 'device': 'cpu'}
2025-03-06 00:15:00,704 | INFO : {'output_dims': 320, 'feat_dim': 6, 'max_len': 100, 'device': 'cpu'}
2025-03-06 00:15:00,704 | INFO : {'output_dims': 320, 'feat_dim': 6, 'max_len': 100, 'device': 'cpu'}
2025-03-06 00:15:00,704 | INFO : {'output_dims': 320, 'feat_dim': 6, 'max_len': 100, 'device': 'cpu'}
2025-03-06 00:15:00,706 | INFO : CSL(
  (shapelets_euclidean): ShapeletsDistBlocks(
    (blocks): ModuleList(
      (0-7): 8 x MinEuclideanDistBlock()
    )
  )
  (shapelets_cosine): ShapeletsDistBlocks(
    (blocks): ModuleList(
      (0-7): 8 x MaxCosineSimilarityBlock(
        (relu): ReLU()
      )
    )
  )
  (shapelets_cross_correlation): ShapeletsDistBlocks(
    (blocks): ModuleList(
      (0): MaxCrossCorrelationBlock(
        (shapelets): Conv1d(6, 14, kernel_size=(10,), stride=(1,))
      )
      (1): MaxCrossCorrelationBlock(
        (shapelets): Conv1d(6, 14, kernel_size=(20,), stride=(1,))
      )
      (2): MaxCrossCorrelationBlock(
        (shapelets): Conv1d(6, 14, kernel_size=(30,), stride=(1,))
      )
      (3): MaxCrossCorrelationBlock(
        (shapelets): Conv1d(6, 14, kernel_size=(40,), stride=(1,))
      )
      (4): MaxCrossCorrelationBlock(
        (shapelets): Conv1d(6, 14, kernel_size=(50,), stride=(1,))
      )
      (5): MaxCrossCorrelationBlock(
        (shapelets): Conv1d(6, 14, kernel_size=(60,), stride=(1,))
      )
      (6): MaxCrossCorrelationBlock(
        (shapelets): Conv1d(6, 14, kernel_size=(70,), stride=(1,))
      )
      (7): MaxCrossCorrelationBlock(
        (shapelets): Conv1d(6, 14, kernel_size=(80,), stride=(1,))
      )
    )
  )
  (linear): Linear(in_features=320, out_features=2, bias=True)
  (projection): Sequential(
    (0): BatchNorm1d(320, eps=1e-05, momentum=0.1, affine=True, track_running_stats=True)
  )
  (bn1): BatchNorm1d(104, eps=1e-05, momentum=0.1, affine=True, track_running_stats=True)
  (bn2): BatchNorm1d(104, eps=1e-05, momentum=0.1, affine=True, track_running_stats=True)
  (bn3): BatchNorm1d(112, eps=1e-05, momentum=0.1, affine=True, track_running_stats=True)
  (projection2): Sequential(
    (0): Linear(in_features=320, out_features=256, bias=True)
    (1): ReLU()
    (2): Linear(in_features=256, out_features=128, bias=True)
  )
)
2025-03-06 00:15:00,706 | INFO : CSL(
  (shapelets_euclidean): ShapeletsDistBlocks(
    (blocks): ModuleList(
      (0-7): 8 x MinEuclideanDistBlock()
    )
  )
  (shapelets_cosine): ShapeletsDistBlocks(
    (blocks): ModuleList(
      (0-7): 8 x MaxCosineSimilarityBlock(
        (relu): ReLU()
      )
    )
  )
  (shapelets_cross_correlation): ShapeletsDistBlocks(
    (blocks): ModuleList(
      (0): MaxCrossCorrelationBlock(
        (shapelets): Conv1d(6, 14, kernel_size=(10,), stride=(1,))
      )
      (1): MaxCrossCorrelationBlock(
        (shapelets): Conv1d(6, 14, kernel_size=(20,), stride=(1,))
      )
      (2): MaxCrossCorrelationBlock(
        (shapelets): Conv1d(6, 14, kernel_size=(30,), stride=(1,))
      )
      (3): MaxCrossCorrelationBlock(
        (shapelets): Conv1d(6, 14, kernel_size=(40,), stride=(1,))
      )
      (4): MaxCrossCorrelationBlock(
        (shapelets): Conv1d(6, 14, kernel_size=(50,), stride=(1,))
      )
      (5): MaxCrossCorrelationBlock(
        (shapelets): Conv1d(6, 14, kernel_size=(60,), stride=(1,))
      )
      (6): MaxCrossCorrelationBlock(
        (shapelets): Conv1d(6, 14, kernel_size=(70,), stride=(1,))
      )
      (7): MaxCrossCorrelationBlock(
        (shapelets): Conv1d(6, 14, kernel_size=(80,), stride=(1,))
      )
    )
  )
  (linear): Linear(in_features=320, out_features=2, bias=True)
  (projection): Sequential(
    (0): BatchNorm1d(320, eps=1e-05, momentum=0.1, affine=True, track_running_stats=True)
  )
  (bn1): BatchNorm1d(104, eps=1e-05, momentum=0.1, affine=True, track_running_stats=True)
  (bn2): BatchNorm1d(104, eps=1e-05, momentum=0.1, affine=True, track_running_stats=True)
  (bn3): BatchNorm1d(112, eps=1e-05, momentum=0.1, affine=True, track_running_stats=True)
  (projection2): Sequential(
    (0): Linear(in_features=320, out_features=256, bias=True)
    (1): ReLU()
    (2): Linear(in_features=256, out_features=128, bias=True)
  )
)
2025-03-06 00:15:00,706 | INFO : CSL(
  (shapelets_euclidean): ShapeletsDistBlocks(
    (blocks): ModuleList(
      (0-7): 8 x MinEuclideanDistBlock()
    )
  )
  (shapelets_cosine): ShapeletsDistBlocks(
    (blocks): ModuleList(
      (0-7): 8 x MaxCosineSimilarityBlock(
        (relu): ReLU()
      )
    )
  )
  (shapelets_cross_correlation): ShapeletsDistBlocks(
    (blocks): ModuleList(
      (0): MaxCrossCorrelationBlock(
        (shapelets): Conv1d(6, 14, kernel_size=(10,), stride=(1,))
      )
      (1): MaxCrossCorrelationBlock(
        (shapelets): Conv1d(6, 14, kernel_size=(20,), stride=(1,))
      )
      (2): MaxCrossCorrelationBlock(
        (shapelets): Conv1d(6, 14, kernel_size=(30,), stride=(1,))
      )
      (3): MaxCrossCorrelationBlock(
        (shapelets): Conv1d(6, 14, kernel_size=(40,), stride=(1,))
      )
      (4): MaxCrossCorrelationBlock(
        (shapelets): Conv1d(6, 14, kernel_size=(50,), stride=(1,))
      )
      (5): MaxCrossCorrelationBlock(
        (shapelets): Conv1d(6, 14, kernel_size=(60,), stride=(1,))
      )
      (6): MaxCrossCorrelationBlock(
        (shapelets): Conv1d(6, 14, kernel_size=(70,), stride=(1,))
      )
      (7): MaxCrossCorrelationBlock(
        (shapelets): Conv1d(6, 14, kernel_size=(80,), stride=(1,))
      )
    )
  )
  (linear): Linear(in_features=320, out_features=2, bias=True)
  (projection): Sequential(
    (0): BatchNorm1d(320, eps=1e-05, momentum=0.1, affine=True, track_running_stats=True)
  )
  (bn1): BatchNorm1d(104, eps=1e-05, momentum=0.1, affine=True, track_running_stats=True)
  (bn2): BatchNorm1d(104, eps=1e-05, momentum=0.1, affine=True, track_running_stats=True)
  (bn3): BatchNorm1d(112, eps=1e-05, momentum=0.1, affine=True, track_running_stats=True)
  (projection2): Sequential(
    (0): Linear(in_features=320, out_features=256, bias=True)
    (1): ReLU()
    (2): Linear(in_features=256, out_features=128, bias=True)
  )
)
2025-03-06 00:15:00,706 | INFO : CSL(
  (shapelets_euclidean): ShapeletsDistBlocks(
    (blocks): ModuleList(
      (0-7): 8 x MinEuclideanDistBlock()
    )
  )
  (shapelets_cosine): ShapeletsDistBlocks(
    (blocks): ModuleList(
      (0-7): 8 x MaxCosineSimilarityBlock(
        (relu): ReLU()
      )
    )
  )
  (shapelets_cross_correlation): ShapeletsDistBlocks(
    (blocks): ModuleList(
      (0): MaxCrossCorrelationBlock(
        (shapelets): Conv1d(6, 14, kernel_size=(10,), stride=(1,))
      )
      (1): MaxCrossCorrelationBlock(
        (shapelets): Conv1d(6, 14, kernel_size=(20,), stride=(1,))
      )
      (2): MaxCrossCorrelationBlock(
        (shapelets): Conv1d(6, 14, kernel_size=(30,), stride=(1,))
      )
      (3): MaxCrossCorrelationBlock(
        (shapelets): Conv1d(6, 14, kernel_size=(40,), stride=(1,))
      )
      (4): MaxCrossCorrelationBlock(
        (shapelets): Conv1d(6, 14, kernel_size=(50,), stride=(1,))
      )
      (5): MaxCrossCorrelationBlock(
        (shapelets): Conv1d(6, 14, kernel_size=(60,), stride=(1,))
      )
      (6): MaxCrossCorrelationBlock(
        (shapelets): Conv1d(6, 14, kernel_size=(70,), stride=(1,))
      )
      (7): MaxCrossCorrelationBlock(
        (shapelets): Conv1d(6, 14, kernel_size=(80,), stride=(1,))
      )
    )
  )
  (linear): Linear(in_features=320, out_features=2, bias=True)
  (projection): Sequential(
    (0): BatchNorm1d(320, eps=1e-05, momentum=0.1, affine=True, track_running_stats=True)
  )
  (bn1): BatchNorm1d(104, eps=1e-05, momentum=0.1, affine=True, track_running_stats=True)
  (bn2): BatchNorm1d(104, eps=1e-05, momentum=0.1, affine=True, track_running_stats=True)
  (bn3): BatchNorm1d(112, eps=1e-05, momentum=0.1, affine=True, track_running_stats=True)
  (projection2): Sequential(
    (0): Linear(in_features=320, out_features=256, bias=True)
    (1): ReLU()
    (2): Linear(in_features=256, out_features=128, bias=True)
  )
)
2025-03-06 00:15:00,706 | INFO : CSL(
  (shapelets_euclidean): ShapeletsDistBlocks(
    (blocks): ModuleList(
      (0-7): 8 x MinEuclideanDistBlock()
    )
  )
  (shapelets_cosine): ShapeletsDistBlocks(
    (blocks): ModuleList(
      (0-7): 8 x MaxCosineSimilarityBlock(
        (relu): ReLU()
      )
    )
  )
  (shapelets_cross_correlation): ShapeletsDistBlocks(
    (blocks): ModuleList(
      (0): MaxCrossCorrelationBlock(
        (shapelets): Conv1d(6, 14, kernel_size=(10,), stride=(1,))
      )
      (1): MaxCrossCorrelationBlock(
        (shapelets): Conv1d(6, 14, kernel_size=(20,), stride=(1,))
      )
      (2): MaxCrossCorrelationBlock(
        (shapelets): Conv1d(6, 14, kernel_size=(30,), stride=(1,))
      )
      (3): MaxCrossCorrelationBlock(
        (shapelets): Conv1d(6, 14, kernel_size=(40,), stride=(1,))
      )
      (4): MaxCrossCorrelationBlock(
        (shapelets): Conv1d(6, 14, kernel_size=(50,), stride=(1,))
      )
      (5): MaxCrossCorrelationBlock(
        (shapelets): Conv1d(6, 14, kernel_size=(60,), stride=(1,))
      )
      (6): MaxCrossCorrelationBlock(
        (shapelets): Conv1d(6, 14, kernel_size=(70,), stride=(1,))
      )
      (7): MaxCrossCorrelationBlock(
        (shapelets): Conv1d(6, 14, kernel_size=(80,), stride=(1,))
      )
    )
  )
  (linear): Linear(in_features=320, out_features=2, bias=True)
  (projection): Sequential(
    (0): BatchNorm1d(320, eps=1e-05, momentum=0.1, affine=True, track_running_stats=True)
  )
  (bn1): BatchNorm1d(104, eps=1e-05, momentum=0.1, affine=True, track_running_stats=True)
  (bn2): BatchNorm1d(104, eps=1e-05, momentum=0.1, affine=True, track_running_stats=True)
  (bn3): BatchNorm1d(112, eps=1e-05, momentum=0.1, affine=True, track_running_stats=True)
  (projection2): Sequential(
    (0): Linear(in_features=320, out_features=256, bias=True)
    (1): ReLU()
    (2): Linear(in_features=256, out_features=128, bias=True)
  )
)
2025-03-06 00:15:00,706 | INFO : CSL(
  (shapelets_euclidean): ShapeletsDistBlocks(
    (blocks): ModuleList(
      (0-7): 8 x MinEuclideanDistBlock()
    )
  )
  (shapelets_cosine): ShapeletsDistBlocks(
    (blocks): ModuleList(
      (0-7): 8 x MaxCosineSimilarityBlock(
        (relu): ReLU()
      )
    )
  )
  (shapelets_cross_correlation): ShapeletsDistBlocks(
    (blocks): ModuleList(
      (0): MaxCrossCorrelationBlock(
        (shapelets): Conv1d(6, 14, kernel_size=(10,), stride=(1,))
      )
      (1): MaxCrossCorrelationBlock(
        (shapelets): Conv1d(6, 14, kernel_size=(20,), stride=(1,))
      )
      (2): MaxCrossCorrelationBlock(
        (shapelets): Conv1d(6, 14, kernel_size=(30,), stride=(1,))
      )
      (3): MaxCrossCorrelationBlock(
        (shapelets): Conv1d(6, 14, kernel_size=(40,), stride=(1,))
      )
      (4): MaxCrossCorrelationBlock(
        (shapelets): Conv1d(6, 14, kernel_size=(50,), stride=(1,))
      )
      (5): MaxCrossCorrelationBlock(
        (shapelets): Conv1d(6, 14, kernel_size=(60,), stride=(1,))
      )
      (6): MaxCrossCorrelationBlock(
        (shapelets): Conv1d(6, 14, kernel_size=(70,), stride=(1,))
      )
      (7): MaxCrossCorrelationBlock(
        (shapelets): Conv1d(6, 14, kernel_size=(80,), stride=(1,))
      )
    )
  )
  (linear): Linear(in_features=320, out_features=2, bias=True)
  (projection): Sequential(
    (0): BatchNorm1d(320, eps=1e-05, momentum=0.1, affine=True, track_running_stats=True)
  )
  (bn1): BatchNorm1d(104, eps=1e-05, momentum=0.1, affine=True, track_running_stats=True)
  (bn2): BatchNorm1d(104, eps=1e-05, momentum=0.1, affine=True, track_running_stats=True)
  (bn3): BatchNorm1d(112, eps=1e-05, momentum=0.1, affine=True, track_running_stats=True)
  (projection2): Sequential(
    (0): Linear(in_features=320, out_features=256, bias=True)
    (1): ReLU()
    (2): Linear(in_features=256, out_features=128, bias=True)
  )
)
2025-03-06 00:15:00,706 | INFO : CSL(
  (shapelets_euclidean): ShapeletsDistBlocks(
    (blocks): ModuleList(
      (0-7): 8 x MinEuclideanDistBlock()
    )
  )
  (shapelets_cosine): ShapeletsDistBlocks(
    (blocks): ModuleList(
      (0-7): 8 x MaxCosineSimilarityBlock(
        (relu): ReLU()
      )
    )
  )
  (shapelets_cross_correlation): ShapeletsDistBlocks(
    (blocks): ModuleList(
      (0): MaxCrossCorrelationBlock(
        (shapelets): Conv1d(6, 14, kernel_size=(10,), stride=(1,))
      )
      (1): MaxCrossCorrelationBlock(
        (shapelets): Conv1d(6, 14, kernel_size=(20,), stride=(1,))
      )
      (2): MaxCrossCorrelationBlock(
        (shapelets): Conv1d(6, 14, kernel_size=(30,), stride=(1,))
      )
      (3): MaxCrossCorrelationBlock(
        (shapelets): Conv1d(6, 14, kernel_size=(40,), stride=(1,))
      )
      (4): MaxCrossCorrelationBlock(
        (shapelets): Conv1d(6, 14, kernel_size=(50,), stride=(1,))
      )
      (5): MaxCrossCorrelationBlock(
        (shapelets): Conv1d(6, 14, kernel_size=(60,), stride=(1,))
      )
      (6): MaxCrossCorrelationBlock(
        (shapelets): Conv1d(6, 14, kernel_size=(70,), stride=(1,))
      )
      (7): MaxCrossCorrelationBlock(
        (shapelets): Conv1d(6, 14, kernel_size=(80,), stride=(1,))
      )
    )
  )
  (linear): Linear(in_features=320, out_features=2, bias=True)
  (projection): Sequential(
    (0): BatchNorm1d(320, eps=1e-05, momentum=0.1, affine=True, track_running_stats=True)
  )
  (bn1): BatchNorm1d(104, eps=1e-05, momentum=0.1, affine=True, track_running_stats=True)
  (bn2): BatchNorm1d(104, eps=1e-05, momentum=0.1, affine=True, track_running_stats=True)
  (bn3): BatchNorm1d(112, eps=1e-05, momentum=0.1, affine=True, track_running_stats=True)
  (projection2): Sequential(
    (0): Linear(in_features=320, out_features=256, bias=True)
    (1): ReLU()
    (2): Linear(in_features=256, out_features=128, bias=True)
  )
)
2025-03-06 00:15:00,706 | INFO : CSL(
  (shapelets_euclidean): ShapeletsDistBlocks(
    (blocks): ModuleList(
      (0-7): 8 x MinEuclideanDistBlock()
    )
  )
  (shapelets_cosine): ShapeletsDistBlocks(
    (blocks): ModuleList(
      (0-7): 8 x MaxCosineSimilarityBlock(
        (relu): ReLU()
      )
    )
  )
  (shapelets_cross_correlation): ShapeletsDistBlocks(
    (blocks): ModuleList(
      (0): MaxCrossCorrelationBlock(
        (shapelets): Conv1d(6, 14, kernel_size=(10,), stride=(1,))
      )
      (1): MaxCrossCorrelationBlock(
        (shapelets): Conv1d(6, 14, kernel_size=(20,), stride=(1,))
      )
      (2): MaxCrossCorrelationBlock(
        (shapelets): Conv1d(6, 14, kernel_size=(30,), stride=(1,))
      )
      (3): MaxCrossCorrelationBlock(
        (shapelets): Conv1d(6, 14, kernel_size=(40,), stride=(1,))
      )
      (4): MaxCrossCorrelationBlock(
        (shapelets): Conv1d(6, 14, kernel_size=(50,), stride=(1,))
      )
      (5): MaxCrossCorrelationBlock(
        (shapelets): Conv1d(6, 14, kernel_size=(60,), stride=(1,))
      )
      (6): MaxCrossCorrelationBlock(
        (shapelets): Conv1d(6, 14, kernel_size=(70,), stride=(1,))
      )
      (7): MaxCrossCorrelationBlock(
        (shapelets): Conv1d(6, 14, kernel_size=(80,), stride=(1,))
      )
    )
  )
  (linear): Linear(in_features=320, out_features=2, bias=True)
  (projection): Sequential(
    (0): BatchNorm1d(320, eps=1e-05, momentum=0.1, affine=True, track_running_stats=True)
  )
  (bn1): BatchNorm1d(104, eps=1e-05, momentum=0.1, affine=True, track_running_stats=True)
  (bn2): BatchNorm1d(104, eps=1e-05, momentum=0.1, affine=True, track_running_stats=True)
  (bn3): BatchNorm1d(112, eps=1e-05, momentum=0.1, affine=True, track_running_stats=True)
  (projection2): Sequential(
    (0): Linear(in_features=320, out_features=256, bias=True)
    (1): ReLU()
    (2): Linear(in_features=256, out_features=128, bias=True)
  )
)
2025-03-06 00:15:00,706 | INFO : CSL(
  (shapelets_euclidean): ShapeletsDistBlocks(
    (blocks): ModuleList(
      (0-7): 8 x MinEuclideanDistBlock()
    )
  )
  (shapelets_cosine): ShapeletsDistBlocks(
    (blocks): ModuleList(
      (0-7): 8 x MaxCosineSimilarityBlock(
        (relu): ReLU()
      )
    )
  )
  (shapelets_cross_correlation): ShapeletsDistBlocks(
    (blocks): ModuleList(
      (0): MaxCrossCorrelationBlock(
        (shapelets): Conv1d(6, 14, kernel_size=(10,), stride=(1,))
      )
      (1): MaxCrossCorrelationBlock(
        (shapelets): Conv1d(6, 14, kernel_size=(20,), stride=(1,))
      )
      (2): MaxCrossCorrelationBlock(
        (shapelets): Conv1d(6, 14, kernel_size=(30,), stride=(1,))
      )
      (3): MaxCrossCorrelationBlock(
        (shapelets): Conv1d(6, 14, kernel_size=(40,), stride=(1,))
      )
      (4): MaxCrossCorrelationBlock(
        (shapelets): Conv1d(6, 14, kernel_size=(50,), stride=(1,))
      )
      (5): MaxCrossCorrelationBlock(
        (shapelets): Conv1d(6, 14, kernel_size=(60,), stride=(1,))
      )
      (6): MaxCrossCorrelationBlock(
        (shapelets): Conv1d(6, 14, kernel_size=(70,), stride=(1,))
      )
      (7): MaxCrossCorrelationBlock(
        (shapelets): Conv1d(6, 14, kernel_size=(80,), stride=(1,))
      )
    )
  )
  (linear): Linear(in_features=320, out_features=2, bias=True)
  (projection): Sequential(
    (0): BatchNorm1d(320, eps=1e-05, momentum=0.1, affine=True, track_running_stats=True)
  )
  (bn1): BatchNorm1d(104, eps=1e-05, momentum=0.1, affine=True, track_running_stats=True)
  (bn2): BatchNorm1d(104, eps=1e-05, momentum=0.1, affine=True, track_running_stats=True)
  (bn3): BatchNorm1d(112, eps=1e-05, momentum=0.1, affine=True, track_running_stats=True)
  (projection2): Sequential(
    (0): Linear(in_features=320, out_features=256, bias=True)
    (1): ReLU()
    (2): Linear(in_features=256, out_features=128, bias=True)
  )
)
2025-03-06 00:15:00,706 | INFO : CSL(
  (shapelets_euclidean): ShapeletsDistBlocks(
    (blocks): ModuleList(
      (0-7): 8 x MinEuclideanDistBlock()
    )
  )
  (shapelets_cosine): ShapeletsDistBlocks(
    (blocks): ModuleList(
      (0-7): 8 x MaxCosineSimilarityBlock(
        (relu): ReLU()
      )
    )
  )
  (shapelets_cross_correlation): ShapeletsDistBlocks(
    (blocks): ModuleList(
      (0): MaxCrossCorrelationBlock(
        (shapelets): Conv1d(6, 14, kernel_size=(10,), stride=(1,))
      )
      (1): MaxCrossCorrelationBlock(
        (shapelets): Conv1d(6, 14, kernel_size=(20,), stride=(1,))
      )
      (2): MaxCrossCorrelationBlock(
        (shapelets): Conv1d(6, 14, kernel_size=(30,), stride=(1,))
      )
      (3): MaxCrossCorrelationBlock(
        (shapelets): Conv1d(6, 14, kernel_size=(40,), stride=(1,))
      )
      (4): MaxCrossCorrelationBlock(
        (shapelets): Conv1d(6, 14, kernel_size=(50,), stride=(1,))
      )
      (5): MaxCrossCorrelationBlock(
        (shapelets): Conv1d(6, 14, kernel_size=(60,), stride=(1,))
      )
      (6): MaxCrossCorrelationBlock(
        (shapelets): Conv1d(6, 14, kernel_size=(70,), stride=(1,))
      )
      (7): MaxCrossCorrelationBlock(
        (shapelets): Conv1d(6, 14, kernel_size=(80,), stride=(1,))
      )
    )
  )
  (linear): Linear(in_features=320, out_features=2, bias=True)
  (projection): Sequential(
    (0): BatchNorm1d(320, eps=1e-05, momentum=0.1, affine=True, track_running_stats=True)
  )
  (bn1): BatchNorm1d(104, eps=1e-05, momentum=0.1, affine=True, track_running_stats=True)
  (bn2): BatchNorm1d(104, eps=1e-05, momentum=0.1, affine=True, track_running_stats=True)
  (bn3): BatchNorm1d(112, eps=1e-05, momentum=0.1, affine=True, track_running_stats=True)
  (projection2): Sequential(
    (0): Linear(in_features=320, out_features=256, bias=True)
    (1): ReLU()
    (2): Linear(in_features=256, out_features=128, bias=True)
  )
)
2025-03-06 00:15:00,706 | INFO : CSL(
  (shapelets_euclidean): ShapeletsDistBlocks(
    (blocks): ModuleList(
      (0-7): 8 x MinEuclideanDistBlock()
    )
  )
  (shapelets_cosine): ShapeletsDistBlocks(
    (blocks): ModuleList(
      (0-7): 8 x MaxCosineSimilarityBlock(
        (relu): ReLU()
      )
    )
  )
  (shapelets_cross_correlation): ShapeletsDistBlocks(
    (blocks): ModuleList(
      (0): MaxCrossCorrelationBlock(
        (shapelets): Conv1d(6, 14, kernel_size=(10,), stride=(1,))
      )
      (1): MaxCrossCorrelationBlock(
        (shapelets): Conv1d(6, 14, kernel_size=(20,), stride=(1,))
      )
      (2): MaxCrossCorrelationBlock(
        (shapelets): Conv1d(6, 14, kernel_size=(30,), stride=(1,))
      )
      (3): MaxCrossCorrelationBlock(
        (shapelets): Conv1d(6, 14, kernel_size=(40,), stride=(1,))
      )
      (4): MaxCrossCorrelationBlock(
        (shapelets): Conv1d(6, 14, kernel_size=(50,), stride=(1,))
      )
      (5): MaxCrossCorrelationBlock(
        (shapelets): Conv1d(6, 14, kernel_size=(60,), stride=(1,))
      )
      (6): MaxCrossCorrelationBlock(
        (shapelets): Conv1d(6, 14, kernel_size=(70,), stride=(1,))
      )
      (7): MaxCrossCorrelationBlock(
        (shapelets): Conv1d(6, 14, kernel_size=(80,), stride=(1,))
      )
    )
  )
  (linear): Linear(in_features=320, out_features=2, bias=True)
  (projection): Sequential(
    (0): BatchNorm1d(320, eps=1e-05, momentum=0.1, affine=True, track_running_stats=True)
  )
  (bn1): BatchNorm1d(104, eps=1e-05, momentum=0.1, affine=True, track_running_stats=True)
  (bn2): BatchNorm1d(104, eps=1e-05, momentum=0.1, affine=True, track_running_stats=True)
  (bn3): BatchNorm1d(112, eps=1e-05, momentum=0.1, affine=True, track_running_stats=True)
  (projection2): Sequential(
    (0): Linear(in_features=320, out_features=256, bias=True)
    (1): ReLU()
    (2): Linear(in_features=256, out_features=128, bias=True)
  )
)
2025-03-06 00:15:00,706 | INFO : CSL(
  (shapelets_euclidean): ShapeletsDistBlocks(
    (blocks): ModuleList(
      (0-7): 8 x MinEuclideanDistBlock()
    )
  )
  (shapelets_cosine): ShapeletsDistBlocks(
    (blocks): ModuleList(
      (0-7): 8 x MaxCosineSimilarityBlock(
        (relu): ReLU()
      )
    )
  )
  (shapelets_cross_correlation): ShapeletsDistBlocks(
    (blocks): ModuleList(
      (0): MaxCrossCorrelationBlock(
        (shapelets): Conv1d(6, 14, kernel_size=(10,), stride=(1,))
      )
      (1): MaxCrossCorrelationBlock(
        (shapelets): Conv1d(6, 14, kernel_size=(20,), stride=(1,))
      )
      (2): MaxCrossCorrelationBlock(
        (shapelets): Conv1d(6, 14, kernel_size=(30,), stride=(1,))
      )
      (3): MaxCrossCorrelationBlock(
        (shapelets): Conv1d(6, 14, kernel_size=(40,), stride=(1,))
      )
      (4): MaxCrossCorrelationBlock(
        (shapelets): Conv1d(6, 14, kernel_size=(50,), stride=(1,))
      )
      (5): MaxCrossCorrelationBlock(
        (shapelets): Conv1d(6, 14, kernel_size=(60,), stride=(1,))
      )
      (6): MaxCrossCorrelationBlock(
        (shapelets): Conv1d(6, 14, kernel_size=(70,), stride=(1,))
      )
      (7): MaxCrossCorrelationBlock(
        (shapelets): Conv1d(6, 14, kernel_size=(80,), stride=(1,))
      )
    )
  )
  (linear): Linear(in_features=320, out_features=2, bias=True)
  (projection): Sequential(
    (0): BatchNorm1d(320, eps=1e-05, momentum=0.1, affine=True, track_running_stats=True)
  )
  (bn1): BatchNorm1d(104, eps=1e-05, momentum=0.1, affine=True, track_running_stats=True)
  (bn2): BatchNorm1d(104, eps=1e-05, momentum=0.1, affine=True, track_running_stats=True)
  (bn3): BatchNorm1d(112, eps=1e-05, momentum=0.1, affine=True, track_running_stats=True)
  (projection2): Sequential(
    (0): Linear(in_features=320, out_features=256, bias=True)
    (1): ReLU()
    (2): Linear(in_features=256, out_features=128, bias=True)
  )
)
2025-03-06 00:15:00,706 | INFO : CSL(
  (shapelets_euclidean): ShapeletsDistBlocks(
    (blocks): ModuleList(
      (0-7): 8 x MinEuclideanDistBlock()
    )
  )
  (shapelets_cosine): ShapeletsDistBlocks(
    (blocks): ModuleList(
      (0-7): 8 x MaxCosineSimilarityBlock(
        (relu): ReLU()
      )
    )
  )
  (shapelets_cross_correlation): ShapeletsDistBlocks(
    (blocks): ModuleList(
      (0): MaxCrossCorrelationBlock(
        (shapelets): Conv1d(6, 14, kernel_size=(10,), stride=(1,))
      )
      (1): MaxCrossCorrelationBlock(
        (shapelets): Conv1d(6, 14, kernel_size=(20,), stride=(1,))
      )
      (2): MaxCrossCorrelationBlock(
        (shapelets): Conv1d(6, 14, kernel_size=(30,), stride=(1,))
      )
      (3): MaxCrossCorrelationBlock(
        (shapelets): Conv1d(6, 14, kernel_size=(40,), stride=(1,))
      )
      (4): MaxCrossCorrelationBlock(
        (shapelets): Conv1d(6, 14, kernel_size=(50,), stride=(1,))
      )
      (5): MaxCrossCorrelationBlock(
        (shapelets): Conv1d(6, 14, kernel_size=(60,), stride=(1,))
      )
      (6): MaxCrossCorrelationBlock(
        (shapelets): Conv1d(6, 14, kernel_size=(70,), stride=(1,))
      )
      (7): MaxCrossCorrelationBlock(
        (shapelets): Conv1d(6, 14, kernel_size=(80,), stride=(1,))
      )
    )
  )
  (linear): Linear(in_features=320, out_features=2, bias=True)
  (projection): Sequential(
    (0): BatchNorm1d(320, eps=1e-05, momentum=0.1, affine=True, track_running_stats=True)
  )
  (bn1): BatchNorm1d(104, eps=1e-05, momentum=0.1, affine=True, track_running_stats=True)
  (bn2): BatchNorm1d(104, eps=1e-05, momentum=0.1, affine=True, track_running_stats=True)
  (bn3): BatchNorm1d(112, eps=1e-05, momentum=0.1, affine=True, track_running_stats=True)
  (projection2): Sequential(
    (0): Linear(in_features=320, out_features=256, bias=True)
    (1): ReLU()
    (2): Linear(in_features=256, out_features=128, bias=True)
  )
)
2025-03-06 00:15:00,706 | INFO : CSL(
  (shapelets_euclidean): ShapeletsDistBlocks(
    (blocks): ModuleList(
      (0-7): 8 x MinEuclideanDistBlock()
    )
  )
  (shapelets_cosine): ShapeletsDistBlocks(
    (blocks): ModuleList(
      (0-7): 8 x MaxCosineSimilarityBlock(
        (relu): ReLU()
      )
    )
  )
  (shapelets_cross_correlation): ShapeletsDistBlocks(
    (blocks): ModuleList(
      (0): MaxCrossCorrelationBlock(
        (shapelets): Conv1d(6, 14, kernel_size=(10,), stride=(1,))
      )
      (1): MaxCrossCorrelationBlock(
        (shapelets): Conv1d(6, 14, kernel_size=(20,), stride=(1,))
      )
      (2): MaxCrossCorrelationBlock(
        (shapelets): Conv1d(6, 14, kernel_size=(30,), stride=(1,))
      )
      (3): MaxCrossCorrelationBlock(
        (shapelets): Conv1d(6, 14, kernel_size=(40,), stride=(1,))
      )
      (4): MaxCrossCorrelationBlock(
        (shapelets): Conv1d(6, 14, kernel_size=(50,), stride=(1,))
      )
      (5): MaxCrossCorrelationBlock(
        (shapelets): Conv1d(6, 14, kernel_size=(60,), stride=(1,))
      )
      (6): MaxCrossCorrelationBlock(
        (shapelets): Conv1d(6, 14, kernel_size=(70,), stride=(1,))
      )
      (7): MaxCrossCorrelationBlock(
        (shapelets): Conv1d(6, 14, kernel_size=(80,), stride=(1,))
      )
    )
  )
  (linear): Linear(in_features=320, out_features=2, bias=True)
  (projection): Sequential(
    (0): BatchNorm1d(320, eps=1e-05, momentum=0.1, affine=True, track_running_stats=True)
  )
  (bn1): BatchNorm1d(104, eps=1e-05, momentum=0.1, affine=True, track_running_stats=True)
  (bn2): BatchNorm1d(104, eps=1e-05, momentum=0.1, affine=True, track_running_stats=True)
  (bn3): BatchNorm1d(112, eps=1e-05, momentum=0.1, affine=True, track_running_stats=True)
  (projection2): Sequential(
    (0): Linear(in_features=320, out_features=256, bias=True)
    (1): ReLU()
    (2): Linear(in_features=256, out_features=128, bias=True)
  )
)
2025-03-06 00:15:00,766 | INFO : train_ds length: 40, valid_ds length: 40
2025-03-06 00:15:00,766 | INFO : train_ds length: 40, valid_ds length: 40
2025-03-06 00:15:00,766 | INFO : train_ds length: 40, valid_ds length: 40
2025-03-06 00:15:00,766 | INFO : train_ds length: 40, valid_ds length: 40
2025-03-06 00:15:00,766 | INFO : train_ds length: 40, valid_ds length: 40
2025-03-06 00:15:00,766 | INFO : train_ds length: 40, valid_ds length: 40
2025-03-06 00:15:00,766 | INFO : train_ds length: 40, valid_ds length: 40
2025-03-06 00:15:00,766 | INFO : train_ds length: 40, valid_ds length: 40
2025-03-06 00:15:00,766 | INFO : train_ds length: 40, valid_ds length: 40
2025-03-06 00:15:00,766 | INFO : train_ds length: 40, valid_ds length: 40
2025-03-06 00:15:00,766 | INFO : train_ds length: 40, valid_ds length: 40
2025-03-06 00:15:00,766 | INFO : train_ds length: 40, valid_ds length: 40
2025-03-06 00:15:00,766 | INFO : train_ds length: 40, valid_ds length: 40
2025-03-06 00:15:00,766 | INFO : train_ds length: 40, valid_ds length: 40
2025-03-06 00:15:00,766 | INFO : train_ds length: 40, valid_ds length: 40
2025-03-06 00:17:38,486 | INFO : train_ds length: 40, valid_ds length: 40
2025-03-06 00:17:38,486 | INFO : train_ds length: 40, valid_ds length: 40
2025-03-06 00:17:38,486 | INFO : train_ds length: 40, valid_ds length: 40
2025-03-06 00:17:38,486 | INFO : train_ds length: 40, valid_ds length: 40
2025-03-06 00:17:38,486 | INFO : train_ds length: 40, valid_ds length: 40
2025-03-06 00:17:38,486 | INFO : train_ds length: 40, valid_ds length: 40
2025-03-06 00:17:38,486 | INFO : train_ds length: 40, valid_ds length: 40
2025-03-06 00:17:38,486 | INFO : train_ds length: 40, valid_ds length: 40
2025-03-06 00:17:38,486 | INFO : train_ds length: 40, valid_ds length: 40
2025-03-06 00:17:38,486 | INFO : train_ds length: 40, valid_ds length: 40
2025-03-06 00:17:38,486 | INFO : train_ds length: 40, valid_ds length: 40
2025-03-06 00:17:38,486 | INFO : train_ds length: 40, valid_ds length: 40
2025-03-06 00:17:38,486 | INFO : train_ds length: 40, valid_ds length: 40
2025-03-06 00:17:38,486 | INFO : train_ds length: 40, valid_ds length: 40
2025-03-06 00:17:38,486 | INFO : train_ds length: 40, valid_ds length: 40
2025-03-06 00:17:38,499 | INFO : {'output_dims': 320, 'feat_dim': 6, 'max_len': 100, 'device': 'cpu'}
2025-03-06 00:17:38,499 | INFO : {'output_dims': 320, 'feat_dim': 6, 'max_len': 100, 'device': 'cpu'}
2025-03-06 00:17:38,499 | INFO : {'output_dims': 320, 'feat_dim': 6, 'max_len': 100, 'device': 'cpu'}
2025-03-06 00:17:38,499 | INFO : {'output_dims': 320, 'feat_dim': 6, 'max_len': 100, 'device': 'cpu'}
2025-03-06 00:17:38,499 | INFO : {'output_dims': 320, 'feat_dim': 6, 'max_len': 100, 'device': 'cpu'}
2025-03-06 00:17:38,499 | INFO : {'output_dims': 320, 'feat_dim': 6, 'max_len': 100, 'device': 'cpu'}
2025-03-06 00:17:38,499 | INFO : {'output_dims': 320, 'feat_dim': 6, 'max_len': 100, 'device': 'cpu'}
2025-03-06 00:17:38,499 | INFO : {'output_dims': 320, 'feat_dim': 6, 'max_len': 100, 'device': 'cpu'}
2025-03-06 00:17:38,499 | INFO : {'output_dims': 320, 'feat_dim': 6, 'max_len': 100, 'device': 'cpu'}
2025-03-06 00:17:38,499 | INFO : {'output_dims': 320, 'feat_dim': 6, 'max_len': 100, 'device': 'cpu'}
2025-03-06 00:17:38,499 | INFO : {'output_dims': 320, 'feat_dim': 6, 'max_len': 100, 'device': 'cpu'}
2025-03-06 00:17:38,499 | INFO : {'output_dims': 320, 'feat_dim': 6, 'max_len': 100, 'device': 'cpu'}
2025-03-06 00:17:38,499 | INFO : {'output_dims': 320, 'feat_dim': 6, 'max_len': 100, 'device': 'cpu'}
2025-03-06 00:17:38,499 | INFO : {'output_dims': 320, 'feat_dim': 6, 'max_len': 100, 'device': 'cpu'}
2025-03-06 00:17:38,499 | INFO : {'output_dims': 320, 'feat_dim': 6, 'max_len': 100, 'device': 'cpu'}
2025-03-06 00:17:38,502 | INFO : CSL(
  (shapelets_euclidean): ShapeletsDistBlocks(
    (blocks): ModuleList(
      (0-7): 8 x MinEuclideanDistBlock()
    )
  )
  (shapelets_cosine): ShapeletsDistBlocks(
    (blocks): ModuleList(
      (0-7): 8 x MaxCosineSimilarityBlock(
        (relu): ReLU()
      )
    )
  )
  (shapelets_cross_correlation): ShapeletsDistBlocks(
    (blocks): ModuleList(
      (0): MaxCrossCorrelationBlock(
        (shapelets): Conv1d(6, 14, kernel_size=(10,), stride=(1,))
      )
      (1): MaxCrossCorrelationBlock(
        (shapelets): Conv1d(6, 14, kernel_size=(20,), stride=(1,))
      )
      (2): MaxCrossCorrelationBlock(
        (shapelets): Conv1d(6, 14, kernel_size=(30,), stride=(1,))
      )
      (3): MaxCrossCorrelationBlock(
        (shapelets): Conv1d(6, 14, kernel_size=(40,), stride=(1,))
      )
      (4): MaxCrossCorrelationBlock(
        (shapelets): Conv1d(6, 14, kernel_size=(50,), stride=(1,))
      )
      (5): MaxCrossCorrelationBlock(
        (shapelets): Conv1d(6, 14, kernel_size=(60,), stride=(1,))
      )
      (6): MaxCrossCorrelationBlock(
        (shapelets): Conv1d(6, 14, kernel_size=(70,), stride=(1,))
      )
      (7): MaxCrossCorrelationBlock(
        (shapelets): Conv1d(6, 14, kernel_size=(80,), stride=(1,))
      )
    )
  )
  (linear): Linear(in_features=320, out_features=2, bias=True)
  (projection): Sequential(
    (0): BatchNorm1d(320, eps=1e-05, momentum=0.1, affine=True, track_running_stats=True)
  )
  (bn1): BatchNorm1d(104, eps=1e-05, momentum=0.1, affine=True, track_running_stats=True)
  (bn2): BatchNorm1d(104, eps=1e-05, momentum=0.1, affine=True, track_running_stats=True)
  (bn3): BatchNorm1d(112, eps=1e-05, momentum=0.1, affine=True, track_running_stats=True)
  (projection2): Sequential(
    (0): Linear(in_features=320, out_features=256, bias=True)
    (1): ReLU()
    (2): Linear(in_features=256, out_features=128, bias=True)
  )
)
2025-03-06 00:17:38,502 | INFO : CSL(
  (shapelets_euclidean): ShapeletsDistBlocks(
    (blocks): ModuleList(
      (0-7): 8 x MinEuclideanDistBlock()
    )
  )
  (shapelets_cosine): ShapeletsDistBlocks(
    (blocks): ModuleList(
      (0-7): 8 x MaxCosineSimilarityBlock(
        (relu): ReLU()
      )
    )
  )
  (shapelets_cross_correlation): ShapeletsDistBlocks(
    (blocks): ModuleList(
      (0): MaxCrossCorrelationBlock(
        (shapelets): Conv1d(6, 14, kernel_size=(10,), stride=(1,))
      )
      (1): MaxCrossCorrelationBlock(
        (shapelets): Conv1d(6, 14, kernel_size=(20,), stride=(1,))
      )
      (2): MaxCrossCorrelationBlock(
        (shapelets): Conv1d(6, 14, kernel_size=(30,), stride=(1,))
      )
      (3): MaxCrossCorrelationBlock(
        (shapelets): Conv1d(6, 14, kernel_size=(40,), stride=(1,))
      )
      (4): MaxCrossCorrelationBlock(
        (shapelets): Conv1d(6, 14, kernel_size=(50,), stride=(1,))
      )
      (5): MaxCrossCorrelationBlock(
        (shapelets): Conv1d(6, 14, kernel_size=(60,), stride=(1,))
      )
      (6): MaxCrossCorrelationBlock(
        (shapelets): Conv1d(6, 14, kernel_size=(70,), stride=(1,))
      )
      (7): MaxCrossCorrelationBlock(
        (shapelets): Conv1d(6, 14, kernel_size=(80,), stride=(1,))
      )
    )
  )
  (linear): Linear(in_features=320, out_features=2, bias=True)
  (projection): Sequential(
    (0): BatchNorm1d(320, eps=1e-05, momentum=0.1, affine=True, track_running_stats=True)
  )
  (bn1): BatchNorm1d(104, eps=1e-05, momentum=0.1, affine=True, track_running_stats=True)
  (bn2): BatchNorm1d(104, eps=1e-05, momentum=0.1, affine=True, track_running_stats=True)
  (bn3): BatchNorm1d(112, eps=1e-05, momentum=0.1, affine=True, track_running_stats=True)
  (projection2): Sequential(
    (0): Linear(in_features=320, out_features=256, bias=True)
    (1): ReLU()
    (2): Linear(in_features=256, out_features=128, bias=True)
  )
)
2025-03-06 00:17:38,502 | INFO : CSL(
  (shapelets_euclidean): ShapeletsDistBlocks(
    (blocks): ModuleList(
      (0-7): 8 x MinEuclideanDistBlock()
    )
  )
  (shapelets_cosine): ShapeletsDistBlocks(
    (blocks): ModuleList(
      (0-7): 8 x MaxCosineSimilarityBlock(
        (relu): ReLU()
      )
    )
  )
  (shapelets_cross_correlation): ShapeletsDistBlocks(
    (blocks): ModuleList(
      (0): MaxCrossCorrelationBlock(
        (shapelets): Conv1d(6, 14, kernel_size=(10,), stride=(1,))
      )
      (1): MaxCrossCorrelationBlock(
        (shapelets): Conv1d(6, 14, kernel_size=(20,), stride=(1,))
      )
      (2): MaxCrossCorrelationBlock(
        (shapelets): Conv1d(6, 14, kernel_size=(30,), stride=(1,))
      )
      (3): MaxCrossCorrelationBlock(
        (shapelets): Conv1d(6, 14, kernel_size=(40,), stride=(1,))
      )
      (4): MaxCrossCorrelationBlock(
        (shapelets): Conv1d(6, 14, kernel_size=(50,), stride=(1,))
      )
      (5): MaxCrossCorrelationBlock(
        (shapelets): Conv1d(6, 14, kernel_size=(60,), stride=(1,))
      )
      (6): MaxCrossCorrelationBlock(
        (shapelets): Conv1d(6, 14, kernel_size=(70,), stride=(1,))
      )
      (7): MaxCrossCorrelationBlock(
        (shapelets): Conv1d(6, 14, kernel_size=(80,), stride=(1,))
      )
    )
  )
  (linear): Linear(in_features=320, out_features=2, bias=True)
  (projection): Sequential(
    (0): BatchNorm1d(320, eps=1e-05, momentum=0.1, affine=True, track_running_stats=True)
  )
  (bn1): BatchNorm1d(104, eps=1e-05, momentum=0.1, affine=True, track_running_stats=True)
  (bn2): BatchNorm1d(104, eps=1e-05, momentum=0.1, affine=True, track_running_stats=True)
  (bn3): BatchNorm1d(112, eps=1e-05, momentum=0.1, affine=True, track_running_stats=True)
  (projection2): Sequential(
    (0): Linear(in_features=320, out_features=256, bias=True)
    (1): ReLU()
    (2): Linear(in_features=256, out_features=128, bias=True)
  )
)
2025-03-06 00:17:38,502 | INFO : CSL(
  (shapelets_euclidean): ShapeletsDistBlocks(
    (blocks): ModuleList(
      (0-7): 8 x MinEuclideanDistBlock()
    )
  )
  (shapelets_cosine): ShapeletsDistBlocks(
    (blocks): ModuleList(
      (0-7): 8 x MaxCosineSimilarityBlock(
        (relu): ReLU()
      )
    )
  )
  (shapelets_cross_correlation): ShapeletsDistBlocks(
    (blocks): ModuleList(
      (0): MaxCrossCorrelationBlock(
        (shapelets): Conv1d(6, 14, kernel_size=(10,), stride=(1,))
      )
      (1): MaxCrossCorrelationBlock(
        (shapelets): Conv1d(6, 14, kernel_size=(20,), stride=(1,))
      )
      (2): MaxCrossCorrelationBlock(
        (shapelets): Conv1d(6, 14, kernel_size=(30,), stride=(1,))
      )
      (3): MaxCrossCorrelationBlock(
        (shapelets): Conv1d(6, 14, kernel_size=(40,), stride=(1,))
      )
      (4): MaxCrossCorrelationBlock(
        (shapelets): Conv1d(6, 14, kernel_size=(50,), stride=(1,))
      )
      (5): MaxCrossCorrelationBlock(
        (shapelets): Conv1d(6, 14, kernel_size=(60,), stride=(1,))
      )
      (6): MaxCrossCorrelationBlock(
        (shapelets): Conv1d(6, 14, kernel_size=(70,), stride=(1,))
      )
      (7): MaxCrossCorrelationBlock(
        (shapelets): Conv1d(6, 14, kernel_size=(80,), stride=(1,))
      )
    )
  )
  (linear): Linear(in_features=320, out_features=2, bias=True)
  (projection): Sequential(
    (0): BatchNorm1d(320, eps=1e-05, momentum=0.1, affine=True, track_running_stats=True)
  )
  (bn1): BatchNorm1d(104, eps=1e-05, momentum=0.1, affine=True, track_running_stats=True)
  (bn2): BatchNorm1d(104, eps=1e-05, momentum=0.1, affine=True, track_running_stats=True)
  (bn3): BatchNorm1d(112, eps=1e-05, momentum=0.1, affine=True, track_running_stats=True)
  (projection2): Sequential(
    (0): Linear(in_features=320, out_features=256, bias=True)
    (1): ReLU()
    (2): Linear(in_features=256, out_features=128, bias=True)
  )
)
2025-03-06 00:17:38,502 | INFO : CSL(
  (shapelets_euclidean): ShapeletsDistBlocks(
    (blocks): ModuleList(
      (0-7): 8 x MinEuclideanDistBlock()
    )
  )
  (shapelets_cosine): ShapeletsDistBlocks(
    (blocks): ModuleList(
      (0-7): 8 x MaxCosineSimilarityBlock(
        (relu): ReLU()
      )
    )
  )
  (shapelets_cross_correlation): ShapeletsDistBlocks(
    (blocks): ModuleList(
      (0): MaxCrossCorrelationBlock(
        (shapelets): Conv1d(6, 14, kernel_size=(10,), stride=(1,))
      )
      (1): MaxCrossCorrelationBlock(
        (shapelets): Conv1d(6, 14, kernel_size=(20,), stride=(1,))
      )
      (2): MaxCrossCorrelationBlock(
        (shapelets): Conv1d(6, 14, kernel_size=(30,), stride=(1,))
      )
      (3): MaxCrossCorrelationBlock(
        (shapelets): Conv1d(6, 14, kernel_size=(40,), stride=(1,))
      )
      (4): MaxCrossCorrelationBlock(
        (shapelets): Conv1d(6, 14, kernel_size=(50,), stride=(1,))
      )
      (5): MaxCrossCorrelationBlock(
        (shapelets): Conv1d(6, 14, kernel_size=(60,), stride=(1,))
      )
      (6): MaxCrossCorrelationBlock(
        (shapelets): Conv1d(6, 14, kernel_size=(70,), stride=(1,))
      )
      (7): MaxCrossCorrelationBlock(
        (shapelets): Conv1d(6, 14, kernel_size=(80,), stride=(1,))
      )
    )
  )
  (linear): Linear(in_features=320, out_features=2, bias=True)
  (projection): Sequential(
    (0): BatchNorm1d(320, eps=1e-05, momentum=0.1, affine=True, track_running_stats=True)
  )
  (bn1): BatchNorm1d(104, eps=1e-05, momentum=0.1, affine=True, track_running_stats=True)
  (bn2): BatchNorm1d(104, eps=1e-05, momentum=0.1, affine=True, track_running_stats=True)
  (bn3): BatchNorm1d(112, eps=1e-05, momentum=0.1, affine=True, track_running_stats=True)
  (projection2): Sequential(
    (0): Linear(in_features=320, out_features=256, bias=True)
    (1): ReLU()
    (2): Linear(in_features=256, out_features=128, bias=True)
  )
)
2025-03-06 00:17:38,502 | INFO : CSL(
  (shapelets_euclidean): ShapeletsDistBlocks(
    (blocks): ModuleList(
      (0-7): 8 x MinEuclideanDistBlock()
    )
  )
  (shapelets_cosine): ShapeletsDistBlocks(
    (blocks): ModuleList(
      (0-7): 8 x MaxCosineSimilarityBlock(
        (relu): ReLU()
      )
    )
  )
  (shapelets_cross_correlation): ShapeletsDistBlocks(
    (blocks): ModuleList(
      (0): MaxCrossCorrelationBlock(
        (shapelets): Conv1d(6, 14, kernel_size=(10,), stride=(1,))
      )
      (1): MaxCrossCorrelationBlock(
        (shapelets): Conv1d(6, 14, kernel_size=(20,), stride=(1,))
      )
      (2): MaxCrossCorrelationBlock(
        (shapelets): Conv1d(6, 14, kernel_size=(30,), stride=(1,))
      )
      (3): MaxCrossCorrelationBlock(
        (shapelets): Conv1d(6, 14, kernel_size=(40,), stride=(1,))
      )
      (4): MaxCrossCorrelationBlock(
        (shapelets): Conv1d(6, 14, kernel_size=(50,), stride=(1,))
      )
      (5): MaxCrossCorrelationBlock(
        (shapelets): Conv1d(6, 14, kernel_size=(60,), stride=(1,))
      )
      (6): MaxCrossCorrelationBlock(
        (shapelets): Conv1d(6, 14, kernel_size=(70,), stride=(1,))
      )
      (7): MaxCrossCorrelationBlock(
        (shapelets): Conv1d(6, 14, kernel_size=(80,), stride=(1,))
      )
    )
  )
  (linear): Linear(in_features=320, out_features=2, bias=True)
  (projection): Sequential(
    (0): BatchNorm1d(320, eps=1e-05, momentum=0.1, affine=True, track_running_stats=True)
  )
  (bn1): BatchNorm1d(104, eps=1e-05, momentum=0.1, affine=True, track_running_stats=True)
  (bn2): BatchNorm1d(104, eps=1e-05, momentum=0.1, affine=True, track_running_stats=True)
  (bn3): BatchNorm1d(112, eps=1e-05, momentum=0.1, affine=True, track_running_stats=True)
  (projection2): Sequential(
    (0): Linear(in_features=320, out_features=256, bias=True)
    (1): ReLU()
    (2): Linear(in_features=256, out_features=128, bias=True)
  )
)
2025-03-06 00:17:38,502 | INFO : CSL(
  (shapelets_euclidean): ShapeletsDistBlocks(
    (blocks): ModuleList(
      (0-7): 8 x MinEuclideanDistBlock()
    )
  )
  (shapelets_cosine): ShapeletsDistBlocks(
    (blocks): ModuleList(
      (0-7): 8 x MaxCosineSimilarityBlock(
        (relu): ReLU()
      )
    )
  )
  (shapelets_cross_correlation): ShapeletsDistBlocks(
    (blocks): ModuleList(
      (0): MaxCrossCorrelationBlock(
        (shapelets): Conv1d(6, 14, kernel_size=(10,), stride=(1,))
      )
      (1): MaxCrossCorrelationBlock(
        (shapelets): Conv1d(6, 14, kernel_size=(20,), stride=(1,))
      )
      (2): MaxCrossCorrelationBlock(
        (shapelets): Conv1d(6, 14, kernel_size=(30,), stride=(1,))
      )
      (3): MaxCrossCorrelationBlock(
        (shapelets): Conv1d(6, 14, kernel_size=(40,), stride=(1,))
      )
      (4): MaxCrossCorrelationBlock(
        (shapelets): Conv1d(6, 14, kernel_size=(50,), stride=(1,))
      )
      (5): MaxCrossCorrelationBlock(
        (shapelets): Conv1d(6, 14, kernel_size=(60,), stride=(1,))
      )
      (6): MaxCrossCorrelationBlock(
        (shapelets): Conv1d(6, 14, kernel_size=(70,), stride=(1,))
      )
      (7): MaxCrossCorrelationBlock(
        (shapelets): Conv1d(6, 14, kernel_size=(80,), stride=(1,))
      )
    )
  )
  (linear): Linear(in_features=320, out_features=2, bias=True)
  (projection): Sequential(
    (0): BatchNorm1d(320, eps=1e-05, momentum=0.1, affine=True, track_running_stats=True)
  )
  (bn1): BatchNorm1d(104, eps=1e-05, momentum=0.1, affine=True, track_running_stats=True)
  (bn2): BatchNorm1d(104, eps=1e-05, momentum=0.1, affine=True, track_running_stats=True)
  (bn3): BatchNorm1d(112, eps=1e-05, momentum=0.1, affine=True, track_running_stats=True)
  (projection2): Sequential(
    (0): Linear(in_features=320, out_features=256, bias=True)
    (1): ReLU()
    (2): Linear(in_features=256, out_features=128, bias=True)
  )
)
2025-03-06 00:17:38,502 | INFO : CSL(
  (shapelets_euclidean): ShapeletsDistBlocks(
    (blocks): ModuleList(
      (0-7): 8 x MinEuclideanDistBlock()
    )
  )
  (shapelets_cosine): ShapeletsDistBlocks(
    (blocks): ModuleList(
      (0-7): 8 x MaxCosineSimilarityBlock(
        (relu): ReLU()
      )
    )
  )
  (shapelets_cross_correlation): ShapeletsDistBlocks(
    (blocks): ModuleList(
      (0): MaxCrossCorrelationBlock(
        (shapelets): Conv1d(6, 14, kernel_size=(10,), stride=(1,))
      )
      (1): MaxCrossCorrelationBlock(
        (shapelets): Conv1d(6, 14, kernel_size=(20,), stride=(1,))
      )
      (2): MaxCrossCorrelationBlock(
        (shapelets): Conv1d(6, 14, kernel_size=(30,), stride=(1,))
      )
      (3): MaxCrossCorrelationBlock(
        (shapelets): Conv1d(6, 14, kernel_size=(40,), stride=(1,))
      )
      (4): MaxCrossCorrelationBlock(
        (shapelets): Conv1d(6, 14, kernel_size=(50,), stride=(1,))
      )
      (5): MaxCrossCorrelationBlock(
        (shapelets): Conv1d(6, 14, kernel_size=(60,), stride=(1,))
      )
      (6): MaxCrossCorrelationBlock(
        (shapelets): Conv1d(6, 14, kernel_size=(70,), stride=(1,))
      )
      (7): MaxCrossCorrelationBlock(
        (shapelets): Conv1d(6, 14, kernel_size=(80,), stride=(1,))
      )
    )
  )
  (linear): Linear(in_features=320, out_features=2, bias=True)
  (projection): Sequential(
    (0): BatchNorm1d(320, eps=1e-05, momentum=0.1, affine=True, track_running_stats=True)
  )
  (bn1): BatchNorm1d(104, eps=1e-05, momentum=0.1, affine=True, track_running_stats=True)
  (bn2): BatchNorm1d(104, eps=1e-05, momentum=0.1, affine=True, track_running_stats=True)
  (bn3): BatchNorm1d(112, eps=1e-05, momentum=0.1, affine=True, track_running_stats=True)
  (projection2): Sequential(
    (0): Linear(in_features=320, out_features=256, bias=True)
    (1): ReLU()
    (2): Linear(in_features=256, out_features=128, bias=True)
  )
)
2025-03-06 00:17:38,502 | INFO : CSL(
  (shapelets_euclidean): ShapeletsDistBlocks(
    (blocks): ModuleList(
      (0-7): 8 x MinEuclideanDistBlock()
    )
  )
  (shapelets_cosine): ShapeletsDistBlocks(
    (blocks): ModuleList(
      (0-7): 8 x MaxCosineSimilarityBlock(
        (relu): ReLU()
      )
    )
  )
  (shapelets_cross_correlation): ShapeletsDistBlocks(
    (blocks): ModuleList(
      (0): MaxCrossCorrelationBlock(
        (shapelets): Conv1d(6, 14, kernel_size=(10,), stride=(1,))
      )
      (1): MaxCrossCorrelationBlock(
        (shapelets): Conv1d(6, 14, kernel_size=(20,), stride=(1,))
      )
      (2): MaxCrossCorrelationBlock(
        (shapelets): Conv1d(6, 14, kernel_size=(30,), stride=(1,))
      )
      (3): MaxCrossCorrelationBlock(
        (shapelets): Conv1d(6, 14, kernel_size=(40,), stride=(1,))
      )
      (4): MaxCrossCorrelationBlock(
        (shapelets): Conv1d(6, 14, kernel_size=(50,), stride=(1,))
      )
      (5): MaxCrossCorrelationBlock(
        (shapelets): Conv1d(6, 14, kernel_size=(60,), stride=(1,))
      )
      (6): MaxCrossCorrelationBlock(
        (shapelets): Conv1d(6, 14, kernel_size=(70,), stride=(1,))
      )
      (7): MaxCrossCorrelationBlock(
        (shapelets): Conv1d(6, 14, kernel_size=(80,), stride=(1,))
      )
    )
  )
  (linear): Linear(in_features=320, out_features=2, bias=True)
  (projection): Sequential(
    (0): BatchNorm1d(320, eps=1e-05, momentum=0.1, affine=True, track_running_stats=True)
  )
  (bn1): BatchNorm1d(104, eps=1e-05, momentum=0.1, affine=True, track_running_stats=True)
  (bn2): BatchNorm1d(104, eps=1e-05, momentum=0.1, affine=True, track_running_stats=True)
  (bn3): BatchNorm1d(112, eps=1e-05, momentum=0.1, affine=True, track_running_stats=True)
  (projection2): Sequential(
    (0): Linear(in_features=320, out_features=256, bias=True)
    (1): ReLU()
    (2): Linear(in_features=256, out_features=128, bias=True)
  )
)
2025-03-06 00:17:38,502 | INFO : CSL(
  (shapelets_euclidean): ShapeletsDistBlocks(
    (blocks): ModuleList(
      (0-7): 8 x MinEuclideanDistBlock()
    )
  )
  (shapelets_cosine): ShapeletsDistBlocks(
    (blocks): ModuleList(
      (0-7): 8 x MaxCosineSimilarityBlock(
        (relu): ReLU()
      )
    )
  )
  (shapelets_cross_correlation): ShapeletsDistBlocks(
    (blocks): ModuleList(
      (0): MaxCrossCorrelationBlock(
        (shapelets): Conv1d(6, 14, kernel_size=(10,), stride=(1,))
      )
      (1): MaxCrossCorrelationBlock(
        (shapelets): Conv1d(6, 14, kernel_size=(20,), stride=(1,))
      )
      (2): MaxCrossCorrelationBlock(
        (shapelets): Conv1d(6, 14, kernel_size=(30,), stride=(1,))
      )
      (3): MaxCrossCorrelationBlock(
        (shapelets): Conv1d(6, 14, kernel_size=(40,), stride=(1,))
      )
      (4): MaxCrossCorrelationBlock(
        (shapelets): Conv1d(6, 14, kernel_size=(50,), stride=(1,))
      )
      (5): MaxCrossCorrelationBlock(
        (shapelets): Conv1d(6, 14, kernel_size=(60,), stride=(1,))
      )
      (6): MaxCrossCorrelationBlock(
        (shapelets): Conv1d(6, 14, kernel_size=(70,), stride=(1,))
      )
      (7): MaxCrossCorrelationBlock(
        (shapelets): Conv1d(6, 14, kernel_size=(80,), stride=(1,))
      )
    )
  )
  (linear): Linear(in_features=320, out_features=2, bias=True)
  (projection): Sequential(
    (0): BatchNorm1d(320, eps=1e-05, momentum=0.1, affine=True, track_running_stats=True)
  )
  (bn1): BatchNorm1d(104, eps=1e-05, momentum=0.1, affine=True, track_running_stats=True)
  (bn2): BatchNorm1d(104, eps=1e-05, momentum=0.1, affine=True, track_running_stats=True)
  (bn3): BatchNorm1d(112, eps=1e-05, momentum=0.1, affine=True, track_running_stats=True)
  (projection2): Sequential(
    (0): Linear(in_features=320, out_features=256, bias=True)
    (1): ReLU()
    (2): Linear(in_features=256, out_features=128, bias=True)
  )
)
2025-03-06 00:17:38,502 | INFO : CSL(
  (shapelets_euclidean): ShapeletsDistBlocks(
    (blocks): ModuleList(
      (0-7): 8 x MinEuclideanDistBlock()
    )
  )
  (shapelets_cosine): ShapeletsDistBlocks(
    (blocks): ModuleList(
      (0-7): 8 x MaxCosineSimilarityBlock(
        (relu): ReLU()
      )
    )
  )
  (shapelets_cross_correlation): ShapeletsDistBlocks(
    (blocks): ModuleList(
      (0): MaxCrossCorrelationBlock(
        (shapelets): Conv1d(6, 14, kernel_size=(10,), stride=(1,))
      )
      (1): MaxCrossCorrelationBlock(
        (shapelets): Conv1d(6, 14, kernel_size=(20,), stride=(1,))
      )
      (2): MaxCrossCorrelationBlock(
        (shapelets): Conv1d(6, 14, kernel_size=(30,), stride=(1,))
      )
      (3): MaxCrossCorrelationBlock(
        (shapelets): Conv1d(6, 14, kernel_size=(40,), stride=(1,))
      )
      (4): MaxCrossCorrelationBlock(
        (shapelets): Conv1d(6, 14, kernel_size=(50,), stride=(1,))
      )
      (5): MaxCrossCorrelationBlock(
        (shapelets): Conv1d(6, 14, kernel_size=(60,), stride=(1,))
      )
      (6): MaxCrossCorrelationBlock(
        (shapelets): Conv1d(6, 14, kernel_size=(70,), stride=(1,))
      )
      (7): MaxCrossCorrelationBlock(
        (shapelets): Conv1d(6, 14, kernel_size=(80,), stride=(1,))
      )
    )
  )
  (linear): Linear(in_features=320, out_features=2, bias=True)
  (projection): Sequential(
    (0): BatchNorm1d(320, eps=1e-05, momentum=0.1, affine=True, track_running_stats=True)
  )
  (bn1): BatchNorm1d(104, eps=1e-05, momentum=0.1, affine=True, track_running_stats=True)
  (bn2): BatchNorm1d(104, eps=1e-05, momentum=0.1, affine=True, track_running_stats=True)
  (bn3): BatchNorm1d(112, eps=1e-05, momentum=0.1, affine=True, track_running_stats=True)
  (projection2): Sequential(
    (0): Linear(in_features=320, out_features=256, bias=True)
    (1): ReLU()
    (2): Linear(in_features=256, out_features=128, bias=True)
  )
)
2025-03-06 00:17:38,502 | INFO : CSL(
  (shapelets_euclidean): ShapeletsDistBlocks(
    (blocks): ModuleList(
      (0-7): 8 x MinEuclideanDistBlock()
    )
  )
  (shapelets_cosine): ShapeletsDistBlocks(
    (blocks): ModuleList(
      (0-7): 8 x MaxCosineSimilarityBlock(
        (relu): ReLU()
      )
    )
  )
  (shapelets_cross_correlation): ShapeletsDistBlocks(
    (blocks): ModuleList(
      (0): MaxCrossCorrelationBlock(
        (shapelets): Conv1d(6, 14, kernel_size=(10,), stride=(1,))
      )
      (1): MaxCrossCorrelationBlock(
        (shapelets): Conv1d(6, 14, kernel_size=(20,), stride=(1,))
      )
      (2): MaxCrossCorrelationBlock(
        (shapelets): Conv1d(6, 14, kernel_size=(30,), stride=(1,))
      )
      (3): MaxCrossCorrelationBlock(
        (shapelets): Conv1d(6, 14, kernel_size=(40,), stride=(1,))
      )
      (4): MaxCrossCorrelationBlock(
        (shapelets): Conv1d(6, 14, kernel_size=(50,), stride=(1,))
      )
      (5): MaxCrossCorrelationBlock(
        (shapelets): Conv1d(6, 14, kernel_size=(60,), stride=(1,))
      )
      (6): MaxCrossCorrelationBlock(
        (shapelets): Conv1d(6, 14, kernel_size=(70,), stride=(1,))
      )
      (7): MaxCrossCorrelationBlock(
        (shapelets): Conv1d(6, 14, kernel_size=(80,), stride=(1,))
      )
    )
  )
  (linear): Linear(in_features=320, out_features=2, bias=True)
  (projection): Sequential(
    (0): BatchNorm1d(320, eps=1e-05, momentum=0.1, affine=True, track_running_stats=True)
  )
  (bn1): BatchNorm1d(104, eps=1e-05, momentum=0.1, affine=True, track_running_stats=True)
  (bn2): BatchNorm1d(104, eps=1e-05, momentum=0.1, affine=True, track_running_stats=True)
  (bn3): BatchNorm1d(112, eps=1e-05, momentum=0.1, affine=True, track_running_stats=True)
  (projection2): Sequential(
    (0): Linear(in_features=320, out_features=256, bias=True)
    (1): ReLU()
    (2): Linear(in_features=256, out_features=128, bias=True)
  )
)
2025-03-06 00:17:38,502 | INFO : CSL(
  (shapelets_euclidean): ShapeletsDistBlocks(
    (blocks): ModuleList(
      (0-7): 8 x MinEuclideanDistBlock()
    )
  )
  (shapelets_cosine): ShapeletsDistBlocks(
    (blocks): ModuleList(
      (0-7): 8 x MaxCosineSimilarityBlock(
        (relu): ReLU()
      )
    )
  )
  (shapelets_cross_correlation): ShapeletsDistBlocks(
    (blocks): ModuleList(
      (0): MaxCrossCorrelationBlock(
        (shapelets): Conv1d(6, 14, kernel_size=(10,), stride=(1,))
      )
      (1): MaxCrossCorrelationBlock(
        (shapelets): Conv1d(6, 14, kernel_size=(20,), stride=(1,))
      )
      (2): MaxCrossCorrelationBlock(
        (shapelets): Conv1d(6, 14, kernel_size=(30,), stride=(1,))
      )
      (3): MaxCrossCorrelationBlock(
        (shapelets): Conv1d(6, 14, kernel_size=(40,), stride=(1,))
      )
      (4): MaxCrossCorrelationBlock(
        (shapelets): Conv1d(6, 14, kernel_size=(50,), stride=(1,))
      )
      (5): MaxCrossCorrelationBlock(
        (shapelets): Conv1d(6, 14, kernel_size=(60,), stride=(1,))
      )
      (6): MaxCrossCorrelationBlock(
        (shapelets): Conv1d(6, 14, kernel_size=(70,), stride=(1,))
      )
      (7): MaxCrossCorrelationBlock(
        (shapelets): Conv1d(6, 14, kernel_size=(80,), stride=(1,))
      )
    )
  )
  (linear): Linear(in_features=320, out_features=2, bias=True)
  (projection): Sequential(
    (0): BatchNorm1d(320, eps=1e-05, momentum=0.1, affine=True, track_running_stats=True)
  )
  (bn1): BatchNorm1d(104, eps=1e-05, momentum=0.1, affine=True, track_running_stats=True)
  (bn2): BatchNorm1d(104, eps=1e-05, momentum=0.1, affine=True, track_running_stats=True)
  (bn3): BatchNorm1d(112, eps=1e-05, momentum=0.1, affine=True, track_running_stats=True)
  (projection2): Sequential(
    (0): Linear(in_features=320, out_features=256, bias=True)
    (1): ReLU()
    (2): Linear(in_features=256, out_features=128, bias=True)
  )
)
2025-03-06 00:17:38,502 | INFO : CSL(
  (shapelets_euclidean): ShapeletsDistBlocks(
    (blocks): ModuleList(
      (0-7): 8 x MinEuclideanDistBlock()
    )
  )
  (shapelets_cosine): ShapeletsDistBlocks(
    (blocks): ModuleList(
      (0-7): 8 x MaxCosineSimilarityBlock(
        (relu): ReLU()
      )
    )
  )
  (shapelets_cross_correlation): ShapeletsDistBlocks(
    (blocks): ModuleList(
      (0): MaxCrossCorrelationBlock(
        (shapelets): Conv1d(6, 14, kernel_size=(10,), stride=(1,))
      )
      (1): MaxCrossCorrelationBlock(
        (shapelets): Conv1d(6, 14, kernel_size=(20,), stride=(1,))
      )
      (2): MaxCrossCorrelationBlock(
        (shapelets): Conv1d(6, 14, kernel_size=(30,), stride=(1,))
      )
      (3): MaxCrossCorrelationBlock(
        (shapelets): Conv1d(6, 14, kernel_size=(40,), stride=(1,))
      )
      (4): MaxCrossCorrelationBlock(
        (shapelets): Conv1d(6, 14, kernel_size=(50,), stride=(1,))
      )
      (5): MaxCrossCorrelationBlock(
        (shapelets): Conv1d(6, 14, kernel_size=(60,), stride=(1,))
      )
      (6): MaxCrossCorrelationBlock(
        (shapelets): Conv1d(6, 14, kernel_size=(70,), stride=(1,))
      )
      (7): MaxCrossCorrelationBlock(
        (shapelets): Conv1d(6, 14, kernel_size=(80,), stride=(1,))
      )
    )
  )
  (linear): Linear(in_features=320, out_features=2, bias=True)
  (projection): Sequential(
    (0): BatchNorm1d(320, eps=1e-05, momentum=0.1, affine=True, track_running_stats=True)
  )
  (bn1): BatchNorm1d(104, eps=1e-05, momentum=0.1, affine=True, track_running_stats=True)
  (bn2): BatchNorm1d(104, eps=1e-05, momentum=0.1, affine=True, track_running_stats=True)
  (bn3): BatchNorm1d(112, eps=1e-05, momentum=0.1, affine=True, track_running_stats=True)
  (projection2): Sequential(
    (0): Linear(in_features=320, out_features=256, bias=True)
    (1): ReLU()
    (2): Linear(in_features=256, out_features=128, bias=True)
  )
)
2025-03-06 00:17:38,502 | INFO : CSL(
  (shapelets_euclidean): ShapeletsDistBlocks(
    (blocks): ModuleList(
      (0-7): 8 x MinEuclideanDistBlock()
    )
  )
  (shapelets_cosine): ShapeletsDistBlocks(
    (blocks): ModuleList(
      (0-7): 8 x MaxCosineSimilarityBlock(
        (relu): ReLU()
      )
    )
  )
  (shapelets_cross_correlation): ShapeletsDistBlocks(
    (blocks): ModuleList(
      (0): MaxCrossCorrelationBlock(
        (shapelets): Conv1d(6, 14, kernel_size=(10,), stride=(1,))
      )
      (1): MaxCrossCorrelationBlock(
        (shapelets): Conv1d(6, 14, kernel_size=(20,), stride=(1,))
      )
      (2): MaxCrossCorrelationBlock(
        (shapelets): Conv1d(6, 14, kernel_size=(30,), stride=(1,))
      )
      (3): MaxCrossCorrelationBlock(
        (shapelets): Conv1d(6, 14, kernel_size=(40,), stride=(1,))
      )
      (4): MaxCrossCorrelationBlock(
        (shapelets): Conv1d(6, 14, kernel_size=(50,), stride=(1,))
      )
      (5): MaxCrossCorrelationBlock(
        (shapelets): Conv1d(6, 14, kernel_size=(60,), stride=(1,))
      )
      (6): MaxCrossCorrelationBlock(
        (shapelets): Conv1d(6, 14, kernel_size=(70,), stride=(1,))
      )
      (7): MaxCrossCorrelationBlock(
        (shapelets): Conv1d(6, 14, kernel_size=(80,), stride=(1,))
      )
    )
  )
  (linear): Linear(in_features=320, out_features=2, bias=True)
  (projection): Sequential(
    (0): BatchNorm1d(320, eps=1e-05, momentum=0.1, affine=True, track_running_stats=True)
  )
  (bn1): BatchNorm1d(104, eps=1e-05, momentum=0.1, affine=True, track_running_stats=True)
  (bn2): BatchNorm1d(104, eps=1e-05, momentum=0.1, affine=True, track_running_stats=True)
  (bn3): BatchNorm1d(112, eps=1e-05, momentum=0.1, affine=True, track_running_stats=True)
  (projection2): Sequential(
    (0): Linear(in_features=320, out_features=256, bias=True)
    (1): ReLU()
    (2): Linear(in_features=256, out_features=128, bias=True)
  )
)
2025-03-06 00:17:38,562 | INFO : train_ds length: 40, valid_ds length: 40
2025-03-06 00:17:38,562 | INFO : train_ds length: 40, valid_ds length: 40
2025-03-06 00:17:38,562 | INFO : train_ds length: 40, valid_ds length: 40
2025-03-06 00:17:38,562 | INFO : train_ds length: 40, valid_ds length: 40
2025-03-06 00:17:38,562 | INFO : train_ds length: 40, valid_ds length: 40
2025-03-06 00:17:38,562 | INFO : train_ds length: 40, valid_ds length: 40
2025-03-06 00:17:38,562 | INFO : train_ds length: 40, valid_ds length: 40
2025-03-06 00:17:38,562 | INFO : train_ds length: 40, valid_ds length: 40
2025-03-06 00:17:38,562 | INFO : train_ds length: 40, valid_ds length: 40
2025-03-06 00:17:38,562 | INFO : train_ds length: 40, valid_ds length: 40
2025-03-06 00:17:38,562 | INFO : train_ds length: 40, valid_ds length: 40
2025-03-06 00:17:38,562 | INFO : train_ds length: 40, valid_ds length: 40
2025-03-06 00:17:38,562 | INFO : train_ds length: 40, valid_ds length: 40
2025-03-06 00:17:38,562 | INFO : train_ds length: 40, valid_ds length: 40
2025-03-06 00:17:38,562 | INFO : train_ds length: 40, valid_ds length: 40
2025-03-06 00:17:38,562 | INFO : train_ds length: 40, valid_ds length: 40
2025-03-06 00:18:43,363 | INFO : train_ds length: 40, valid_ds length: 40
2025-03-06 00:18:45,525 | INFO : Evaluating on validation set ...
2025-03-06 00:18:45,896 | INFO : Validation runtime: 0.0 hours, 0.0 minutes, 0.3691396713256836 seconds

2025-03-06 00:18:45,897 | INFO : Avg val. time: 0.0 hours, 0.0 minutes, 0.3691396713256836 seconds
2025-03-06 00:18:45,899 | INFO : Avg batch val. time: 0.00922849178314209 seconds
2025-03-06 00:18:45,900 | INFO : Avg sample val. time: 0.00922849178314209 seconds
2025-03-06 00:18:45,901 | INFO : Epoch 0 Validation Summary: epoch: 0.000000 | loss: 1.382319 | 
2025-03-06 00:18:45,952 | INFO : Evaluating on validation set ...
2025-03-06 00:18:46,283 | INFO : Validation runtime: 0.0 hours, 0.0 minutes, 0.3294031620025635 seconds

2025-03-06 00:18:46,284 | INFO : Avg val. time: 0.0 hours, 0.0 minutes, 0.34927141666412354 seconds
2025-03-06 00:18:46,286 | INFO : Avg batch val. time: 0.008731785416603088 seconds
2025-03-06 00:18:46,287 | INFO : Avg sample val. time: 0.008731785416603088 seconds
2025-03-06 00:18:46,288 | INFO : Epoch 1 Validation Summary: epoch: 1.000000 | loss: 1.128462 | 
2025-03-06 00:18:46,335 | INFO : Evaluating on validation set ...
2025-03-06 00:18:46,674 | INFO : Validation runtime: 0.0 hours, 0.0 minutes, 0.3373911380767822 seconds

2025-03-06 00:18:46,676 | INFO : Avg val. time: 0.0 hours, 0.0 minutes, 0.34531132380167645 seconds
2025-03-06 00:18:46,677 | INFO : Avg batch val. time: 0.008632783095041912 seconds
2025-03-06 00:18:46,678 | INFO : Avg sample val. time: 0.008632783095041912 seconds
2025-03-06 00:18:46,680 | INFO : Epoch 2 Validation Summary: epoch: 2.000000 | loss: 1.024686 | 
2025-03-06 00:18:46,731 | INFO : Evaluating on validation set ...
2025-03-06 00:18:47,061 | INFO : Validation runtime: 0.0 hours, 0.0 minutes, 0.32912135124206543 seconds

2025-03-06 00:18:47,063 | INFO : Avg val. time: 0.0 hours, 0.0 minutes, 0.3412638306617737 seconds
2025-03-06 00:18:47,064 | INFO : Avg batch val. time: 0.008531595766544341 seconds
2025-03-06 00:18:47,066 | INFO : Avg sample val. time: 0.008531595766544341 seconds
2025-03-06 00:18:47,067 | INFO : Epoch 3 Validation Summary: epoch: 3.000000 | loss: 0.982773 | 
2025-03-06 00:18:47,113 | INFO : Evaluating on validation set ...
2025-03-06 00:18:47,445 | INFO : Validation runtime: 0.0 hours, 0.0 minutes, 0.3301429748535156 seconds

2025-03-06 00:18:47,447 | INFO : Avg val. time: 0.0 hours, 0.0 minutes, 0.33903965950012205 seconds
2025-03-06 00:18:47,448 | INFO : Avg batch val. time: 0.00847599148750305 seconds
2025-03-06 00:18:47,449 | INFO : Avg sample val. time: 0.00847599148750305 seconds
2025-03-06 00:18:47,451 | INFO : Epoch 4 Validation Summary: epoch: 4.000000 | loss: 0.962323 | 
2025-03-06 00:18:47,493 | INFO : Evaluating on validation set ...
2025-03-06 00:18:47,825 | INFO : Validation runtime: 0.0 hours, 0.0 minutes, 0.3303532600402832 seconds

2025-03-06 00:18:47,826 | INFO : Avg val. time: 0.0 hours, 0.0 minutes, 0.3375919262568156 seconds
2025-03-06 00:18:47,827 | INFO : Avg batch val. time: 0.00843979815642039 seconds
2025-03-06 00:18:47,829 | INFO : Avg sample val. time: 0.00843979815642039 seconds
2025-03-06 00:18:47,830 | INFO : Epoch 5 Validation Summary: epoch: 5.000000 | loss: 0.947881 | 
2025-03-06 00:18:47,878 | INFO : Evaluating on validation set ...
2025-03-06 00:18:48,213 | INFO : Validation runtime: 0.0 hours, 0.0 minutes, 0.33408617973327637 seconds

2025-03-06 00:18:48,215 | INFO : Avg val. time: 0.0 hours, 0.0 minutes, 0.3370911053248814 seconds
2025-03-06 00:18:48,217 | INFO : Avg batch val. time: 0.008427277633122034 seconds
2025-03-06 00:18:48,218 | INFO : Avg sample val. time: 0.008427277633122034 seconds
2025-03-06 00:18:48,219 | INFO : Epoch 6 Validation Summary: epoch: 6.000000 | loss: 0.935233 | 
2025-03-06 00:18:48,283 | INFO : Evaluating on validation set ...
2025-03-06 00:18:48,615 | INFO : Validation runtime: 0.0 hours, 0.0 minutes, 0.33066773414611816 seconds

2025-03-06 00:18:48,617 | INFO : Avg val. time: 0.0 hours, 0.0 minutes, 0.336288183927536 seconds
2025-03-06 00:18:48,618 | INFO : Avg batch val. time: 0.0084072045981884 seconds
2025-03-06 00:18:48,619 | INFO : Avg sample val. time: 0.0084072045981884 seconds
2025-03-06 00:18:48,621 | INFO : Epoch 7 Validation Summary: epoch: 7.000000 | loss: 0.923677 | 
2025-03-06 00:18:48,668 | INFO : Evaluating on validation set ...
2025-03-06 00:18:48,999 | INFO : Validation runtime: 0.0 hours, 0.0 minutes, 0.33017969131469727 seconds

2025-03-06 00:18:49,001 | INFO : Avg val. time: 0.0 hours, 0.0 minutes, 0.33560946252610946 seconds
2025-03-06 00:18:49,002 | INFO : Avg batch val. time: 0.008390236563152737 seconds
2025-03-06 00:18:49,003 | INFO : Avg sample val. time: 0.008390236563152737 seconds
2025-03-06 00:18:49,005 | INFO : Epoch 8 Validation Summary: epoch: 8.000000 | loss: 0.914115 | 
2025-03-06 00:18:49,052 | INFO : Evaluating on validation set ...
2025-03-06 00:18:49,391 | INFO : Validation runtime: 0.0 hours, 0.0 minutes, 0.337374210357666 seconds

2025-03-06 00:18:49,392 | INFO : Avg val. time: 0.0 hours, 0.0 minutes, 0.33578593730926515 seconds
2025-03-06 00:18:49,394 | INFO : Avg batch val. time: 0.00839464843273163 seconds
2025-03-06 00:18:49,395 | INFO : Avg sample val. time: 0.00839464843273163 seconds
2025-03-06 00:18:49,396 | INFO : Epoch 9 Validation Summary: epoch: 9.000000 | loss: 0.907628 | 
2025-03-06 00:18:49,444 | INFO : Evaluating on validation set ...
2025-03-06 00:18:49,771 | INFO : Validation runtime: 0.0 hours, 0.0 minutes, 0.32584643363952637 seconds

2025-03-06 00:18:49,772 | INFO : Avg val. time: 0.0 hours, 0.0 minutes, 0.3348823460665616 seconds
2025-03-06 00:18:49,774 | INFO : Avg batch val. time: 0.00837205865166404 seconds
2025-03-06 00:18:49,775 | INFO : Avg sample val. time: 0.00837205865166404 seconds
2025-03-06 00:18:49,776 | INFO : Epoch 10 Validation Summary: epoch: 10.000000 | loss: 0.904550 | 
2025-03-06 00:18:49,823 | INFO : Evaluating on validation set ...
2025-03-06 00:18:50,156 | INFO : Validation runtime: 0.0 hours, 0.0 minutes, 0.3311326503753662 seconds

2025-03-06 00:18:50,157 | INFO : Avg val. time: 0.0 hours, 0.0 minutes, 0.33456987142562866 seconds
2025-03-06 00:18:50,159 | INFO : Avg batch val. time: 0.008364246785640716 seconds
2025-03-06 00:18:50,160 | INFO : Avg sample val. time: 0.008364246785640716 seconds
2025-03-06 00:18:50,161 | INFO : Epoch 11 Validation Summary: epoch: 11.000000 | loss: 0.904481 | 
2025-03-06 00:18:50,208 | INFO : Evaluating on validation set ...
2025-03-06 00:18:50,551 | INFO : Validation runtime: 0.0 hours, 0.0 minutes, 0.3414125442504883 seconds

2025-03-06 00:18:50,553 | INFO : Avg val. time: 0.0 hours, 0.0 minutes, 0.3350962308736948 seconds
2025-03-06 00:18:50,554 | INFO : Avg batch val. time: 0.008377405771842369 seconds
2025-03-06 00:18:50,555 | INFO : Avg sample val. time: 0.008377405771842369 seconds
2025-03-06 00:18:50,556 | INFO : Epoch 12 Validation Summary: epoch: 12.000000 | loss: 0.906599 | 
2025-03-06 00:18:50,587 | INFO : Evaluating on validation set ...
2025-03-06 00:18:50,912 | INFO : Validation runtime: 0.0 hours, 0.0 minutes, 0.32308459281921387 seconds

2025-03-06 00:18:50,913 | INFO : Avg val. time: 0.0 hours, 0.0 minutes, 0.3342382567269461 seconds
2025-03-06 00:18:50,915 | INFO : Avg batch val. time: 0.008355956418173653 seconds
2025-03-06 00:18:50,916 | INFO : Avg sample val. time: 0.008355956418173653 seconds
2025-03-06 00:18:50,917 | INFO : Epoch 13 Validation Summary: epoch: 13.000000 | loss: 0.910430 | 
2025-03-06 00:18:50,948 | INFO : Evaluating on validation set ...
2025-03-06 00:18:51,276 | INFO : Validation runtime: 0.0 hours, 0.0 minutes, 0.3261837959289551 seconds

2025-03-06 00:18:51,277 | INFO : Avg val. time: 0.0 hours, 0.0 minutes, 0.33370129267374676 seconds
2025-03-06 00:18:51,278 | INFO : Avg batch val. time: 0.008342532316843669 seconds
2025-03-06 00:18:51,280 | INFO : Avg sample val. time: 0.008342532316843669 seconds
2025-03-06 00:18:51,281 | INFO : Epoch 14 Validation Summary: epoch: 14.000000 | loss: 0.915209 | 
2025-03-06 00:18:51,312 | INFO : Evaluating on validation set ...
2025-03-06 00:18:51,644 | INFO : Validation runtime: 0.0 hours, 0.0 minutes, 0.33121323585510254 seconds

2025-03-06 00:18:51,646 | INFO : Avg val. time: 0.0 hours, 0.0 minutes, 0.3335457891225815 seconds
2025-03-06 00:18:51,647 | INFO : Avg batch val. time: 0.008338644728064537 seconds
2025-03-06 00:18:51,648 | INFO : Avg sample val. time: 0.008338644728064537 seconds
2025-03-06 00:18:51,649 | INFO : Epoch 15 Validation Summary: epoch: 15.000000 | loss: 0.919958 | 
2025-03-06 00:18:51,680 | INFO : Evaluating on validation set ...
2025-03-06 00:18:52,006 | INFO : Validation runtime: 0.0 hours, 0.0 minutes, 0.32395172119140625 seconds

2025-03-06 00:18:52,007 | INFO : Avg val. time: 0.0 hours, 0.0 minutes, 0.3329814321854535 seconds
2025-03-06 00:18:52,009 | INFO : Avg batch val. time: 0.008324535804636338 seconds
2025-03-06 00:18:52,010 | INFO : Avg sample val. time: 0.008324535804636338 seconds
2025-03-06 00:18:52,011 | INFO : Epoch 16 Validation Summary: epoch: 16.000000 | loss: 0.924580 | 
2025-03-06 00:18:52,042 | INFO : Evaluating on validation set ...
2025-03-06 00:18:52,371 | INFO : Validation runtime: 0.0 hours, 0.0 minutes, 0.32825613021850586 seconds

2025-03-06 00:18:52,373 | INFO : Avg val. time: 0.0 hours, 0.0 minutes, 0.332718915409512 seconds
2025-03-06 00:18:52,374 | INFO : Avg batch val. time: 0.0083179728852378 seconds
2025-03-06 00:18:52,375 | INFO : Avg sample val. time: 0.0083179728852378 seconds
2025-03-06 00:18:52,377 | INFO : Epoch 17 Validation Summary: epoch: 17.000000 | loss: 0.928818 | 
2025-03-06 00:18:52,407 | INFO : Evaluating on validation set ...
2025-03-06 00:18:52,747 | INFO : Validation runtime: 0.0 hours, 0.0 minutes, 0.33861780166625977 seconds

2025-03-06 00:18:52,749 | INFO : Avg val. time: 0.0 hours, 0.0 minutes, 0.33302938310723557 seconds
2025-03-06 00:18:52,750 | INFO : Avg batch val. time: 0.008325734577680889 seconds
2025-03-06 00:18:52,751 | INFO : Avg sample val. time: 0.008325734577680889 seconds
2025-03-06 00:18:52,753 | INFO : Epoch 18 Validation Summary: epoch: 18.000000 | loss: 0.932520 | 
2025-03-06 00:18:52,782 | INFO : Evaluating on validation set ...
2025-03-06 00:18:53,112 | INFO : Validation runtime: 0.0 hours, 0.0 minutes, 0.32871532440185547 seconds

2025-03-06 00:18:53,114 | INFO : Avg val. time: 0.0 hours, 0.0 minutes, 0.33281368017196655 seconds
2025-03-06 00:18:53,115 | INFO : Avg batch val. time: 0.008320342004299163 seconds
2025-03-06 00:18:53,116 | INFO : Avg sample val. time: 0.008320342004299163 seconds
2025-03-06 00:18:53,117 | INFO : Epoch 19 Validation Summary: epoch: 19.000000 | loss: 0.935832 | 
2025-03-06 00:18:53,148 | INFO : Evaluating on validation set ...
2025-03-06 00:18:53,474 | INFO : Validation runtime: 0.0 hours, 0.0 minutes, 0.32483530044555664 seconds

2025-03-06 00:18:53,476 | INFO : Avg val. time: 0.0 hours, 0.0 minutes, 0.3324337573278518 seconds
2025-03-06 00:18:53,477 | INFO : Avg batch val. time: 0.008310843933196295 seconds
2025-03-06 00:18:53,478 | INFO : Avg sample val. time: 0.008310843933196295 seconds
2025-03-06 00:18:53,479 | INFO : Epoch 20 Validation Summary: epoch: 20.000000 | loss: 0.938782 | 
2025-03-06 00:18:53,510 | INFO : Evaluating on validation set ...
2025-03-06 00:18:53,837 | INFO : Validation runtime: 0.0 hours, 0.0 minutes, 0.32633376121520996 seconds

2025-03-06 00:18:53,839 | INFO : Avg val. time: 0.0 hours, 0.0 minutes, 0.33215648477727716 seconds
2025-03-06 00:18:53,840 | INFO : Avg batch val. time: 0.00830391211943193 seconds
2025-03-06 00:18:53,841 | INFO : Avg sample val. time: 0.00830391211943193 seconds
2025-03-06 00:18:53,842 | INFO : Epoch 21 Validation Summary: epoch: 21.000000 | loss: 0.941779 | 
2025-03-06 00:18:53,873 | INFO : Evaluating on validation set ...
2025-03-06 00:18:54,209 | INFO : Validation runtime: 0.0 hours, 0.0 minutes, 0.33431243896484375 seconds

2025-03-06 00:18:54,210 | INFO : Avg val. time: 0.0 hours, 0.0 minutes, 0.332250221915867 seconds
2025-03-06 00:18:54,212 | INFO : Avg batch val. time: 0.008306255547896674 seconds
2025-03-06 00:18:54,213 | INFO : Avg sample val. time: 0.008306255547896674 seconds
2025-03-06 00:18:54,214 | INFO : Epoch 22 Validation Summary: epoch: 22.000000 | loss: 0.944546 | 
2025-03-06 00:18:54,245 | INFO : Evaluating on validation set ...
2025-03-06 00:18:54,572 | INFO : Validation runtime: 0.0 hours, 0.0 minutes, 0.3258531093597412 seconds

2025-03-06 00:18:54,573 | INFO : Avg val. time: 0.0 hours, 0.0 minutes, 0.33198367555936176 seconds
2025-03-06 00:18:54,574 | INFO : Avg batch val. time: 0.008299591888984045 seconds
2025-03-06 00:18:54,575 | INFO : Avg sample val. time: 0.008299591888984045 seconds
2025-03-06 00:18:54,576 | INFO : Epoch 23 Validation Summary: epoch: 23.000000 | loss: 0.947035 | 
2025-03-06 00:18:54,607 | INFO : Evaluating on validation set ...
2025-03-06 00:18:54,936 | INFO : Validation runtime: 0.0 hours, 0.0 minutes, 0.32726597785949707 seconds

2025-03-06 00:18:54,937 | INFO : Avg val. time: 0.0 hours, 0.0 minutes, 0.3317949676513672 seconds
2025-03-06 00:18:54,938 | INFO : Avg batch val. time: 0.00829487419128418 seconds
2025-03-06 00:18:54,939 | INFO : Avg sample val. time: 0.00829487419128418 seconds
2025-03-06 00:18:54,940 | INFO : Epoch 24 Validation Summary: epoch: 24.000000 | loss: 0.949286 | 
2025-03-06 00:18:54,971 | INFO : Evaluating on validation set ...
2025-03-06 00:18:55,302 | INFO : Validation runtime: 0.0 hours, 0.0 minutes, 0.3302481174468994 seconds

2025-03-06 00:18:55,304 | INFO : Avg val. time: 0.0 hours, 0.0 minutes, 0.3317354734127338 seconds
2025-03-06 00:18:55,305 | INFO : Avg batch val. time: 0.008293386835318346 seconds
2025-03-06 00:18:55,306 | INFO : Avg sample val. time: 0.008293386835318346 seconds
2025-03-06 00:18:55,307 | INFO : Epoch 25 Validation Summary: epoch: 25.000000 | loss: 0.951297 | 
2025-03-06 00:18:55,337 | INFO : Evaluating on validation set ...
2025-03-06 00:18:55,670 | INFO : Validation runtime: 0.0 hours, 0.0 minutes, 0.33179569244384766 seconds

2025-03-06 00:18:55,672 | INFO : Avg val. time: 0.0 hours, 0.0 minutes, 0.3317377037472195 seconds
2025-03-06 00:18:55,673 | INFO : Avg batch val. time: 0.008293442593680488 seconds
2025-03-06 00:18:55,674 | INFO : Avg sample val. time: 0.008293442593680488 seconds
2025-03-06 00:18:55,675 | INFO : Epoch 26 Validation Summary: epoch: 26.000000 | loss: 0.953152 | 
2025-03-06 00:18:55,706 | INFO : Evaluating on validation set ...
2025-03-06 00:18:56,044 | INFO : Validation runtime: 0.0 hours, 0.0 minutes, 0.3366701602935791 seconds

2025-03-06 00:18:56,046 | INFO : Avg val. time: 0.0 hours, 0.0 minutes, 0.3319138629095895 seconds
2025-03-06 00:18:56,047 | INFO : Avg batch val. time: 0.008297846572739739 seconds
2025-03-06 00:18:56,048 | INFO : Avg sample val. time: 0.008297846572739739 seconds
2025-03-06 00:18:56,050 | INFO : Epoch 27 Validation Summary: epoch: 27.000000 | loss: 0.954887 | 
2025-03-06 00:18:56,082 | INFO : Evaluating on validation set ...
2025-03-06 00:18:56,414 | INFO : Validation runtime: 0.0 hours, 0.0 minutes, 0.330963134765625 seconds

2025-03-06 00:18:56,415 | INFO : Avg val. time: 0.0 hours, 0.0 minutes, 0.33188107918048726 seconds
2025-03-06 00:18:56,417 | INFO : Avg batch val. time: 0.008297026979512182 seconds
2025-03-06 00:18:56,418 | INFO : Avg sample val. time: 0.008297026979512182 seconds
2025-03-06 00:18:56,419 | INFO : Epoch 28 Validation Summary: epoch: 28.000000 | loss: 0.956439 | 
2025-03-06 00:18:56,449 | INFO : Evaluating on validation set ...
2025-03-06 00:18:56,772 | INFO : Validation runtime: 0.0 hours, 0.0 minutes, 0.32184791564941406 seconds

2025-03-06 00:18:56,774 | INFO : Avg val. time: 0.0 hours, 0.0 minutes, 0.33154664039611814 seconds
2025-03-06 00:18:56,775 | INFO : Avg batch val. time: 0.008288666009902954 seconds
2025-03-06 00:18:56,776 | INFO : Avg sample val. time: 0.008288666009902954 seconds
2025-03-06 00:18:56,777 | INFO : Epoch 29 Validation Summary: epoch: 29.000000 | loss: 0.957923 | 
2025-03-06 00:18:56,807 | INFO : Evaluating on validation set ...
2025-03-06 00:18:57,138 | INFO : Validation runtime: 0.0 hours, 0.0 minutes, 0.329404354095459 seconds

2025-03-06 00:18:57,140 | INFO : Avg val. time: 0.0 hours, 0.0 minutes, 0.33147753438641947 seconds
2025-03-06 00:18:57,141 | INFO : Avg batch val. time: 0.008286938359660486 seconds
2025-03-06 00:18:57,142 | INFO : Avg sample val. time: 0.008286938359660486 seconds
2025-03-06 00:18:57,143 | INFO : Epoch 30 Validation Summary: epoch: 30.000000 | loss: 0.959250 | 
2025-03-06 00:18:57,174 | INFO : Evaluating on validation set ...
2025-03-06 00:18:57,511 | INFO : Validation runtime: 0.0 hours, 0.0 minutes, 0.33595776557922363 seconds

2025-03-06 00:18:57,512 | INFO : Avg val. time: 0.0 hours, 0.0 minutes, 0.3316175416111946 seconds
2025-03-06 00:18:57,513 | INFO : Avg batch val. time: 0.008290438540279865 seconds
2025-03-06 00:18:57,515 | INFO : Avg sample val. time: 0.008290438540279865 seconds
2025-03-06 00:18:57,516 | INFO : Epoch 31 Validation Summary: epoch: 31.000000 | loss: 0.960435 | 
2025-03-06 00:18:57,546 | INFO : Evaluating on validation set ...
2025-03-06 00:18:57,877 | INFO : Validation runtime: 0.0 hours, 0.0 minutes, 0.33003664016723633 seconds

2025-03-06 00:18:57,879 | INFO : Avg val. time: 0.0 hours, 0.0 minutes, 0.3315696355068322 seconds
2025-03-06 00:18:57,880 | INFO : Avg batch val. time: 0.008289240887670805 seconds
2025-03-06 00:18:57,881 | INFO : Avg sample val. time: 0.008289240887670805 seconds
2025-03-06 00:18:57,882 | INFO : Epoch 32 Validation Summary: epoch: 32.000000 | loss: 0.961355 | 
2025-03-06 00:18:57,912 | INFO : Evaluating on validation set ...
2025-03-06 00:18:58,240 | INFO : Validation runtime: 0.0 hours, 0.0 minutes, 0.3265812397003174 seconds

2025-03-06 00:18:58,242 | INFO : Avg val. time: 0.0 hours, 0.0 minutes, 0.3314229179831112 seconds
2025-03-06 00:18:58,243 | INFO : Avg batch val. time: 0.008285572949577779 seconds
2025-03-06 00:18:58,244 | INFO : Avg sample val. time: 0.008285572949577779 seconds
2025-03-06 00:18:58,245 | INFO : Epoch 33 Validation Summary: epoch: 33.000000 | loss: 0.961969 | 
2025-03-06 00:18:58,275 | INFO : Evaluating on validation set ...
2025-03-06 00:18:58,614 | INFO : Validation runtime: 0.0 hours, 0.0 minutes, 0.33695459365844727 seconds

2025-03-06 00:18:58,615 | INFO : Avg val. time: 0.0 hours, 0.0 minutes, 0.3315809658595494 seconds
2025-03-06 00:18:58,616 | INFO : Avg batch val. time: 0.008289524146488734 seconds
2025-03-06 00:18:58,617 | INFO : Avg sample val. time: 0.008289524146488734 seconds
2025-03-06 00:18:58,618 | INFO : Epoch 34 Validation Summary: epoch: 34.000000 | loss: 0.962405 | 
2025-03-06 00:18:58,649 | INFO : Evaluating on validation set ...
2025-03-06 00:18:58,978 | INFO : Validation runtime: 0.0 hours, 0.0 minutes, 0.32729148864746094 seconds

2025-03-06 00:18:58,979 | INFO : Avg val. time: 0.0 hours, 0.0 minutes, 0.3314618137147691 seconds
2025-03-06 00:18:58,981 | INFO : Avg batch val. time: 0.008286545342869229 seconds
2025-03-06 00:18:58,982 | INFO : Avg sample val. time: 0.008286545342869229 seconds
2025-03-06 00:18:58,983 | INFO : Epoch 35 Validation Summary: epoch: 35.000000 | loss: 0.962851 | 
2025-03-06 00:18:59,013 | INFO : Evaluating on validation set ...
2025-03-06 00:18:59,336 | INFO : Validation runtime: 0.0 hours, 0.0 minutes, 0.3222489356994629 seconds

2025-03-06 00:18:59,338 | INFO : Avg val. time: 0.0 hours, 0.0 minutes, 0.3312128170116528 seconds
2025-03-06 00:18:59,339 | INFO : Avg batch val. time: 0.00828032042529132 seconds
2025-03-06 00:18:59,340 | INFO : Avg sample val. time: 0.00828032042529132 seconds
2025-03-06 00:18:59,341 | INFO : Epoch 36 Validation Summary: epoch: 36.000000 | loss: 0.963456 | 
2025-03-06 00:18:59,371 | INFO : Evaluating on validation set ...
2025-03-06 00:18:59,699 | INFO : Validation runtime: 0.0 hours, 0.0 minutes, 0.3259599208831787 seconds

2025-03-06 00:18:59,700 | INFO : Avg val. time: 0.0 hours, 0.0 minutes, 0.33107458290300873 seconds
2025-03-06 00:18:59,701 | INFO : Avg batch val. time: 0.008276864572575218 seconds
2025-03-06 00:18:59,702 | INFO : Avg sample val. time: 0.008276864572575218 seconds
2025-03-06 00:18:59,705 | INFO : Epoch 37 Validation Summary: epoch: 37.000000 | loss: 0.964297 | 
2025-03-06 00:18:59,736 | INFO : Evaluating on validation set ...
2025-03-06 00:19:00,070 | INFO : Validation runtime: 0.0 hours, 0.0 minutes, 0.3324565887451172 seconds

2025-03-06 00:19:00,071 | INFO : Avg val. time: 0.0 hours, 0.0 minutes, 0.3311100189502423 seconds
2025-03-06 00:19:00,073 | INFO : Avg batch val. time: 0.008277750473756057 seconds
2025-03-06 00:19:00,074 | INFO : Avg sample val. time: 0.008277750473756057 seconds
2025-03-06 00:19:00,075 | INFO : Epoch 38 Validation Summary: epoch: 38.000000 | loss: 0.965501 | 
2025-03-06 00:19:00,105 | INFO : Evaluating on validation set ...
2025-03-06 00:19:00,447 | INFO : Validation runtime: 0.0 hours, 0.0 minutes, 0.3404059410095215 seconds

2025-03-06 00:19:00,449 | INFO : Avg val. time: 0.0 hours, 0.0 minutes, 0.33134241700172423 seconds
2025-03-06 00:19:00,450 | INFO : Avg batch val. time: 0.008283560425043105 seconds
2025-03-06 00:19:00,451 | INFO : Avg sample val. time: 0.008283560425043105 seconds
2025-03-06 00:19:00,452 | INFO : Epoch 39 Validation Summary: epoch: 39.000000 | loss: 0.967046 | 
2025-03-06 00:19:00,484 | INFO : Evaluating on validation set ...
2025-03-06 00:19:00,809 | INFO : Validation runtime: 0.0 hours, 0.0 minutes, 0.3236665725708008 seconds

2025-03-06 00:19:00,811 | INFO : Avg val. time: 0.0 hours, 0.0 minutes, 0.33115520128389686 seconds
2025-03-06 00:19:00,812 | INFO : Avg batch val. time: 0.00827888003209742 seconds
2025-03-06 00:19:00,813 | INFO : Avg sample val. time: 0.00827888003209742 seconds
2025-03-06 00:19:00,815 | INFO : Epoch 40 Validation Summary: epoch: 40.000000 | loss: 0.968775 | 
2025-03-06 00:19:00,845 | INFO : Evaluating on validation set ...
2025-03-06 00:19:01,169 | INFO : Validation runtime: 0.0 hours, 0.0 minutes, 0.32263660430908203 seconds

2025-03-06 00:19:01,170 | INFO : Avg val. time: 0.0 hours, 0.0 minutes, 0.3309523775464013 seconds
2025-03-06 00:19:01,171 | INFO : Avg batch val. time: 0.008273809438660032 seconds
2025-03-06 00:19:01,172 | INFO : Avg sample val. time: 0.008273809438660032 seconds
2025-03-06 00:19:01,173 | INFO : Epoch 41 Validation Summary: epoch: 41.000000 | loss: 0.970532 | 
2025-03-06 00:19:01,204 | INFO : Evaluating on validation set ...
2025-03-06 00:19:01,529 | INFO : Validation runtime: 0.0 hours, 0.0 minutes, 0.3245065212249756 seconds

2025-03-06 00:19:01,531 | INFO : Avg val. time: 0.0 hours, 0.0 minutes, 0.33080247391101925 seconds
2025-03-06 00:19:01,532 | INFO : Avg batch val. time: 0.00827006184777548 seconds
2025-03-06 00:19:01,533 | INFO : Avg sample val. time: 0.00827006184777548 seconds
2025-03-06 00:19:01,534 | INFO : Epoch 42 Validation Summary: epoch: 42.000000 | loss: 0.972286 | 
2025-03-06 00:19:01,564 | INFO : Evaluating on validation set ...
2025-03-06 00:19:01,890 | INFO : Validation runtime: 0.0 hours, 0.0 minutes, 0.32480716705322266 seconds

2025-03-06 00:19:01,892 | INFO : Avg val. time: 0.0 hours, 0.0 minutes, 0.33066621693697845 seconds
2025-03-06 00:19:01,893 | INFO : Avg batch val. time: 0.008266655423424462 seconds
2025-03-06 00:19:01,894 | INFO : Avg sample val. time: 0.008266655423424462 seconds
2025-03-06 00:19:01,895 | INFO : Epoch 43 Validation Summary: epoch: 43.000000 | loss: 0.974151 | 
2025-03-06 00:19:01,925 | INFO : Evaluating on validation set ...
2025-03-06 00:19:02,248 | INFO : Validation runtime: 0.0 hours, 0.0 minutes, 0.321624755859375 seconds

2025-03-06 00:19:02,250 | INFO : Avg val. time: 0.0 hours, 0.0 minutes, 0.33046529557969834 seconds
2025-03-06 00:19:02,251 | INFO : Avg batch val. time: 0.008261632389492459 seconds
2025-03-06 00:19:02,252 | INFO : Avg sample val. time: 0.008261632389492459 seconds
2025-03-06 00:19:02,253 | INFO : Epoch 44 Validation Summary: epoch: 44.000000 | loss: 0.976102 | 
2025-03-06 00:19:02,283 | INFO : Evaluating on validation set ...
2025-03-06 00:19:02,613 | INFO : Validation runtime: 0.0 hours, 0.0 minutes, 0.32822442054748535 seconds

2025-03-06 00:19:02,614 | INFO : Avg val. time: 0.0 hours, 0.0 minutes, 0.330416580905085 seconds
2025-03-06 00:19:02,615 | INFO : Avg batch val. time: 0.008260414522627126 seconds
2025-03-06 00:19:02,617 | INFO : Avg sample val. time: 0.008260414522627126 seconds
2025-03-06 00:19:02,618 | INFO : Epoch 45 Validation Summary: epoch: 45.000000 | loss: 0.978101 | 
2025-03-06 00:19:02,648 | INFO : Evaluating on validation set ...
2025-03-06 00:19:02,977 | INFO : Validation runtime: 0.0 hours, 0.0 minutes, 0.3276214599609375 seconds

2025-03-06 00:19:02,978 | INFO : Avg val. time: 0.0 hours, 0.0 minutes, 0.3303571102466989 seconds
2025-03-06 00:19:02,980 | INFO : Avg batch val. time: 0.008258927756167472 seconds
2025-03-06 00:19:02,981 | INFO : Avg sample val. time: 0.008258927756167472 seconds
2025-03-06 00:19:02,982 | INFO : Epoch 46 Validation Summary: epoch: 46.000000 | loss: 0.980140 | 
2025-03-06 00:19:03,012 | INFO : Evaluating on validation set ...
2025-03-06 00:19:03,337 | INFO : Validation runtime: 0.0 hours, 0.0 minutes, 0.3233315944671631 seconds

2025-03-06 00:19:03,338 | INFO : Avg val. time: 0.0 hours, 0.0 minutes, 0.33021074533462524 seconds
2025-03-06 00:19:03,340 | INFO : Avg batch val. time: 0.00825526863336563 seconds
2025-03-06 00:19:03,341 | INFO : Avg sample val. time: 0.00825526863336563 seconds
2025-03-06 00:19:03,342 | INFO : Epoch 47 Validation Summary: epoch: 47.000000 | loss: 0.982227 | 
2025-03-06 00:19:03,372 | INFO : Evaluating on validation set ...
2025-03-06 00:19:03,699 | INFO : Validation runtime: 0.0 hours, 0.0 minutes, 0.3256566524505615 seconds

2025-03-06 00:19:03,700 | INFO : Avg val. time: 0.0 hours, 0.0 minutes, 0.3301178046635219 seconds
2025-03-06 00:19:03,702 | INFO : Avg batch val. time: 0.008252945116588048 seconds
2025-03-06 00:19:03,703 | INFO : Avg sample val. time: 0.008252945116588048 seconds
2025-03-06 00:19:03,704 | INFO : Epoch 48 Validation Summary: epoch: 48.000000 | loss: 0.984284 | 
2025-03-06 00:19:03,734 | INFO : Evaluating on validation set ...
2025-03-06 00:19:04,060 | INFO : Validation runtime: 0.0 hours, 0.0 minutes, 0.3240954875946045 seconds

2025-03-06 00:19:04,061 | INFO : Avg val. time: 0.0 hours, 0.0 minutes, 0.32999735832214355 seconds
2025-03-06 00:19:04,062 | INFO : Avg batch val. time: 0.008249933958053589 seconds
2025-03-06 00:19:04,063 | INFO : Avg sample val. time: 0.008249933958053589 seconds
2025-03-06 00:19:04,064 | INFO : Epoch 49 Validation Summary: epoch: 49.000000 | loss: 0.986305 | 
2025-03-06 00:19:04,095 | INFO : Evaluating on validation set ...
2025-03-06 00:19:04,430 | INFO : Validation runtime: 0.0 hours, 0.0 minutes, 0.3334963321685791 seconds

2025-03-06 00:19:04,431 | INFO : Avg val. time: 0.0 hours, 0.0 minutes, 0.3300659656524658 seconds
2025-03-06 00:19:04,432 | INFO : Avg batch val. time: 0.008251649141311646 seconds
2025-03-06 00:19:04,433 | INFO : Avg sample val. time: 0.008251649141311646 seconds
2025-03-06 00:19:04,435 | INFO : Epoch 50 Validation Summary: epoch: 50.000000 | loss: 0.988341 | 
2025-03-06 00:19:04,465 | INFO : Evaluating on validation set ...
2025-03-06 00:19:04,795 | INFO : Validation runtime: 0.0 hours, 0.0 minutes, 0.3278660774230957 seconds

2025-03-06 00:19:04,796 | INFO : Avg val. time: 0.0 hours, 0.0 minutes, 0.33002366010959333 seconds
2025-03-06 00:19:04,798 | INFO : Avg batch val. time: 0.008250591502739834 seconds
2025-03-06 00:19:04,799 | INFO : Avg sample val. time: 0.008250591502739834 seconds
2025-03-06 00:19:04,800 | INFO : Epoch 51 Validation Summary: epoch: 51.000000 | loss: 0.990387 | 
2025-03-06 00:19:04,831 | INFO : Evaluating on validation set ...
2025-03-06 00:19:05,157 | INFO : Validation runtime: 0.0 hours, 0.0 minutes, 0.3250911235809326 seconds

2025-03-06 00:19:05,159 | INFO : Avg val. time: 0.0 hours, 0.0 minutes, 0.32993059338263747 seconds
2025-03-06 00:19:05,160 | INFO : Avg batch val. time: 0.008248264834565937 seconds
2025-03-06 00:19:05,161 | INFO : Avg sample val. time: 0.008248264834565937 seconds
2025-03-06 00:19:05,162 | INFO : Epoch 52 Validation Summary: epoch: 52.000000 | loss: 0.992411 | 
2025-03-06 00:19:05,192 | INFO : Evaluating on validation set ...
2025-03-06 00:19:05,518 | INFO : Validation runtime: 0.0 hours, 0.0 minutes, 0.3238952159881592 seconds

2025-03-06 00:19:05,519 | INFO : Avg val. time: 0.0 hours, 0.0 minutes, 0.32981882713459154 seconds
2025-03-06 00:19:05,520 | INFO : Avg batch val. time: 0.00824547067836479 seconds
2025-03-06 00:19:05,521 | INFO : Avg sample val. time: 0.00824547067836479 seconds
2025-03-06 00:19:05,522 | INFO : Epoch 53 Validation Summary: epoch: 53.000000 | loss: 0.994383 | 
2025-03-06 00:19:05,553 | INFO : Evaluating on validation set ...
2025-03-06 00:19:05,878 | INFO : Validation runtime: 0.0 hours, 0.0 minutes, 0.32474446296691895 seconds

2025-03-06 00:19:05,880 | INFO : Avg val. time: 0.0 hours, 0.0 minutes, 0.3297265659679066 seconds
2025-03-06 00:19:05,881 | INFO : Avg batch val. time: 0.008243164149197665 seconds
2025-03-06 00:19:05,882 | INFO : Avg sample val. time: 0.008243164149197665 seconds
2025-03-06 00:19:05,883 | INFO : Epoch 54 Validation Summary: epoch: 54.000000 | loss: 0.996280 | 
2025-03-06 00:19:05,914 | INFO : Evaluating on validation set ...
2025-03-06 00:19:06,244 | INFO : Validation runtime: 0.0 hours, 0.0 minutes, 0.32901453971862793 seconds

2025-03-06 00:19:06,245 | INFO : Avg val. time: 0.0 hours, 0.0 minutes, 0.3297138512134552 seconds
2025-03-06 00:19:06,246 | INFO : Avg batch val. time: 0.00824284628033638 seconds
2025-03-06 00:19:06,247 | INFO : Avg sample val. time: 0.00824284628033638 seconds
2025-03-06 00:19:06,248 | INFO : Epoch 55 Validation Summary: epoch: 55.000000 | loss: 0.998093 | 
2025-03-06 00:19:06,279 | INFO : Evaluating on validation set ...
2025-03-06 00:19:06,605 | INFO : Validation runtime: 0.0 hours, 0.0 minutes, 0.3243839740753174 seconds

2025-03-06 00:19:06,606 | INFO : Avg val. time: 0.0 hours, 0.0 minutes, 0.32962034459699663 seconds
2025-03-06 00:19:06,607 | INFO : Avg batch val. time: 0.008240508614924915 seconds
2025-03-06 00:19:06,608 | INFO : Avg sample val. time: 0.008240508614924915 seconds
2025-03-06 00:19:06,609 | INFO : Epoch 56 Validation Summary: epoch: 56.000000 | loss: 0.999802 | 
2025-03-06 00:19:06,639 | INFO : Evaluating on validation set ...
2025-03-06 00:19:06,966 | INFO : Validation runtime: 0.0 hours, 0.0 minutes, 0.3256535530090332 seconds

2025-03-06 00:19:06,968 | INFO : Avg val. time: 0.0 hours, 0.0 minutes, 0.3295519516385835 seconds
2025-03-06 00:19:06,969 | INFO : Avg batch val. time: 0.008238798790964588 seconds
2025-03-06 00:19:06,970 | INFO : Avg sample val. time: 0.008238798790964588 seconds
2025-03-06 00:19:06,971 | INFO : Epoch 57 Validation Summary: epoch: 57.000000 | loss: 1.001415 | 
2025-03-06 00:19:07,001 | INFO : Evaluating on validation set ...
2025-03-06 00:19:07,336 | INFO : Validation runtime: 0.0 hours, 0.0 minutes, 0.33362293243408203 seconds

2025-03-06 00:19:07,338 | INFO : Avg val. time: 0.0 hours, 0.0 minutes, 0.32962095131308344 seconds
2025-03-06 00:19:07,339 | INFO : Avg batch val. time: 0.008240523782827086 seconds
2025-03-06 00:19:07,340 | INFO : Avg sample val. time: 0.008240523782827086 seconds
2025-03-06 00:19:07,341 | INFO : Epoch 58 Validation Summary: epoch: 58.000000 | loss: 1.002906 | 
2025-03-06 00:19:07,371 | INFO : Evaluating on validation set ...
2025-03-06 00:19:07,704 | INFO : Validation runtime: 0.0 hours, 0.0 minutes, 0.33126354217529297 seconds

2025-03-06 00:19:07,705 | INFO : Avg val. time: 0.0 hours, 0.0 minutes, 0.3296483278274536 seconds
2025-03-06 00:19:07,707 | INFO : Avg batch val. time: 0.00824120819568634 seconds
2025-03-06 00:19:07,708 | INFO : Avg sample val. time: 0.00824120819568634 seconds
2025-03-06 00:19:07,709 | INFO : Epoch 59 Validation Summary: epoch: 59.000000 | loss: 1.004268 | 
2025-03-06 00:19:07,739 | INFO : Evaluating on validation set ...
2025-03-06 00:19:08,065 | INFO : Validation runtime: 0.0 hours, 0.0 minutes, 0.32478904724121094 seconds

2025-03-06 00:19:08,067 | INFO : Avg val. time: 0.0 hours, 0.0 minutes, 0.3295686674899742 seconds
2025-03-06 00:19:08,068 | INFO : Avg batch val. time: 0.008239216687249355 seconds
2025-03-06 00:19:08,069 | INFO : Avg sample val. time: 0.008239216687249355 seconds
2025-03-06 00:19:08,070 | INFO : Epoch 60 Validation Summary: epoch: 60.000000 | loss: 1.005498 | 
2025-03-06 00:19:08,100 | INFO : Evaluating on validation set ...
2025-03-06 00:19:08,422 | INFO : Validation runtime: 0.0 hours, 0.0 minutes, 0.3208019733428955 seconds

2025-03-06 00:19:08,424 | INFO : Avg val. time: 0.0 hours, 0.0 minutes, 0.3294272691972794 seconds
2025-03-06 00:19:08,425 | INFO : Avg batch val. time: 0.008235681729931985 seconds
2025-03-06 00:19:08,426 | INFO : Avg sample val. time: 0.008235681729931985 seconds
2025-03-06 00:19:08,427 | INFO : Epoch 61 Validation Summary: epoch: 61.000000 | loss: 1.006599 | 
2025-03-06 00:19:08,458 | INFO : Evaluating on validation set ...
2025-03-06 00:19:08,788 | INFO : Validation runtime: 0.0 hours, 0.0 minutes, 0.32874083518981934 seconds

2025-03-06 00:19:08,789 | INFO : Avg val. time: 0.0 hours, 0.0 minutes, 0.32941637341938323 seconds
2025-03-06 00:19:08,790 | INFO : Avg batch val. time: 0.00823540933548458 seconds
2025-03-06 00:19:08,791 | INFO : Avg sample val. time: 0.00823540933548458 seconds
2025-03-06 00:19:08,792 | INFO : Epoch 62 Validation Summary: epoch: 62.000000 | loss: 1.007606 | 
2025-03-06 00:19:08,823 | INFO : Evaluating on validation set ...
2025-03-06 00:19:09,154 | INFO : Validation runtime: 0.0 hours, 0.0 minutes, 0.32946062088012695 seconds

2025-03-06 00:19:09,155 | INFO : Avg val. time: 0.0 hours, 0.0 minutes, 0.32941706478595734 seconds
2025-03-06 00:19:09,156 | INFO : Avg batch val. time: 0.008235426619648933 seconds
2025-03-06 00:19:09,157 | INFO : Avg sample val. time: 0.008235426619648933 seconds
2025-03-06 00:19:09,158 | INFO : Epoch 63 Validation Summary: epoch: 63.000000 | loss: 1.008575 | 
2025-03-06 00:19:09,185 | INFO : Evaluating on validation set ...
2025-03-06 00:19:09,512 | INFO : Validation runtime: 0.0 hours, 0.0 minutes, 0.3257405757904053 seconds

2025-03-06 00:19:09,513 | INFO : Avg val. time: 0.0 hours, 0.0 minutes, 0.329360503416795 seconds
2025-03-06 00:19:09,514 | INFO : Avg batch val. time: 0.008234012585419875 seconds
2025-03-06 00:19:09,515 | INFO : Avg sample val. time: 0.008234012585419875 seconds
2025-03-06 00:19:09,516 | INFO : Epoch 64 Validation Summary: epoch: 64.000000 | loss: 1.009567 | 
2025-03-06 00:19:09,547 | INFO : Evaluating on validation set ...
2025-03-06 00:19:09,873 | INFO : Validation runtime: 0.0 hours, 0.0 minutes, 0.3254213333129883 seconds

2025-03-06 00:19:09,875 | INFO : Avg val. time: 0.0 hours, 0.0 minutes, 0.3293008190212828 seconds
2025-03-06 00:19:09,876 | INFO : Avg batch val. time: 0.008232520475532069 seconds
2025-03-06 00:19:09,877 | INFO : Avg sample val. time: 0.008232520475532069 seconds
2025-03-06 00:19:09,878 | INFO : Epoch 65 Validation Summary: epoch: 65.000000 | loss: 1.010612 | 
2025-03-06 00:19:09,908 | INFO : Evaluating on validation set ...
2025-03-06 00:19:10,229 | INFO : Validation runtime: 0.0 hours, 0.0 minutes, 0.31950807571411133 seconds

2025-03-06 00:19:10,230 | INFO : Avg val. time: 0.0 hours, 0.0 minutes, 0.32915465867341454 seconds
2025-03-06 00:19:10,232 | INFO : Avg batch val. time: 0.008228866466835363 seconds
2025-03-06 00:19:10,233 | INFO : Avg sample val. time: 0.008228866466835363 seconds
2025-03-06 00:19:10,234 | INFO : Epoch 66 Validation Summary: epoch: 66.000000 | loss: 1.011683 | 
2025-03-06 00:19:10,264 | INFO : Evaluating on validation set ...
2025-03-06 00:19:10,597 | INFO : Validation runtime: 0.0 hours, 0.0 minutes, 0.331636905670166 seconds

2025-03-06 00:19:10,598 | INFO : Avg val. time: 0.0 hours, 0.0 minutes, 0.3291911623057197 seconds
2025-03-06 00:19:10,599 | INFO : Avg batch val. time: 0.008229779057642992 seconds
2025-03-06 00:19:10,600 | INFO : Avg sample val. time: 0.008229779057642992 seconds
2025-03-06 00:19:10,602 | INFO : Epoch 67 Validation Summary: epoch: 67.000000 | loss: 1.012725 | 
2025-03-06 00:19:10,632 | INFO : Evaluating on validation set ...
2025-03-06 00:19:10,965 | INFO : Validation runtime: 0.0 hours, 0.0 minutes, 0.3316953182220459 seconds

2025-03-06 00:19:10,966 | INFO : Avg val. time: 0.0 hours, 0.0 minutes, 0.3292274544204491 seconds
2025-03-06 00:19:10,967 | INFO : Avg batch val. time: 0.008230686360511228 seconds
2025-03-06 00:19:10,969 | INFO : Avg sample val. time: 0.008230686360511228 seconds
2025-03-06 00:19:10,970 | INFO : Epoch 68 Validation Summary: epoch: 68.000000 | loss: 1.013676 | 
2025-03-06 00:19:11,000 | INFO : Evaluating on validation set ...
2025-03-06 00:19:11,328 | INFO : Validation runtime: 0.0 hours, 0.0 minutes, 0.3265717029571533 seconds

2025-03-06 00:19:11,329 | INFO : Avg val. time: 0.0 hours, 0.0 minutes, 0.32918951511383054 seconds
2025-03-06 00:19:11,330 | INFO : Avg batch val. time: 0.008229737877845764 seconds
2025-03-06 00:19:11,331 | INFO : Avg sample val. time: 0.008229737877845764 seconds
2025-03-06 00:19:11,332 | INFO : Epoch 69 Validation Summary: epoch: 69.000000 | loss: 1.014483 | 
2025-03-06 00:19:11,370 | INFO : Evaluating on validation set ...
2025-03-06 00:19:11,703 | INFO : Validation runtime: 0.0 hours, 0.0 minutes, 0.33142566680908203 seconds

2025-03-06 00:19:11,704 | INFO : Avg val. time: 0.0 hours, 0.0 minutes, 0.3292210102081299 seconds
2025-03-06 00:19:11,705 | INFO : Avg batch val. time: 0.008230525255203246 seconds
2025-03-06 00:19:11,706 | INFO : Avg sample val. time: 0.008230525255203246 seconds
2025-03-06 00:19:11,707 | INFO : Epoch 70 Validation Summary: epoch: 70.000000 | loss: 1.015162 | 
2025-03-06 00:19:11,737 | INFO : Evaluating on validation set ...
2025-03-06 00:19:12,061 | INFO : Validation runtime: 0.0 hours, 0.0 minutes, 0.32181549072265625 seconds

2025-03-06 00:19:12,062 | INFO : Avg val. time: 0.0 hours, 0.0 minutes, 0.32911815577083164 seconds
2025-03-06 00:19:12,063 | INFO : Avg batch val. time: 0.00822795389427079 seconds
2025-03-06 00:19:12,064 | INFO : Avg sample val. time: 0.00822795389427079 seconds
2025-03-06 00:19:12,065 | INFO : Epoch 71 Validation Summary: epoch: 71.000000 | loss: 1.015736 | 
2025-03-06 00:19:12,096 | INFO : Evaluating on validation set ...
2025-03-06 00:19:12,425 | INFO : Validation runtime: 0.0 hours, 0.0 minutes, 0.3280613422393799 seconds

2025-03-06 00:19:12,426 | INFO : Avg val. time: 0.0 hours, 0.0 minutes, 0.3291036788731405 seconds
2025-03-06 00:19:12,427 | INFO : Avg batch val. time: 0.008227591971828513 seconds
2025-03-06 00:19:12,429 | INFO : Avg sample val. time: 0.008227591971828513 seconds
2025-03-06 00:19:12,430 | INFO : Epoch 72 Validation Summary: epoch: 72.000000 | loss: 1.016230 | 
2025-03-06 00:19:12,460 | INFO : Evaluating on validation set ...
2025-03-06 00:19:12,785 | INFO : Validation runtime: 0.0 hours, 0.0 minutes, 0.32379746437072754 seconds

2025-03-06 00:19:12,787 | INFO : Avg val. time: 0.0 hours, 0.0 minutes, 0.32903197327175654 seconds
2025-03-06 00:19:12,788 | INFO : Avg batch val. time: 0.008225799331793914 seconds
2025-03-06 00:19:12,789 | INFO : Avg sample val. time: 0.008225799331793914 seconds
2025-03-06 00:19:12,790 | INFO : Epoch 73 Validation Summary: epoch: 73.000000 | loss: 1.016661 | 
2025-03-06 00:19:12,821 | INFO : Evaluating on validation set ...
2025-03-06 00:19:13,146 | INFO : Validation runtime: 0.0 hours, 0.0 minutes, 0.3241884708404541 seconds

2025-03-06 00:19:13,147 | INFO : Avg val. time: 0.0 hours, 0.0 minutes, 0.3289673932393392 seconds
2025-03-06 00:19:13,149 | INFO : Avg batch val. time: 0.00822418483098348 seconds
2025-03-06 00:19:13,150 | INFO : Avg sample val. time: 0.00822418483098348 seconds
2025-03-06 00:19:13,151 | INFO : Epoch 74 Validation Summary: epoch: 74.000000 | loss: 1.017021 | 
2025-03-06 00:19:13,181 | INFO : Evaluating on validation set ...
2025-03-06 00:19:13,515 | INFO : Validation runtime: 0.0 hours, 0.0 minutes, 0.332019567489624 seconds

2025-03-06 00:19:13,516 | INFO : Avg val. time: 0.0 hours, 0.0 minutes, 0.32900755342684296 seconds
2025-03-06 00:19:13,517 | INFO : Avg batch val. time: 0.008225188835671074 seconds
2025-03-06 00:19:13,518 | INFO : Avg sample val. time: 0.008225188835671074 seconds
2025-03-06 00:19:13,519 | INFO : Epoch 75 Validation Summary: epoch: 75.000000 | loss: 1.017304 | 
2025-03-06 00:19:13,550 | INFO : Evaluating on validation set ...
2025-03-06 00:19:13,883 | INFO : Validation runtime: 0.0 hours, 0.0 minutes, 0.33136725425720215 seconds

2025-03-06 00:19:13,884 | INFO : Avg val. time: 0.0 hours, 0.0 minutes, 0.3290381988921723 seconds
2025-03-06 00:19:13,885 | INFO : Avg batch val. time: 0.008225954972304307 seconds
2025-03-06 00:19:13,886 | INFO : Avg sample val. time: 0.008225954972304307 seconds
2025-03-06 00:19:13,887 | INFO : Epoch 76 Validation Summary: epoch: 76.000000 | loss: 1.017517 | 
2025-03-06 00:19:13,916 | INFO : Evaluating on validation set ...
2025-03-06 00:19:14,255 | INFO : Validation runtime: 0.0 hours, 0.0 minutes, 0.3375544548034668 seconds

2025-03-06 00:19:14,256 | INFO : Avg val. time: 0.0 hours, 0.0 minutes, 0.3291473816602658 seconds
2025-03-06 00:19:14,258 | INFO : Avg batch val. time: 0.008228684541506645 seconds
2025-03-06 00:19:14,259 | INFO : Avg sample val. time: 0.008228684541506645 seconds
2025-03-06 00:19:14,260 | INFO : Epoch 77 Validation Summary: epoch: 77.000000 | loss: 1.017682 | 
2025-03-06 00:19:14,290 | INFO : Evaluating on validation set ...
2025-03-06 00:19:14,622 | INFO : Validation runtime: 0.0 hours, 0.0 minutes, 0.3303837776184082 seconds

2025-03-06 00:19:14,623 | INFO : Avg val. time: 0.0 hours, 0.0 minutes, 0.32916303224201443 seconds
2025-03-06 00:19:14,625 | INFO : Avg batch val. time: 0.00822907580605036 seconds
2025-03-06 00:19:14,626 | INFO : Avg sample val. time: 0.00822907580605036 seconds
2025-03-06 00:19:14,627 | INFO : Epoch 78 Validation Summary: epoch: 78.000000 | loss: 1.017831 | 
2025-03-06 00:19:14,657 | INFO : Evaluating on validation set ...
2025-03-06 00:19:14,985 | INFO : Validation runtime: 0.0 hours, 0.0 minutes, 0.3268451690673828 seconds

2025-03-06 00:19:14,986 | INFO : Avg val. time: 0.0 hours, 0.0 minutes, 0.32913405895233155 seconds
2025-03-06 00:19:14,988 | INFO : Avg batch val. time: 0.00822835147380829 seconds
2025-03-06 00:19:14,989 | INFO : Avg sample val. time: 0.00822835147380829 seconds
2025-03-06 00:19:14,990 | INFO : Epoch 79 Validation Summary: epoch: 79.000000 | loss: 1.017985 | 
2025-03-06 00:19:15,020 | INFO : Evaluating on validation set ...
2025-03-06 00:19:15,348 | INFO : Validation runtime: 0.0 hours, 0.0 minutes, 0.3261580467224121 seconds

2025-03-06 00:19:15,349 | INFO : Avg val. time: 0.0 hours, 0.0 minutes, 0.32909731806060416 seconds
2025-03-06 00:19:15,350 | INFO : Avg batch val. time: 0.008227432951515104 seconds
2025-03-06 00:19:15,351 | INFO : Avg sample val. time: 0.008227432951515104 seconds
2025-03-06 00:19:15,352 | INFO : Epoch 80 Validation Summary: epoch: 80.000000 | loss: 1.018149 | 
2025-03-06 00:19:15,383 | INFO : Evaluating on validation set ...
2025-03-06 00:19:15,727 | INFO : Validation runtime: 0.0 hours, 0.0 minutes, 0.3425908088684082 seconds

2025-03-06 00:19:15,728 | INFO : Avg val. time: 0.0 hours, 0.0 minutes, 0.32926187282655295 seconds
2025-03-06 00:19:15,730 | INFO : Avg batch val. time: 0.008231546820663824 seconds
2025-03-06 00:19:15,731 | INFO : Avg sample val. time: 0.008231546820663824 seconds
2025-03-06 00:19:15,732 | INFO : Epoch 81 Validation Summary: epoch: 81.000000 | loss: 1.018311 | 
2025-03-06 00:19:15,764 | INFO : Evaluating on validation set ...
2025-03-06 00:19:16,092 | INFO : Validation runtime: 0.0 hours, 0.0 minutes, 0.32617974281311035 seconds

2025-03-06 00:19:16,093 | INFO : Avg val. time: 0.0 hours, 0.0 minutes, 0.32922473873000546 seconds
2025-03-06 00:19:16,094 | INFO : Avg batch val. time: 0.008230618468250137 seconds
2025-03-06 00:19:16,095 | INFO : Avg sample val. time: 0.008230618468250137 seconds
2025-03-06 00:19:16,097 | INFO : Epoch 82 Validation Summary: epoch: 82.000000 | loss: 1.018458 | 
2025-03-06 00:19:16,127 | INFO : Evaluating on validation set ...
2025-03-06 00:19:16,454 | INFO : Validation runtime: 0.0 hours, 0.0 minutes, 0.3262360095977783 seconds

2025-03-06 00:19:16,456 | INFO : Avg val. time: 0.0 hours, 0.0 minutes, 0.3291891586212885 seconds
2025-03-06 00:19:16,457 | INFO : Avg batch val. time: 0.008229728965532212 seconds
2025-03-06 00:19:16,458 | INFO : Avg sample val. time: 0.008229728965532212 seconds
2025-03-06 00:19:16,459 | INFO : Epoch 83 Validation Summary: epoch: 83.000000 | loss: 1.018582 | 
2025-03-06 00:19:16,489 | INFO : Evaluating on validation set ...
2025-03-06 00:19:16,818 | INFO : Validation runtime: 0.0 hours, 0.0 minutes, 0.3270540237426758 seconds

2025-03-06 00:19:16,819 | INFO : Avg val. time: 0.0 hours, 0.0 minutes, 0.32916403938742245 seconds
2025-03-06 00:19:16,820 | INFO : Avg batch val. time: 0.008229100984685562 seconds
2025-03-06 00:19:16,821 | INFO : Avg sample val. time: 0.008229100984685562 seconds
2025-03-06 00:19:16,822 | INFO : Epoch 84 Validation Summary: epoch: 84.000000 | loss: 1.018684 | 
2025-03-06 00:19:16,852 | INFO : Evaluating on validation set ...
2025-03-06 00:19:17,181 | INFO : Validation runtime: 0.0 hours, 0.0 minutes, 0.32674479484558105 seconds

2025-03-06 00:19:17,182 | INFO : Avg val. time: 0.0 hours, 0.0 minutes, 0.3291359086369359 seconds
2025-03-06 00:19:17,183 | INFO : Avg batch val. time: 0.008228397715923399 seconds
2025-03-06 00:19:17,184 | INFO : Avg sample val. time: 0.008228397715923399 seconds
2025-03-06 00:19:17,186 | INFO : Epoch 85 Validation Summary: epoch: 85.000000 | loss: 1.018768 | 
2025-03-06 00:19:17,216 | INFO : Evaluating on validation set ...
2025-03-06 00:19:17,540 | INFO : Validation runtime: 0.0 hours, 0.0 minutes, 0.32347774505615234 seconds

2025-03-06 00:19:17,542 | INFO : Avg val. time: 0.0 hours, 0.0 minutes, 0.3290708722739384 seconds
2025-03-06 00:19:17,543 | INFO : Avg batch val. time: 0.00822677180684846 seconds
2025-03-06 00:19:17,544 | INFO : Avg sample val. time: 0.00822677180684846 seconds
2025-03-06 00:19:17,545 | INFO : Epoch 86 Validation Summary: epoch: 86.000000 | loss: 1.018836 | 
2025-03-06 00:19:17,575 | INFO : Evaluating on validation set ...
2025-03-06 00:19:17,894 | INFO : Validation runtime: 0.0 hours, 0.0 minutes, 0.3173708915710449 seconds

2025-03-06 00:19:17,895 | INFO : Avg val. time: 0.0 hours, 0.0 minutes, 0.32893791794776917 seconds
2025-03-06 00:19:17,896 | INFO : Avg batch val. time: 0.008223447948694229 seconds
2025-03-06 00:19:17,897 | INFO : Avg sample val. time: 0.008223447948694229 seconds
2025-03-06 00:19:17,899 | INFO : Epoch 87 Validation Summary: epoch: 87.000000 | loss: 1.018889 | 
2025-03-06 00:19:17,929 | INFO : Evaluating on validation set ...
2025-03-06 00:19:18,257 | INFO : Validation runtime: 0.0 hours, 0.0 minutes, 0.32708191871643066 seconds

2025-03-06 00:19:18,258 | INFO : Avg val. time: 0.0 hours, 0.0 minutes, 0.32891706402382154 seconds
2025-03-06 00:19:18,260 | INFO : Avg batch val. time: 0.008222926600595539 seconds
2025-03-06 00:19:18,261 | INFO : Avg sample val. time: 0.008222926600595539 seconds
2025-03-06 00:19:18,262 | INFO : Epoch 88 Validation Summary: epoch: 88.000000 | loss: 1.018931 | 
2025-03-06 00:19:18,292 | INFO : Evaluating on validation set ...
2025-03-06 00:19:18,622 | INFO : Validation runtime: 0.0 hours, 0.0 minutes, 0.32858848571777344 seconds

2025-03-06 00:19:18,623 | INFO : Avg val. time: 0.0 hours, 0.0 minutes, 0.32891341315375433 seconds
2025-03-06 00:19:18,624 | INFO : Avg batch val. time: 0.008222835328843858 seconds
2025-03-06 00:19:18,625 | INFO : Avg sample val. time: 0.008222835328843858 seconds
2025-03-06 00:19:18,627 | INFO : Epoch 89 Validation Summary: epoch: 89.000000 | loss: 1.018969 | 
2025-03-06 00:19:18,657 | INFO : Evaluating on validation set ...
2025-03-06 00:19:18,988 | INFO : Validation runtime: 0.0 hours, 0.0 minutes, 0.3300321102142334 seconds

2025-03-06 00:19:18,990 | INFO : Avg val. time: 0.0 hours, 0.0 minutes, 0.3289257065280453 seconds
2025-03-06 00:19:18,991 | INFO : Avg batch val. time: 0.008223142663201132 seconds
2025-03-06 00:19:18,992 | INFO : Avg sample val. time: 0.008223142663201132 seconds
2025-03-06 00:19:18,993 | INFO : Epoch 90 Validation Summary: epoch: 90.000000 | loss: 1.019010 | 
2025-03-06 00:19:19,023 | INFO : Evaluating on validation set ...
2025-03-06 00:19:19,344 | INFO : Validation runtime: 0.0 hours, 0.0 minutes, 0.31977391242980957 seconds

2025-03-06 00:19:19,346 | INFO : Avg val. time: 0.0 hours, 0.0 minutes, 0.3288262305052384 seconds
2025-03-06 00:19:19,347 | INFO : Avg batch val. time: 0.00822065576263096 seconds
2025-03-06 00:19:19,348 | INFO : Avg sample val. time: 0.00822065576263096 seconds
2025-03-06 00:19:19,349 | INFO : Epoch 91 Validation Summary: epoch: 91.000000 | loss: 1.019052 | 
2025-03-06 00:19:19,380 | INFO : Evaluating on validation set ...
2025-03-06 00:19:19,705 | INFO : Validation runtime: 0.0 hours, 0.0 minutes, 0.32384538650512695 seconds

2025-03-06 00:19:19,706 | INFO : Avg val. time: 0.0 hours, 0.0 minutes, 0.3287726730428716 seconds
2025-03-06 00:19:19,707 | INFO : Avg batch val. time: 0.00821931682607179 seconds
2025-03-06 00:19:19,708 | INFO : Avg sample val. time: 0.00821931682607179 seconds
2025-03-06 00:19:19,709 | INFO : Epoch 92 Validation Summary: epoch: 92.000000 | loss: 1.019089 | 
2025-03-06 00:19:19,739 | INFO : Evaluating on validation set ...
2025-03-06 00:19:20,062 | INFO : Validation runtime: 0.0 hours, 0.0 minutes, 0.3216695785522461 seconds

2025-03-06 00:19:20,064 | INFO : Avg val. time: 0.0 hours, 0.0 minutes, 0.32869710820786496 seconds
2025-03-06 00:19:20,065 | INFO : Avg batch val. time: 0.008217427705196624 seconds
2025-03-06 00:19:20,066 | INFO : Avg sample val. time: 0.008217427705196624 seconds
2025-03-06 00:19:20,067 | INFO : Epoch 93 Validation Summary: epoch: 93.000000 | loss: 1.019110 | 
2025-03-06 00:19:20,097 | INFO : Evaluating on validation set ...
2025-03-06 00:19:20,422 | INFO : Validation runtime: 0.0 hours, 0.0 minutes, 0.3238637447357178 seconds

2025-03-06 00:19:20,424 | INFO : Avg val. time: 0.0 hours, 0.0 minutes, 0.3286462306976318 seconds
2025-03-06 00:19:20,425 | INFO : Avg batch val. time: 0.008216155767440796 seconds
2025-03-06 00:19:20,426 | INFO : Avg sample val. time: 0.008216155767440796 seconds
2025-03-06 00:19:20,427 | INFO : Epoch 94 Validation Summary: epoch: 94.000000 | loss: 1.019114 | 
2025-03-06 00:19:20,458 | INFO : Evaluating on validation set ...
2025-03-06 00:19:20,785 | INFO : Validation runtime: 0.0 hours, 0.0 minutes, 0.32624244689941406 seconds

2025-03-06 00:19:20,787 | INFO : Avg val. time: 0.0 hours, 0.0 minutes, 0.32862119128306705 seconds
2025-03-06 00:19:20,788 | INFO : Avg batch val. time: 0.008215529782076677 seconds
2025-03-06 00:19:20,789 | INFO : Avg sample val. time: 0.008215529782076677 seconds
2025-03-06 00:19:20,790 | INFO : Epoch 95 Validation Summary: epoch: 95.000000 | loss: 1.019108 | 
2025-03-06 00:19:20,820 | INFO : Evaluating on validation set ...
2025-03-06 00:19:21,148 | INFO : Validation runtime: 0.0 hours, 0.0 minutes, 0.32645273208618164 seconds

2025-03-06 00:19:21,149 | INFO : Avg val. time: 0.0 hours, 0.0 minutes, 0.3285988360336146 seconds
2025-03-06 00:19:21,151 | INFO : Avg batch val. time: 0.008214970900840366 seconds
2025-03-06 00:19:21,152 | INFO : Avg sample val. time: 0.008214970900840366 seconds
2025-03-06 00:19:21,153 | INFO : Epoch 96 Validation Summary: epoch: 96.000000 | loss: 1.019107 | 
2025-03-06 00:19:21,183 | INFO : Evaluating on validation set ...
2025-03-06 00:19:21,510 | INFO : Validation runtime: 0.0 hours, 0.0 minutes, 0.3260660171508789 seconds

2025-03-06 00:19:21,512 | INFO : Avg val. time: 0.0 hours, 0.0 minutes, 0.3285729909429745 seconds
2025-03-06 00:19:21,513 | INFO : Avg batch val. time: 0.008214324773574363 seconds
2025-03-06 00:19:21,514 | INFO : Avg sample val. time: 0.008214324773574363 seconds
2025-03-06 00:19:21,515 | INFO : Epoch 97 Validation Summary: epoch: 97.000000 | loss: 1.019122 | 
2025-03-06 00:19:21,545 | INFO : Evaluating on validation set ...
2025-03-06 00:19:21,873 | INFO : Validation runtime: 0.0 hours, 0.0 minutes, 0.3258957862854004 seconds

2025-03-06 00:19:21,874 | INFO : Avg val. time: 0.0 hours, 0.0 minutes, 0.32854594847168583 seconds
2025-03-06 00:19:21,875 | INFO : Avg batch val. time: 0.008213648711792147 seconds
2025-03-06 00:19:21,876 | INFO : Avg sample val. time: 0.008213648711792147 seconds
2025-03-06 00:19:21,878 | INFO : Epoch 98 Validation Summary: epoch: 98.000000 | loss: 1.019155 | 
2025-03-06 00:19:21,908 | INFO : Evaluating on validation set ...
2025-03-06 00:19:22,237 | INFO : Validation runtime: 0.0 hours, 0.0 minutes, 0.32770681381225586 seconds

2025-03-06 00:19:22,238 | INFO : Avg val. time: 0.0 hours, 0.0 minutes, 0.32853755712509153 seconds
2025-03-06 00:19:22,239 | INFO : Avg batch val. time: 0.008213438928127289 seconds
2025-03-06 00:19:22,241 | INFO : Avg sample val. time: 0.008213438928127289 seconds
2025-03-06 00:19:22,242 | INFO : Epoch 99 Validation Summary: epoch: 99.000000 | loss: 1.019197 | 
